pair_id,front_image,rear_image,front_target_bbox_xyxy,rear_candidates,front_mask,road_context,time_of_day,weather
P0001,data/camera_splits/2026_02_09_18_53_11_b5329d02/FL/fl_000915.jpg,data/camera_splits/2026_02_09_18_53_11_b5329d02/RL/rl_000926.jpg,"[413.662, 237.403, 494.269, 275.918]","[{""candidate_id"": ""C1"", ""bbox_xyxy"": [0.0, 114.154, 82.707, 191.047]}, {""candidate_id"": ""C2"", ""bbox_xyxy"": [204.577, 160.221, 228.088, 174.155]}, {""candidate_id"": ""C3"", ""bbox_xyxy"": [314.524, 166.815, 339.466, 183.516]}, {""candidate_id"": ""C4"", ""bbox_xyxy"": [314.529, 166.905, 339.469, 183.564]}]",data/object_detections/2026_02_09_18_53_11_b5329d02/masks/FL/2026_02_09_18_53_11_b5329d02_f000915_fl_truck_001.png,highway,dawn_dusk,clear
P0002,data/camera_splits/2026_02_09_18_53_11_b5329d02/FL/fl_000915.jpg,data/camera_splits/2026_02_09_18_53_11_b5329d02/RL/rl_000929.jpg,"[413.662, 237.403, 494.269, 275.918]","[{""candidate_id"": ""C1"", ""bbox_xyxy"": [57.068, 135.695, 158.103, 183.484]}, {""candidate_id"": ""C2"", ""bbox_xyxy"": [217.247, 167.855, 235.464, 174.112]}, {""candidate_id"": ""C3"", ""bbox_xyxy"": [310.69, 167.683, 332.394, 182.033]}]",data/object_detections/2026_02_09_18_53_11_b5329d02/masks/FL/2026_02_09_18_53_11_b5329d02_f000915_fl_truck_001.png,highway,dawn_dusk,clear
P0003,data/camera_splits/2026_02_09_18_53_11_b5329d02/FL/fl_000940.jpg,data/camera_splits/2026_02_09_18_53_11_b5329d02/RL/rl_000960.jpg,"[403.912, 240.652, 479.016, 274.005]","[{""candidate_id"": ""C1"", ""bbox_xyxy"": [120.107, 149.091, 187.683, 179.28]}, {""candidate_id"": ""C2"", ""bbox_xyxy"": [289.706, 168.743, 298.542, 174.58]}, {""candidate_id"": ""C3"", ""bbox_xyxy"": [392.167, 155.328, 470.257, 195.261]}]",data/object_detections/2026_02_09_18_53_11_b5329d02/masks/FL/2026_02_09_18_53_11_b5329d02_f000940_fl_truck_001.png,highway,dawn_dusk,clear
P0004,data/camera_splits/2026_02_09_18_53_11_b5329d02/FL/fl_000945.jpg,data/camera_splits/2026_02_09_18_53_11_b5329d02/RL/rl_000960.jpg,"[200.096, 262.959, 228.971, 286.006]","[{""candidate_id"": ""C1"", ""bbox_xyxy"": [120.107, 149.091, 187.683, 179.28]}, {""candidate_id"": ""C2"", ""bbox_xyxy"": [289.706, 168.743, 298.542, 174.58]}, {""candidate_id"": ""C3"", ""bbox_xyxy"": [392.167, 155.328, 470.257, 195.261]}]",data/object_detections/2026_02_09_18_53_11_b5329d02/masks/FL/2026_02_09_18_53_11_b5329d02_f000945_fl_truck_001.png,highway,dawn_dusk,clear
P0005,data/camera_splits/2026_02_09_18_53_11_b5329d02/FL/fl_001867.jpg,data/camera_splits/2026_02_09_18_53_11_b5329d02/RL/rl_001889.jpg,"[118.677, 195.146, 233.634, 296.195]","[{""candidate_id"": ""C1"", ""bbox_xyxy"": [144.125, 158.637, 171.396, 171.069]}, {""candidate_id"": ""C2"", ""bbox_xyxy"": [317.638, 118.792, 439.75, 187.791]}, {""candidate_id"": ""C3"", ""bbox_xyxy"": [440.27, 164.509, 560.159, 211.217]}]",data/object_detections/2026_02_09_18_53_11_b5329d02/masks/FL/2026_02_09_18_53_11_b5329d02_f001867_fl_truck_003.png,highway,dawn_dusk,clear
P0006,data/camera_splits/2026_02_09_18_53_11_b5329d02/FL/fl_001876.jpg,data/camera_splits/2026_02_09_18_53_11_b5329d02/RL/rl_001889.jpg,"[146.876, 265.343, 206.452, 293.466]","[{""candidate_id"": ""C1"", ""bbox_xyxy"": [144.125, 158.637, 171.396, 171.069]}, {""candidate_id"": ""C2"", ""bbox_xyxy"": [317.638, 118.792, 439.75, 187.791]}, {""candidate_id"": ""C3"", ""bbox_xyxy"": [440.27, 164.509, 560.159, 211.217]}]",data/object_detections/2026_02_09_18_53_11_b5329d02/masks/FL/2026_02_09_18_53_11_b5329d02_f001876_fl_car_005.png,highway,dawn_dusk,clear
P0007,data/camera_splits/2026_02_09_18_53_11_b5329d02/FL/fl_001876.jpg,data/camera_splits/2026_02_09_18_53_11_b5329d02/RL/rl_001889.jpg,"[0.0, 97.832, 134.843, 330.583]","[{""candidate_id"": ""C1"", ""bbox_xyxy"": [144.125, 158.637, 171.396, 171.069]}, {""candidate_id"": ""C2"", ""bbox_xyxy"": [317.638, 118.792, 439.75, 187.791]}, {""candidate_id"": ""C3"", ""bbox_xyxy"": [440.27, 164.509, 560.159, 211.217]}]",data/object_detections/2026_02_09_18_53_11_b5329d02/masks/FL/2026_02_09_18_53_11_b5329d02_f001876_fl_truck_004.png,highway,dawn_dusk,clear
P0008,data/camera_splits/2026_02_09_18_53_11_b5329d02/FL/fl_002194.jpg,data/camera_splits/2026_02_09_18_53_11_b5329d02/RL/rl_002225.jpg,"[507.645, 234.99, 640.0, 274.03]","[{""candidate_id"": ""C1"", ""bbox_xyxy"": [18.559, 153.791, 96.426, 177.116]}, {""candidate_id"": ""C2"", ""bbox_xyxy"": [139.053, 158.733, 167.477, 173.05]}, {""candidate_id"": ""C3"", ""bbox_xyxy"": [167.327, 163.375, 185.725, 173.493]}, {""candidate_id"": ""C4"", ""bbox_xyxy"": [194.839, 171.68, 202.288, 200.028]}, {""candidate_id"": ""C5"", ""bbox_xyxy"": [229.724, 172.215, 234.566, 188.235]}, {""candidate_id"": ""C6"", ""bbox_xyxy"": [273.227, 159.612, 283.581, 174.81]}, {""candidate_id"": ""C7"", ""bbox_xyxy"": [331.395, 172.045, 335.923, 187.88]}, {""candidate_id"": ""C8"", ""bbox_xyxy"": [365.349, 173.138, 373.326, 199.397]}, {""candidate_id"": ""C9"", ""bbox_xyxy"": [550.605, 183.463, 575.744, 224.09]}]",data/object_detections/2026_02_09_18_53_11_b5329d02/masks/FL/2026_02_09_18_53_11_b5329d02_f002194_fl_truck_002.png,highway,dawn_dusk,clear
P0009,data/camera_splits/2026_02_09_18_53_11_b5329d02/FL/fl_002761.jpg,data/camera_splits/2026_02_09_18_53_11_b5329d02/RL/rl_002814.jpg,"[495.412, 250.766, 621.532, 280.198]","[{""candidate_id"": ""C1"", ""bbox_xyxy"": [0.0, 167.213, 26.283, 187.646]}, {""candidate_id"": ""C2"", ""bbox_xyxy"": [45.293, 162.779, 111.476, 183.876]}, {""candidate_id"": ""C3"", ""bbox_xyxy"": [126.728, 165.567, 154.259, 179.695]}, {""candidate_id"": ""C4"", ""bbox_xyxy"": [154.868, 167.508, 176.646, 178.527]}, {""candidate_id"": ""C5"", ""bbox_xyxy"": [337.931, 175.536, 345.013, 198.889]}]",data/object_detections/2026_02_09_18_53_11_b5329d02/masks/FL/2026_02_09_18_53_11_b5329d02_f002761_fl_truck_001.png,highway,dawn_dusk,clear
P0010,data/camera_splits/2026_02_09_18_53_11_b5329d02/FL/fl_002845.jpg,data/camera_splits/2026_02_09_18_53_11_b5329d02/RL/rl_002864.jpg,"[567.534, 257.825, 627.202, 280.44]","[{""candidate_id"": ""C1"", ""bbox_xyxy"": [11.636, 162.535, 62.391, 186.068]}, {""candidate_id"": ""C2"", ""bbox_xyxy"": [37.566, 162.593, 62.367, 182.991]}, {""candidate_id"": ""C3"", ""bbox_xyxy"": [77.44, 169.781, 106.642, 182.913]}, {""candidate_id"": ""C4"", ""bbox_xyxy"": [104.791, 160.75, 146.773, 180.647]}, {""candidate_id"": ""C5"", ""bbox_xyxy"": [158.295, 164.032, 181.55, 177.333]}, {""candidate_id"": ""C6"", ""bbox_xyxy"": [339.154, 174.665, 346.932, 197.824]}]",data/object_detections/2026_02_09_18_53_11_b5329d02/masks/FL/2026_02_09_18_53_11_b5329d02_f002845_fl_delivery_van_004.png,highway,dawn_dusk,clear
P0011,data/camera_splits/2026_02_10_22_11_01_aae7f50b/FL/fl_000315.jpg,data/camera_splits/2026_02_10_22_11_01_aae7f50b/RL/rl_000024.jpg,"[0.72, 9.216, 299.472, 338.091]","[{""candidate_id"": ""C1"", ""bbox_xyxy"": [41.392, 152.607, 143.201, 225.392]}, {""candidate_id"": ""C2"", ""bbox_xyxy"": [360.552, 88.588, 536.789, 166.935]}, {""candidate_id"": ""C3"", ""bbox_xyxy"": [378.235, 141.243, 637.198, 224.019]}]",data/object_detections/2026_02_10_22_11_01_aae7f50b/masks/FL/2026_02_10_22_11_01_aae7f50b_f000315_fl_truck_002.png,highway,night,clear
P0012,data/camera_splits/2026_02_10_22_11_01_aae7f50b/FL/fl_000315.jpg,data/camera_splits/2026_02_10_22_11_01_aae7f50b/RL/rl_000058.jpg,"[0.72, 9.216, 299.472, 338.091]","[{""candidate_id"": ""C1"", ""bbox_xyxy"": [43.69, 153.691, 146.087, 226.477]}, {""candidate_id"": ""C2"", ""bbox_xyxy"": [375.094, 48.324, 637.135, 206.527]}, {""candidate_id"": ""C3"", ""bbox_xyxy"": [458.401, 112.768, 639.891, 226.58]}]",data/object_detections/2026_02_10_22_11_01_aae7f50b/masks/FL/2026_02_10_22_11_01_aae7f50b_f000315_fl_truck_002.png,highway,night,clear
P0013,data/camera_splits/2026_02_19_09_45_44_a7db1ffb/FL/fl_000351.jpg,data/camera_splits/2026_02_19_09_45_44_a7db1ffb/RL/rl_000406.jpg,"[670.849, 320.814, 775.771, 381.436]","[{""candidate_id"": ""C1"", ""bbox_xyxy"": [4.374, 122.921, 261.367, 243.634]}, {""candidate_id"": ""C2"", ""bbox_xyxy"": [375.158, 207.7, 466.765, 248.799]}, {""candidate_id"": ""C3"", ""bbox_xyxy"": [646.634, 233.408, 675.468, 256.629]}, {""candidate_id"": ""C4"", ""bbox_xyxy"": [817.292, 255.636, 854.125, 281.158]}, {""candidate_id"": ""C5"", ""bbox_xyxy"": [870.628, 258.052, 893.727, 273.865]}]",data/object_detections/2026_02_19_09_45_44_a7db1ffb/masks/FL/2026_02_19_09_45_44_a7db1ffb_f000351_fl_truck_001.png,suburban,day,clear
P0014,data/camera_splits/2026_02_19_09_45_44_a7db1ffb/FL/fl_000351.jpg,data/camera_splits/2026_02_19_09_45_44_a7db1ffb/RL/rl_000455.jpg,"[783.482, 325.384, 959.879, 391.563]","[{""candidate_id"": ""C1"", ""bbox_xyxy"": [0.0, 178.991, 42.753, 240.985]}, {""candidate_id"": ""C2"", ""bbox_xyxy"": [325.129, 182.599, 464.509, 249.391]}, {""candidate_id"": ""C3"", ""bbox_xyxy"": [515.843, 254.138, 654.34, 326.322]}, {""candidate_id"": ""C4"", ""bbox_xyxy"": [540.031, 219.371, 624.103, 250.85]}, {""candidate_id"": ""C5"", ""bbox_xyxy"": [663.356, 232.663, 752.159, 271.471]}, {""candidate_id"": ""C6"", ""bbox_xyxy"": [775.825, 231.161, 811.734, 255.852]}, {""candidate_id"": ""C7"", ""bbox_xyxy"": [825.526, 233.997, 866.147, 257.801]}, {""candidate_id"": ""C8"", ""bbox_xyxy"": [877.071, 253.4, 957.499, 289.007]}]",data/object_detections/2026_02_19_09_45_44_a7db1ffb/masks/FL/2026_02_19_09_45_44_a7db1ffb_f000351_fl_truck_003.png,suburban,day,clear
P0015,data/camera_splits/2026_02_19_09_45_44_a7db1ffb/FL/fl_000402.jpg,data/camera_splits/2026_02_19_09_45_44_a7db1ffb/RL/rl_000428.jpg,"[481.049, 331.017, 628.26, 394.49]","[{""candidate_id"": ""C1"", ""bbox_xyxy"": [59.786, 208.463, 324.283, 324.462]}, {""candidate_id"": ""C2"", ""bbox_xyxy"": [306.309, 181.155, 452.163, 251.669]}, {""candidate_id"": ""C3"", ""bbox_xyxy"": [539.976, 221.933, 614.375, 255.076]}, {""candidate_id"": ""C4"", ""bbox_xyxy"": [764.41, 235.217, 800.236, 260.784]}, {""candidate_id"": ""C5"", ""bbox_xyxy"": [814.034, 238.505, 852.692, 261.404]}, {""candidate_id"": ""C6"", ""bbox_xyxy"": [827.037, 260.0, 911.34, 300.348]}]",data/object_detections/2026_02_19_09_45_44_a7db1ffb/masks/FL/2026_02_19_09_45_44_a7db1ffb_f000402_fl_car_004.png,suburban,day,clear
P0016,data/camera_splits/2026_02_19_09_45_44_a7db1ffb/FL/fl_000402.jpg,data/camera_splits/2026_02_19_09_45_44_a7db1ffb/RL/rl_000443.jpg,"[481.049, 331.017, 628.26, 394.49]","[{""candidate_id"": ""C1"", ""bbox_xyxy"": [325.338, 183.482, 464.792, 249.181]}, {""candidate_id"": ""C2"", ""bbox_xyxy"": [477.021, 228.022, 584.515, 275.086]}, {""candidate_id"": ""C3"", ""bbox_xyxy"": [540.17, 219.911, 624.154, 254.118]}, {""candidate_id"": ""C4"", ""bbox_xyxy"": [650.421, 255.629, 759.436, 308.968]}, {""candidate_id"": ""C5"", ""bbox_xyxy"": [775.76, 231.674, 811.706, 256.86]}, {""candidate_id"": ""C6"", ""bbox_xyxy"": [825.771, 234.6, 865.983, 258.518]}]",data/object_detections/2026_02_19_09_45_44_a7db1ffb/masks/FL/2026_02_19_09_45_44_a7db1ffb_f000402_fl_car_004.png,suburban,day,clear
P0017,data/camera_splits/2026_02_19_09_45_44_a7db1ffb/FL/fl_000402.jpg,data/camera_splits/2026_02_19_09_45_44_a7db1ffb/RL/rl_000455.jpg,"[481.049, 331.017, 628.26, 394.49]","[{""candidate_id"": ""C1"", ""bbox_xyxy"": [0.0, 178.991, 42.753, 240.985]}, {""candidate_id"": ""C2"", ""bbox_xyxy"": [325.129, 182.599, 464.509, 249.391]}, {""candidate_id"": ""C3"", ""bbox_xyxy"": [515.843, 254.138, 654.34, 326.322]}, {""candidate_id"": ""C4"", ""bbox_xyxy"": [540.031, 219.371, 624.103, 250.85]}, {""candidate_id"": ""C5"", ""bbox_xyxy"": [663.356, 232.663, 752.159, 271.471]}, {""candidate_id"": ""C6"", ""bbox_xyxy"": [775.825, 231.161, 811.734, 255.852]}, {""candidate_id"": ""C7"", ""bbox_xyxy"": [825.526, 233.997, 866.147, 257.801]}, {""candidate_id"": ""C8"", ""bbox_xyxy"": [877.071, 253.4, 957.499, 289.007]}]",data/object_detections/2026_02_19_09_45_44_a7db1ffb/masks/FL/2026_02_19_09_45_44_a7db1ffb_f000402_fl_car_004.png,suburban,day,clear
P0018,data/camera_splits/2026_02_19_09_45_44_a7db1ffb/FL/fl_000406.jpg,data/camera_splits/2026_02_19_09_45_44_a7db1ffb/RL/rl_000455.jpg,"[598.05, 322.352, 828.045, 420.174]","[{""candidate_id"": ""C1"", ""bbox_xyxy"": [0.0, 178.991, 42.753, 240.985]}, {""candidate_id"": ""C2"", ""bbox_xyxy"": [325.129, 182.599, 464.509, 249.391]}, {""candidate_id"": ""C3"", ""bbox_xyxy"": [515.843, 254.138, 654.34, 326.322]}, {""candidate_id"": ""C4"", ""bbox_xyxy"": [540.031, 219.371, 624.103, 250.85]}, {""candidate_id"": ""C5"", ""bbox_xyxy"": [663.356, 232.663, 752.159, 271.471]}, {""candidate_id"": ""C6"", ""bbox_xyxy"": [775.825, 231.161, 811.734, 255.852]}, {""candidate_id"": ""C7"", ""bbox_xyxy"": [825.526, 233.997, 866.147, 257.801]}, {""candidate_id"": ""C8"", ""bbox_xyxy"": [877.071, 253.4, 957.499, 289.007]}]",data/object_detections/2026_02_19_09_45_44_a7db1ffb/masks/FL/2026_02_19_09_45_44_a7db1ffb_f000406_fl_car_005.png,suburban,day,clear
P0019,data/camera_splits/2026_02_19_09_45_44_a7db1ffb/FL/fl_000408.jpg,data/camera_splits/2026_02_19_09_45_44_a7db1ffb/RL/rl_000447.jpg,"[665.367, 320.332, 960.0, 445.821]","[{""candidate_id"": ""C1"", ""bbox_xyxy"": [0.0, 179.071, 42.735, 241.079]}, {""candidate_id"": ""C2"", ""bbox_xyxy"": [325.178, 182.651, 464.649, 248.445]}, {""candidate_id"": ""C3"", ""bbox_xyxy"": [541.889, 229.377, 640.435, 269.829]}, {""candidate_id"": ""C4"", ""bbox_xyxy"": [603.22, 254.749, 720.385, 312.041]}, {""candidate_id"": ""C5"", ""bbox_xyxy"": [825.848, 234.177, 865.831, 258.146]}, {""candidate_id"": ""C6"", ""bbox_xyxy"": [942.652, 247.086, 960.0, 286.674]}]",data/object_detections/2026_02_19_09_45_44_a7db1ffb/masks/FL/2026_02_19_09_45_44_a7db1ffb_f000408_fl_car_006.png,suburban,day,clear
P0020,data/camera_splits/2026_02_19_09_46_33_5e8a0f05/FL/fl_000099.jpg,data/camera_splits/2026_02_19_09_46_33_5e8a0f05/RL/rl_000181.jpg,"[52.74, 399.999, 112.505, 421.678]","[{""candidate_id"": ""C1"", ""bbox_xyxy"": [20.628, 248.855, 123.093, 282.22]}, {""candidate_id"": ""C2"", ""bbox_xyxy"": [178.474, 255.405, 238.887, 282.425]}, {""candidate_id"": ""C3"", ""bbox_xyxy"": [344.556, 260.015, 390.5, 294.338]}, {""candidate_id"": ""C4"", ""bbox_xyxy"": [403.157, 265.259, 422.23, 281.017]}, {""candidate_id"": ""C5"", ""bbox_xyxy"": [426.955, 266.867, 455.353, 292.584]}, {""candidate_id"": ""C6"", ""bbox_xyxy"": [455.427, 269.89, 493.3, 287.862]}, {""candidate_id"": ""C7"", ""bbox_xyxy"": [622.878, 259.794, 642.4, 326.551]}, {""candidate_id"": ""C8"", ""bbox_xyxy"": [640.006, 265.412, 654.84, 320.297]}, {""candidate_id"": ""C9"", ""bbox_xyxy"": [640.717, 267.613, 655.094, 319.52]}, {""candidate_id"": ""C10"", ""bbox_xyxy"": [784.239, 296.191, 799.1, 327.229]}]",data/object_detections/2026_02_19_09_46_33_5e8a0f05/masks/FL/2026_02_19_09_46_33_5e8a0f05_f000099_fl_car_001.png,suburban,day,clear
P0021,data/camera_splits/2026_02_19_09_46_33_5e8a0f05/FL/fl_000105.jpg,data/camera_splits/2026_02_19_09_46_33_5e8a0f05/RL/rl_000184.jpg,"[693.898, 393.151, 765.246, 441.111]","[{""candidate_id"": ""C1"", ""bbox_xyxy"": [70.159, 250.441, 154.075, 280.089]}, {""candidate_id"": ""C2"", ""bbox_xyxy"": [150.91, 242.942, 209.507, 275.579]}, {""candidate_id"": ""C3"", ""bbox_xyxy"": [202.437, 255.371, 254.873, 280.606]}, {""candidate_id"": ""C4"", ""bbox_xyxy"": [349.078, 260.021, 392.153, 292.814]}, {""candidate_id"": ""C5"", ""bbox_xyxy"": [403.894, 264.633, 421.839, 279.874]}, {""candidate_id"": ""C6"", ""bbox_xyxy"": [425.971, 266.052, 453.112, 291.172]}, {""candidate_id"": ""C7"", ""bbox_xyxy"": [452.636, 268.545, 480.036, 286.844]}, {""candidate_id"": ""C8"", ""bbox_xyxy"": [586.503, 263.867, 600.308, 311.58]}, {""candidate_id"": ""C9"", ""bbox_xyxy"": [745.289, 291.579, 757.788, 319.968]}]",data/object_detections/2026_02_19_09_46_33_5e8a0f05/masks/FL/2026_02_19_09_46_33_5e8a0f05_f000105_fl_car_003.png,suburban,day,clear
P0022,data/camera_splits/2026_02_19_09_46_33_5e8a0f05/FL/fl_000105.jpg,data/camera_splits/2026_02_19_09_46_33_5e8a0f05/RL/rl_000192.jpg,"[138.13, 392.389, 188.642, 414.667]","[{""candidate_id"": ""C1"", ""bbox_xyxy"": [161.29, 256.984, 215.649, 278.989]}, {""candidate_id"": ""C2"", ""bbox_xyxy"": [251.695, 260.382, 287.968, 279.472]}, {""candidate_id"": ""C3"", ""bbox_xyxy"": [360.023, 262.461, 395.413, 290.793]}, {""candidate_id"": ""C4"", ""bbox_xyxy"": [403.875, 266.779, 419.686, 279.568]}, {""candidate_id"": ""C5"", ""bbox_xyxy"": [424.603, 267.98, 449.444, 290.814]}, {""candidate_id"": ""C6"", ""bbox_xyxy"": [664.049, 284.472, 672.973, 309.858]}]",data/object_detections/2026_02_19_09_46_33_5e8a0f05/masks/FL/2026_02_19_09_46_33_5e8a0f05_f000105_fl_car_002.png,suburban,day,clear
P0023,data/camera_splits/2026_02_19_09_46_33_5e8a0f05/FL/fl_000106.jpg,data/camera_splits/2026_02_19_09_46_33_5e8a0f05/RL/rl_000145.jpg,"[712.48, 394.035, 788.711, 444.375]","[{""candidate_id"": ""C1"", ""bbox_xyxy"": [120.422, 230.514, 293.772, 338.835]}, {""candidate_id"": ""C2"", ""bbox_xyxy"": [324.728, 263.522, 347.267, 275.771]}, {""candidate_id"": ""C3"", ""bbox_xyxy"": [324.778, 263.516, 347.214, 275.743]}, {""candidate_id"": ""C4"", ""bbox_xyxy"": [378.141, 259.61, 414.888, 287.819]}, {""candidate_id"": ""C5"", ""bbox_xyxy"": [456.631, 269.139, 474.479, 283.084]}, {""candidate_id"": ""C6"", ""bbox_xyxy"": [587.198, 280.522, 704.95, 343.683]}, {""candidate_id"": ""C7"", ""bbox_xyxy"": [799.411, 321.683, 923.062, 366.937]}]",data/object_detections/2026_02_19_09_46_33_5e8a0f05/masks/FL/2026_02_19_09_46_33_5e8a0f05_f000106_fl_car_003.png,suburban,day,clear
P0024,data/camera_splits/2026_02_19_09_46_33_5e8a0f05/FL/fl_000108.jpg,data/camera_splits/2026_02_19_09_46_33_5e8a0f05/RL/rl_000181.jpg,"[197.081, 393.329, 240.079, 416.21]","[{""candidate_id"": ""C1"", ""bbox_xyxy"": [20.628, 248.855, 123.093, 282.22]}, {""candidate_id"": ""C2"", ""bbox_xyxy"": [178.474, 255.405, 238.887, 282.425]}, {""candidate_id"": ""C3"", ""bbox_xyxy"": [344.556, 260.015, 390.5, 294.338]}, {""candidate_id"": ""C4"", ""bbox_xyxy"": [403.157, 265.259, 422.23, 281.017]}, {""candidate_id"": ""C5"", ""bbox_xyxy"": [426.955, 266.867, 455.353, 292.584]}, {""candidate_id"": ""C6"", ""bbox_xyxy"": [455.427, 269.89, 493.3, 287.862]}, {""candidate_id"": ""C7"", ""bbox_xyxy"": [622.878, 259.794, 642.4, 326.551]}, {""candidate_id"": ""C8"", ""bbox_xyxy"": [640.006, 265.412, 654.84, 320.297]}, {""candidate_id"": ""C9"", ""bbox_xyxy"": [640.717, 267.613, 655.094, 319.52]}, {""candidate_id"": ""C10"", ""bbox_xyxy"": [784.239, 296.191, 799.1, 327.229]}]",data/object_detections/2026_02_19_09_46_33_5e8a0f05/masks/FL/2026_02_19_09_46_33_5e8a0f05_f000108_fl_car_002.png,suburban,day,clear
P0025,data/camera_splits/2026_02_19_09_46_33_5e8a0f05/FL/fl_000123.jpg,data/camera_splits/2026_02_19_09_46_33_5e8a0f05/RL/rl_000178.jpg,"[442.057, 357.722, 550.361, 396.337]","[{""candidate_id"": ""C1"", ""bbox_xyxy"": [0.0, 247.155, 83.037, 285.446]}, {""candidate_id"": ""C2"", ""bbox_xyxy"": [86.944, 239.269, 162.474, 279.348]}, {""candidate_id"": ""C3"", ""bbox_xyxy"": [146.281, 254.595, 218.371, 284.552]}, {""candidate_id"": ""C4"", ""bbox_xyxy"": [338.408, 260.034, 388.348, 296.576]}, {""candidate_id"": ""C5"", ""bbox_xyxy"": [402.702, 265.519, 422.679, 281.73]}, {""candidate_id"": ""C6"", ""bbox_xyxy"": [428.387, 267.191, 458.754, 293.953]}, {""candidate_id"": ""C7"", ""bbox_xyxy"": [464.638, 271.438, 508.453, 290.114]}, {""candidate_id"": ""C8"", ""bbox_xyxy"": [685.775, 252.306, 713.023, 349.254]}, {""candidate_id"": ""C9"", ""bbox_xyxy"": [727.572, 281.915, 797.297, 311.805]}, {""candidate_id"": ""C10"", ""bbox_xyxy"": [836.614, 296.654, 853.28, 337.194]}]",data/object_detections/2026_02_19_09_46_33_5e8a0f05/masks/FL/2026_02_19_09_46_33_5e8a0f05_f000123_fl_car_001.png,suburban,day,clear
P0026,data/camera_splits/2026_02_19_09_46_33_5e8a0f05/FL/fl_000123.jpg,data/camera_splits/2026_02_19_09_46_33_5e8a0f05/RL/rl_000178.jpg,"[652.291, 333.248, 817.906, 395.184]","[{""candidate_id"": ""C1"", ""bbox_xyxy"": [0.0, 247.155, 83.037, 285.446]}, {""candidate_id"": ""C2"", ""bbox_xyxy"": [86.944, 239.269, 162.474, 279.348]}, {""candidate_id"": ""C3"", ""bbox_xyxy"": [146.281, 254.595, 218.371, 284.552]}, {""candidate_id"": ""C4"", ""bbox_xyxy"": [338.408, 260.034, 388.348, 296.576]}, {""candidate_id"": ""C5"", ""bbox_xyxy"": [402.702, 265.519, 422.679, 281.73]}, {""candidate_id"": ""C6"", ""bbox_xyxy"": [428.387, 267.191, 458.754, 293.953]}, {""candidate_id"": ""C7"", ""bbox_xyxy"": [464.638, 271.438, 508.453, 290.114]}, {""candidate_id"": ""C8"", ""bbox_xyxy"": [685.775, 252.306, 713.023, 349.254]}, {""candidate_id"": ""C9"", ""bbox_xyxy"": [727.572, 281.915, 797.297, 311.805]}, {""candidate_id"": ""C10"", ""bbox_xyxy"": [836.614, 296.654, 853.28, 337.194]}]",data/object_detections/2026_02_19_09_46_33_5e8a0f05/masks/FL/2026_02_19_09_46_33_5e8a0f05_f000123_fl_delivery_van_003.png,suburban,day,clear
P0027,data/camera_splits/2026_02_19_09_46_33_5e8a0f05/FL/fl_000126.jpg,data/camera_splits/2026_02_19_09_46_33_5e8a0f05/RL/rl_000184.jpg,"[735.332, 316.854, 942.444, 387.452]","[{""candidate_id"": ""C1"", ""bbox_xyxy"": [70.159, 250.441, 154.075, 280.089]}, {""candidate_id"": ""C2"", ""bbox_xyxy"": [150.91, 242.942, 209.507, 275.579]}, {""candidate_id"": ""C3"", ""bbox_xyxy"": [202.437, 255.371, 254.873, 280.606]}, {""candidate_id"": ""C4"", ""bbox_xyxy"": [349.078, 260.021, 392.153, 292.814]}, {""candidate_id"": ""C5"", ""bbox_xyxy"": [403.894, 264.633, 421.839, 279.874]}, {""candidate_id"": ""C6"", ""bbox_xyxy"": [425.971, 266.052, 453.112, 291.172]}, {""candidate_id"": ""C7"", ""bbox_xyxy"": [452.636, 268.545, 480.036, 286.844]}, {""candidate_id"": ""C8"", ""bbox_xyxy"": [586.503, 263.867, 600.308, 311.58]}, {""candidate_id"": ""C9"", ""bbox_xyxy"": [745.289, 291.579, 757.788, 319.968]}]",data/object_detections/2026_02_19_09_46_33_5e8a0f05/masks/FL/2026_02_19_09_46_33_5e8a0f05_f000126_fl_delivery_van_004.png,suburban,day,clear
P0028,data/camera_splits/2026_02_19_09_46_33_5e8a0f05/FL/fl_000127.jpg,data/camera_splits/2026_02_19_09_46_33_5e8a0f05/RL/rl_000178.jpg,"[552.372, 347.117, 689.201, 393.469]","[{""candidate_id"": ""C1"", ""bbox_xyxy"": [0.0, 247.155, 83.037, 285.446]}, {""candidate_id"": ""C2"", ""bbox_xyxy"": [86.944, 239.269, 162.474, 279.348]}, {""candidate_id"": ""C3"", ""bbox_xyxy"": [146.281, 254.595, 218.371, 284.552]}, {""candidate_id"": ""C4"", ""bbox_xyxy"": [338.408, 260.034, 388.348, 296.576]}, {""candidate_id"": ""C5"", ""bbox_xyxy"": [402.702, 265.519, 422.679, 281.73]}, {""candidate_id"": ""C6"", ""bbox_xyxy"": [428.387, 267.191, 458.754, 293.953]}, {""candidate_id"": ""C7"", ""bbox_xyxy"": [464.638, 271.438, 508.453, 290.114]}, {""candidate_id"": ""C8"", ""bbox_xyxy"": [685.775, 252.306, 713.023, 349.254]}, {""candidate_id"": ""C9"", ""bbox_xyxy"": [727.572, 281.915, 797.297, 311.805]}, {""candidate_id"": ""C10"", ""bbox_xyxy"": [836.614, 296.654, 853.28, 337.194]}]",data/object_detections/2026_02_19_09_46_33_5e8a0f05/masks/FL/2026_02_19_09_46_33_5e8a0f05_f000127_fl_car_002.png,suburban,day,clear
P0029,data/camera_splits/2026_02_19_09_46_33_5e8a0f05/FL/fl_000392.jpg,data/camera_splits/2026_02_19_09_46_33_5e8a0f05/RL/rl_000426.jpg,"[740.714, 353.754, 804.48, 382.547]","[{""candidate_id"": ""C1"", ""bbox_xyxy"": [206.352, 269.307, 244.705, 288.58]}, {""candidate_id"": ""C2"", ""bbox_xyxy"": [338.442, 269.855, 344.043, 283.171]}, {""candidate_id"": ""C3"", ""bbox_xyxy"": [386.572, 270.647, 408.226, 287.839]}, {""candidate_id"": ""C4"", ""bbox_xyxy"": [426.108, 274.715, 440.768, 286.633]}, {""candidate_id"": ""C5"", ""bbox_xyxy"": [733.159, 278.503, 770.142, 286.597]}, {""candidate_id"": ""C6"", ""bbox_xyxy"": [827.888, 279.582, 888.966, 291.914]}]",data/object_detections/2026_02_19_09_46_33_5e8a0f05/masks/FL/2026_02_19_09_46_33_5e8a0f05_f000392_fl_car_002.png,suburban,day,clear
P0030,data/camera_splits/2026_02_19_09_46_33_5e8a0f05/FL/fl_000412.jpg,data/camera_splits/2026_02_19_09_46_33_5e8a0f05/RL/rl_000448.jpg,"[702.632, 294.021, 832.507, 330.618]","[{""candidate_id"": ""C1"", ""bbox_xyxy"": [15.204, 193.525, 204.215, 300.24]}, {""candidate_id"": ""C2"", ""bbox_xyxy"": [257.37, 268.97, 289.943, 287.211]}, {""candidate_id"": ""C3"", ""bbox_xyxy"": [330.201, 273.732, 342.065, 283.42]}, {""candidate_id"": ""C4"", ""bbox_xyxy"": [365.533, 267.786, 397.843, 292.021]}, {""candidate_id"": ""C5"", ""bbox_xyxy"": [423.545, 271.839, 443.297, 289.991]}]",data/object_detections/2026_02_19_09_46_33_5e8a0f05/masks/FL/2026_02_19_09_46_33_5e8a0f05_f000412_fl_truck_007.png,suburban,day,clear
P0031,data/camera_splits/2026_02_19_09_46_33_5e8a0f05/FL/fl_000412.jpg,data/camera_splits/2026_02_19_09_46_33_5e8a0f05/RL/rl_000576.jpg,"[657.59, 325.65, 911.201, 462.794]","[{""candidate_id"": ""C1"", ""bbox_xyxy"": [127.783, 248.058, 296.296, 344.765]}, {""candidate_id"": ""C2"", ""bbox_xyxy"": [293.872, 268.113, 308.041, 276.59]}, {""candidate_id"": ""C3"", ""bbox_xyxy"": [313.706, 260.024, 370.829, 298.213]}, {""candidate_id"": ""C4"", ""bbox_xyxy"": [416.483, 266.325, 452.498, 297.12]}]",data/object_detections/2026_02_19_09_46_33_5e8a0f05/masks/FL/2026_02_19_09_46_33_5e8a0f05_f000412_fl_car_004.png,suburban,day,clear
P0032,data/camera_splits/2026_02_19_09_46_33_5e8a0f05/FL/fl_000447.jpg,data/camera_splits/2026_02_19_09_46_33_5e8a0f05/RL/rl_000506.jpg,"[33.583, 342.573, 130.992, 386.032]","[{""candidate_id"": ""C1"", ""bbox_xyxy"": [286.666, 256.313, 360.256, 302.388]}, {""candidate_id"": ""C2"", ""bbox_xyxy"": [378.546, 262.264, 391.177, 276.532]}, {""candidate_id"": ""C3"", ""bbox_xyxy"": [410.413, 266.626, 449.527, 301.317]}, {""candidate_id"": ""C4"", ""bbox_xyxy"": [822.454, 268.479, 930.423, 317.943]}]",data/object_detections/2026_02_19_09_46_33_5e8a0f05/masks/FL/2026_02_19_09_46_33_5e8a0f05_f000447_fl_truck_001.png,suburban,day,clear
P0033,data/camera_splits/2026_02_19_09_46_33_5e8a0f05/FL/fl_000570.jpg,data/camera_splits/2026_02_19_09_46_33_5e8a0f05/RL/rl_000587.jpg,"[767.393, 353.471, 871.885, 391.123]","[{""candidate_id"": ""C1"", ""bbox_xyxy"": [58.819, 258.899, 155.228, 292.961]}, {""candidate_id"": ""C2"", ""bbox_xyxy"": [217.987, 253.023, 326.203, 320.667]}, {""candidate_id"": ""C3"", ""bbox_xyxy"": [329.869, 260.47, 378.02, 293.629]}, {""candidate_id"": ""C4"", ""bbox_xyxy"": [416.002, 268.295, 426.505, 285.296]}, {""candidate_id"": ""C5"", ""bbox_xyxy"": [422.648, 266.39, 453.615, 294.285]}]",data/object_detections/2026_02_19_09_46_33_5e8a0f05/masks/FL/2026_02_19_09_46_33_5e8a0f05_f000570_fl_car_001.png,suburban,day,clear
P0034,data/camera_splits/2026_02_19_09_46_33_5e8a0f05/FL/fl_000579.jpg,data/camera_splits/2026_02_19_09_46_33_5e8a0f05/RL/rl_000606.jpg,"[613.52, 341.798, 663.03, 377.789]","[{""candidate_id"": ""C1"", ""bbox_xyxy"": [59.96, 223.616, 191.861, 290.982]}, {""candidate_id"": ""C2"", ""bbox_xyxy"": [281.333, 259.444, 344.542, 304.39]}, {""candidate_id"": ""C3"", ""bbox_xyxy"": [341.097, 262.66, 370.122, 289.556]}, {""candidate_id"": ""C4"", ""bbox_xyxy"": [400.978, 268.158, 414.256, 284.441]}, {""candidate_id"": ""C5"", ""bbox_xyxy"": [410.371, 267.826, 437.884, 292.695]}]",data/object_detections/2026_02_19_09_46_33_5e8a0f05/masks/FL/2026_02_19_09_46_33_5e8a0f05_f000579_fl_truck_001.png,suburban,day,clear
P0035,data/camera_splits/2026_02_19_09_49_09_80024d6c/FL/fl_000540.jpg,data/camera_splits/2026_02_19_09_49_09_80024d6c/RL/rl_000579.jpg,"[161.105, 351.016, 253.448, 397.975]","[{""candidate_id"": ""C1"", ""bbox_xyxy"": [344.726, 262.44, 463.269, 348.169]}, {""candidate_id"": ""C2"", ""bbox_xyxy"": [606.348, 279.285, 702.89, 325.859]}, {""candidate_id"": ""C3"", ""bbox_xyxy"": [835.04, 188.869, 959.997, 383.321]}]",data/object_detections/2026_02_19_09_49_09_80024d6c/masks/FL/2026_02_19_09_49_09_80024d6c_f000540_fl_car_001.png,highway,day,sun_glare
P0036,data/camera_splits/2026_02_19_09_49_09_80024d6c/FL/fl_000732.jpg,data/camera_splits/2026_02_19_09_49_09_80024d6c/RL/rl_000868.jpg,"[0.079, 286.159, 290.937, 476.259]","[{""candidate_id"": ""C1"", ""bbox_xyxy"": [323.681, 259.442, 441.424, 346.907]}, {""candidate_id"": ""C2"", ""bbox_xyxy"": [430.984, 260.682, 467.449, 298.299]}, {""candidate_id"": ""C3"", ""bbox_xyxy"": [492.544, 264.291, 507.041, 286.668]}, {""candidate_id"": ""C4"", ""bbox_xyxy"": [517.153, 248.081, 645.618, 335.882]}]",data/object_detections/2026_02_19_09_49_09_80024d6c/masks/FL/2026_02_19_09_49_09_80024d6c_f000732_fl_car_003.png,highway,day,sun_glare
P0037,data/camera_splits/2026_02_19_09_49_09_80024d6c/FL/fl_000732.jpg,data/camera_splits/2026_02_19_09_49_09_80024d6c/RL/rl_000925.jpg,"[0.079, 286.159, 290.937, 476.259]","[{""candidate_id"": ""C1"", ""bbox_xyxy"": [293.736, 255.738, 445.496, 352.364]}, {""candidate_id"": ""C2"", ""bbox_xyxy"": [419.653, 254.858, 475.721, 317.347]}, {""candidate_id"": ""C3"", ""bbox_xyxy"": [490.365, 263.505, 515.658, 289.356]}, {""candidate_id"": ""C4"", ""bbox_xyxy"": [512.982, 256.018, 566.118, 304.076]}, {""candidate_id"": ""C5"", ""bbox_xyxy"": [555.58, 229.687, 871.75, 371.827]}]",data/object_detections/2026_02_19_09_49_09_80024d6c/masks/FL/2026_02_19_09_49_09_80024d6c_f000732_fl_car_003.png,highway,day,sun_glare
P0038,data/camera_splits/2026_02_19_09_54_29_637f45a0/FL/fl_000011.jpg,data/camera_splits/2026_02_19_09_54_29_637f45a0/RL/rl_000094.jpg,"[271.69, 339.029, 350.499, 392.51]","[{""candidate_id"": ""C1"", ""bbox_xyxy"": [283.22, 265.824, 326.792, 283.407]}, {""candidate_id"": ""C2"", ""bbox_xyxy"": [329.31, 257.549, 359.382, 280.005]}, {""candidate_id"": ""C3"", ""bbox_xyxy"": [423.335, 272.956, 436.681, 280.645]}, {""candidate_id"": ""C4"", ""bbox_xyxy"": [456.204, 272.077, 478.944, 289.667]}, {""candidate_id"": ""C5"", ""bbox_xyxy"": [486.481, 274.074, 496.005, 280.957]}, {""candidate_id"": ""C6"", ""bbox_xyxy"": [544.13, 275.59, 554.449, 281.543]}, {""candidate_id"": ""C7"", ""bbox_xyxy"": [565.951, 275.022, 605.152, 299.053]}, {""candidate_id"": ""C8"", ""bbox_xyxy"": [605.93, 254.126, 729.113, 328.278]}, {""candidate_id"": ""C9"", ""bbox_xyxy"": [755.694, 234.982, 922.879, 295.975]}]",data/object_detections/2026_02_19_09_54_29_637f45a0/masks/FL/2026_02_19_09_54_29_637f45a0_f000011_fl_truck_008.png,highway,day,clear
P0039,data/camera_splits/2026_02_19_09_54_29_637f45a0/FL/fl_000018.jpg,data/camera_splits/2026_02_19_09_54_29_637f45a0/RL/rl_000028.jpg,"[632.684, 356.302, 684.09, 375.526]","[{""candidate_id"": ""C1"", ""bbox_xyxy"": [109.928, 260.767, 202.273, 297.852]}, {""candidate_id"": ""C2"", ""bbox_xyxy"": [290.98, 266.855, 322.929, 282.87]}, {""candidate_id"": ""C3"", ""bbox_xyxy"": [323.783, 272.581, 337.672, 280.161]}, {""candidate_id"": ""C4"", ""bbox_xyxy"": [424.314, 273.958, 432.712, 279.327]}, {""candidate_id"": ""C5"", ""bbox_xyxy"": [461.029, 271.215, 489.113, 294.018]}, {""candidate_id"": ""C6"", ""bbox_xyxy"": [486.979, 255.448, 620.098, 349.485]}, {""candidate_id"": ""C7"", ""bbox_xyxy"": [594.152, 276.249, 606.112, 285.43]}, {""candidate_id"": ""C8"", ""bbox_xyxy"": [623.459, 274.734, 693.814, 309.863]}]",data/object_detections/2026_02_19_09_54_29_637f45a0/masks/FL/2026_02_19_09_54_29_637f45a0_f000018_fl_car_005.png,highway,day,clear
P0040,data/camera_splits/2026_02_19_09_54_29_637f45a0/FL/fl_000025.jpg,data/camera_splits/2026_02_19_09_54_29_637f45a0/RL/rl_000029.jpg,"[700.961, 338.394, 884.221, 391.569]","[{""candidate_id"": ""C1"", ""bbox_xyxy"": [0.0, 232.314, 141.888, 299.871]}, {""candidate_id"": ""C2"", ""bbox_xyxy"": [191.847, 263.96, 252.625, 292.446]}, {""candidate_id"": ""C3"", ""bbox_xyxy"": [287.159, 263.592, 305.601, 280.052]}, {""candidate_id"": ""C4"", ""bbox_xyxy"": [309.568, 267.514, 335.287, 281.666]}, {""candidate_id"": ""C5"", ""bbox_xyxy"": [424.022, 272.61, 432.738, 279.3]}, {""candidate_id"": ""C6"", ""bbox_xyxy"": [424.095, 273.44, 432.615, 279.394]}, {""candidate_id"": ""C7"", ""bbox_xyxy"": [460.591, 271.057, 489.798, 294.1]}, {""candidate_id"": ""C8"", ""bbox_xyxy"": [494.391, 254.697, 641.731, 352.501]}, {""candidate_id"": ""C9"", ""bbox_xyxy"": [624.915, 274.468, 692.116, 309.707]}]",data/object_detections/2026_02_19_09_54_29_637f45a0/masks/FL/2026_02_19_09_54_29_637f45a0_f000025_fl_car_007.png,highway,day,clear
P0041,data/camera_splits/2026_02_19_09_54_29_637f45a0/FL/fl_000047.jpg,data/camera_splits/2026_02_19_09_54_29_637f45a0/RL/rl_000096.jpg,"[44.143, 311.767, 116.519, 374.93]","[{""candidate_id"": ""C1"", ""bbox_xyxy"": [0.0, 270.375, 43.081, 294.662]}, {""candidate_id"": ""C2"", ""bbox_xyxy"": [232.177, 269.575, 257.671, 283.183]}, {""candidate_id"": ""C3"", ""bbox_xyxy"": [322.155, 267.43, 352.087, 280.568]}, {""candidate_id"": ""C4"", ""bbox_xyxy"": [331.296, 257.183, 365.089, 278.487]}, {""candidate_id"": ""C5"", ""bbox_xyxy"": [423.111, 273.01, 435.864, 280.239]}, {""candidate_id"": ""C6"", ""bbox_xyxy"": [456.387, 271.739, 478.818, 289.115]}, {""candidate_id"": ""C7"", ""bbox_xyxy"": [485.885, 274.052, 495.337, 280.444]}, {""candidate_id"": ""C8"", ""bbox_xyxy"": [544.275, 275.385, 553.517, 280.975]}, {""candidate_id"": ""C9"", ""bbox_xyxy"": [564.459, 274.459, 597.738, 297.888]}, {""candidate_id"": ""C10"", ""bbox_xyxy"": [597.793, 255.148, 708.945, 324.877]}, {""candidate_id"": ""C11"", ""bbox_xyxy"": [734.291, 237.672, 880.976, 300.658]}]",data/object_detections/2026_02_19_09_54_29_637f45a0/masks/FL/2026_02_19_09_54_29_637f45a0_f000047_fl_truck_001.png,highway,day,clear
P0042,data/camera_splits/2026_02_19_09_54_29_637f45a0/FL/fl_000057.jpg,data/camera_splits/2026_02_19_09_54_29_637f45a0/RL/rl_000075.jpg,"[671.078, 332.351, 757.182, 382.123]","[{""candidate_id"": ""C1"", ""bbox_xyxy"": [0.0, 204.765, 187.14, 295.903]}, {""candidate_id"": ""C2"", ""bbox_xyxy"": [422.942, 272.952, 432.928, 280.571]}, {""candidate_id"": ""C3"", ""bbox_xyxy"": [454.216, 272.067, 478.802, 291.44]}, {""candidate_id"": ""C4"", ""bbox_xyxy"": [520.728, 276.348, 528.758, 281.44]}, {""candidate_id"": ""C5"", ""bbox_xyxy"": [548.429, 276.217, 560.237, 282.912]}, {""candidate_id"": ""C6"", ""bbox_xyxy"": [581.062, 275.561, 630.681, 304.129]}, {""candidate_id"": ""C7"", ""bbox_xyxy"": [654.562, 276.447, 686.255, 292.816]}, {""candidate_id"": ""C8"", ""bbox_xyxy"": [783.021, 286.656, 959.958, 378.88]}]",data/object_detections/2026_02_19_09_54_29_637f45a0/masks/FL/2026_02_19_09_54_29_637f45a0_f000057_fl_truck_003.png,highway,day,clear
P0043,data/camera_splits/2026_02_19_09_54_29_637f45a0/FL/fl_000064.jpg,data/camera_splits/2026_02_19_09_54_29_637f45a0/RL/rl_000012.jpg,"[277.09, 333.458, 412.764, 424.452]","[{""candidate_id"": ""C1"", ""bbox_xyxy"": [129.5, 260.812, 228.104, 292.403]}, {""candidate_id"": ""C2"", ""bbox_xyxy"": [312.609, 271.649, 328.611, 281.012]}, {""candidate_id"": ""C3"", ""bbox_xyxy"": [353.899, 271.139, 368.499, 278.808]}, {""candidate_id"": ""C4"", ""bbox_xyxy"": [421.567, 263.228, 477.944, 310.561]}, {""candidate_id"": ""C5"", ""bbox_xyxy"": [471.638, 271.019, 496.593, 295.572]}, {""candidate_id"": ""C6"", ""bbox_xyxy"": [493.341, 273.101, 502.579, 281.352]}, {""candidate_id"": ""C7"", ""bbox_xyxy"": [531.547, 273.91, 543.323, 282.394]}, {""candidate_id"": ""C8"", ""bbox_xyxy"": [574.022, 276.648, 588.711, 285.409]}, {""candidate_id"": ""C9"", ""bbox_xyxy"": [619.434, 276.98, 643.478, 289.075]}, {""candidate_id"": ""C10"", ""bbox_xyxy"": [641.24, 274.82, 721.025, 308.296]}]",data/object_detections/2026_02_19_09_54_29_637f45a0/masks/FL/2026_02_19_09_54_29_637f45a0_f000064_fl_car_003.png,highway,day,clear
P0044,data/camera_splits/2026_02_19_09_54_29_637f45a0/FL/fl_000066.jpg,data/camera_splits/2026_02_19_09_54_29_637f45a0/RL/rl_000082.jpg,"[698.595, 308.51, 948.385, 393.002]","[{""candidate_id"": ""C1"", ""bbox_xyxy"": [170.797, 233.328, 277.284, 287.467]}, {""candidate_id"": ""C2"", ""bbox_xyxy"": [307.236, 270.778, 336.454, 280.797]}, {""candidate_id"": ""C3"", ""bbox_xyxy"": [424.596, 272.725, 434.957, 280.139]}, {""candidate_id"": ""C4"", ""bbox_xyxy"": [456.621, 271.578, 480.324, 290.053]}, {""candidate_id"": ""C5"", ""bbox_xyxy"": [488.116, 274.135, 498.035, 281.049]}, {""candidate_id"": ""C6"", ""bbox_xyxy"": [519.529, 275.606, 527.066, 280.215]}, {""candidate_id"": ""C7"", ""bbox_xyxy"": [548.49, 275.765, 559.662, 282.04]}, {""candidate_id"": ""C8"", ""bbox_xyxy"": [577.263, 274.448, 623.989, 301.601]}, {""candidate_id"": ""C9"", ""bbox_xyxy"": [626.946, 275.17, 652.709, 289.341]}, {""candidate_id"": ""C10"", ""bbox_xyxy"": [626.952, 275.194, 652.717, 289.286]}, {""candidate_id"": ""C11"", ""bbox_xyxy"": [690.716, 240.146, 960.0, 366.773]}]",data/object_detections/2026_02_19_09_54_29_637f45a0/masks/FL/2026_02_19_09_54_29_637f45a0_f000066_fl_truck_002.png,highway,day,clear
P0045,data/camera_splits/2026_02_19_09_54_29_637f45a0/FL/fl_000167.jpg,data/camera_splits/2026_02_19_09_54_29_637f45a0/RL/rl_000280.jpg,"[286.164, 343.112, 357.446, 389.596]","[{""candidate_id"": ""C1"", ""bbox_xyxy"": [0.007, 276.774, 9.174, 284.306]}, {""candidate_id"": ""C2"", ""bbox_xyxy"": [115.981, 253.123, 217.92, 293.905]}, {""candidate_id"": ""C3"", ""bbox_xyxy"": [242.94, 238.948, 305.977, 285.663]}, {""candidate_id"": ""C4"", ""bbox_xyxy"": [473.914, 271.993, 485.797, 280.339]}, {""candidate_id"": ""C5"", ""bbox_xyxy"": [491.973, 273.13, 501.939, 281.113]}, {""candidate_id"": ""C6"", ""bbox_xyxy"": [526.094, 266.015, 578.381, 301.676]}, {""candidate_id"": ""C7"", ""bbox_xyxy"": [631.336, 268.302, 655.499, 278.3]}]",data/object_detections/2026_02_19_09_54_29_637f45a0/masks/FL/2026_02_19_09_54_29_637f45a0_f000167_fl_car_009.png,highway,day,clear
P0046,data/camera_splits/2026_02_19_09_54_29_637f45a0/FL/fl_000176.jpg,data/camera_splits/2026_02_19_09_54_29_637f45a0/RL/rl_000280.jpg,"[230.17, 335.363, 330.685, 397.551]","[{""candidate_id"": ""C1"", ""bbox_xyxy"": [0.007, 276.774, 9.174, 284.306]}, {""candidate_id"": ""C2"", ""bbox_xyxy"": [115.981, 253.123, 217.92, 293.905]}, {""candidate_id"": ""C3"", ""bbox_xyxy"": [242.94, 238.948, 305.977, 285.663]}, {""candidate_id"": ""C4"", ""bbox_xyxy"": [473.914, 271.993, 485.797, 280.339]}, {""candidate_id"": ""C5"", ""bbox_xyxy"": [491.973, 273.13, 501.939, 281.113]}, {""candidate_id"": ""C6"", ""bbox_xyxy"": [526.094, 266.015, 578.381, 301.676]}, {""candidate_id"": ""C7"", ""bbox_xyxy"": [631.336, 268.302, 655.499, 278.3]}]",data/object_detections/2026_02_19_09_54_29_637f45a0/masks/FL/2026_02_19_09_54_29_637f45a0_f000176_fl_car_004.png,highway,day,clear
P0047,data/camera_splits/2026_02_19_09_54_29_637f45a0/FL/fl_000196.jpg,data/camera_splits/2026_02_19_09_54_29_637f45a0/RL/rl_000221.jpg,"[578.587, 340.418, 637.436, 371.98]","[{""candidate_id"": ""C1"", ""bbox_xyxy"": [198.793, 237.273, 294.702, 286.974]}, {""candidate_id"": ""C2"", ""bbox_xyxy"": [423.12, 272.309, 434.414, 280.669]}, {""candidate_id"": ""C3"", ""bbox_xyxy"": [486.172, 273.978, 498.225, 282.81]}, {""candidate_id"": ""C4"", ""bbox_xyxy"": [511.865, 271.675, 536.272, 288.777]}, {""candidate_id"": ""C5"", ""bbox_xyxy"": [601.641, 267.802, 626.486, 275.274]}, {""candidate_id"": ""C6"", ""bbox_xyxy"": [767.805, 268.214, 921.248, 329.446]}]",data/object_detections/2026_02_19_09_54_29_637f45a0/masks/FL/2026_02_19_09_54_29_637f45a0_f000196_fl_truck_001.png,highway,day,clear
P0048,data/camera_splits/2026_02_19_09_54_29_637f45a0/FL/fl_000314.jpg,data/camera_splits/2026_02_19_09_54_29_637f45a0/RL/rl_000355.jpg,"[151.847, 355.091, 251.973, 387.915]","[{""candidate_id"": ""C1"", ""bbox_xyxy"": [27.547, 270.946, 76.998, 289.758]}, {""candidate_id"": ""C2"", ""bbox_xyxy"": [103.187, 270.837, 142.375, 288.224]}, {""candidate_id"": ""C3"", ""bbox_xyxy"": [191.189, 274.43, 212.642, 284.408]}, {""candidate_id"": ""C4"", ""bbox_xyxy"": [306.937, 271.301, 323.523, 280.208]}, {""candidate_id"": ""C5"", ""bbox_xyxy"": [323.181, 259.012, 361.393, 279.485]}, {""candidate_id"": ""C6"", ""bbox_xyxy"": [323.445, 259.029, 356.05, 279.284]}, {""candidate_id"": ""C7"", ""bbox_xyxy"": [372.74, 271.435, 391.117, 278.181]}, {""candidate_id"": ""C8"", ""bbox_xyxy"": [425.389, 272.765, 438.313, 283.042]}, {""candidate_id"": ""C9"", ""bbox_xyxy"": [455.144, 273.511, 464.043, 281.679]}, {""candidate_id"": ""C10"", ""bbox_xyxy"": [507.865, 267.908, 598.817, 329.439]}, {""candidate_id"": ""C11"", ""bbox_xyxy"": [657.456, 251.588, 782.266, 315.747]}]",data/object_detections/2026_02_19_09_54_29_637f45a0/masks/FL/2026_02_19_09_54_29_637f45a0_f000314_fl_truck_008.png,highway,day,clear
P0049,data/camera_splits/2026_02_19_09_54_29_637f45a0/FL/fl_000314.jpg,data/camera_splits/2026_02_19_09_54_29_637f45a0/RL/rl_000366.jpg,"[151.847, 355.091, 251.973, 387.915]","[{""candidate_id"": ""C1"", ""bbox_xyxy"": [117.293, 271.807, 148.183, 285.053]}, {""candidate_id"": ""C2"", ""bbox_xyxy"": [174.672, 271.927, 199.494, 283.303]}, {""candidate_id"": ""C3"", ""bbox_xyxy"": [273.007, 271.992, 286.104, 280.016]}, {""candidate_id"": ""C4"", ""bbox_xyxy"": [291.866, 262.295, 321.724, 279.129]}, {""candidate_id"": ""C5"", ""bbox_xyxy"": [424.859, 272.152, 438.434, 282.008]}, {""candidate_id"": ""C6"", ""bbox_xyxy"": [487.028, 268.476, 548.896, 312.321]}, {""candidate_id"": ""C7"", ""bbox_xyxy"": [588.76, 271.844, 645.746, 297.792]}, {""candidate_id"": ""C8"", ""bbox_xyxy"": [672.249, 270.945, 871.318, 352.997]}]",data/object_detections/2026_02_19_09_54_29_637f45a0/masks/FL/2026_02_19_09_54_29_637f45a0_f000314_fl_truck_008.png,highway,day,clear
P0050,data/camera_splits/2026_02_19_09_54_29_637f45a0/FL/fl_000326.jpg,data/camera_splits/2026_02_19_09_54_29_637f45a0/RL/rl_000363.jpg,"[236.808, 352.851, 324.005, 396.782]","[{""candidate_id"": ""C1"", ""bbox_xyxy"": [12.306, 272.135, 62.29, 290.801]}, {""candidate_id"": ""C2"", ""bbox_xyxy"": [86.93, 272.595, 127.241, 288.743]}, {""candidate_id"": ""C3"", ""bbox_xyxy"": [246.724, 273.249, 263.599, 282.888]}, {""candidate_id"": ""C4"", ""bbox_xyxy"": [425.11, 272.909, 439.207, 283.47]}, {""candidate_id"": ""C5"", ""bbox_xyxy"": [491.604, 269.999, 559.294, 317.485]}, {""candidate_id"": ""C6"", ""bbox_xyxy"": [615.861, 274.023, 671.31, 302.721]}, {""candidate_id"": ""C7"", ""bbox_xyxy"": [727.768, 273.155, 960.0, 374.175]}]",data/object_detections/2026_02_19_09_54_29_637f45a0/masks/FL/2026_02_19_09_54_29_637f45a0_f000326_fl_car_001.png,highway,day,clear
P0051,data/camera_splits/2026_02_19_09_54_29_637f45a0/FL/fl_001049.jpg,data/camera_splits/2026_02_19_09_54_29_637f45a0/RL/rl_001097.jpg,"[83.688, 355.998, 166.081, 389.927]","[{""candidate_id"": ""C1"", ""bbox_xyxy"": [61.347, 249.333, 156.255, 278.901]}, {""candidate_id"": ""C2"", ""bbox_xyxy"": [167.439, 246.074, 220.448, 277.241]}, {""candidate_id"": ""C3"", ""bbox_xyxy"": [220.716, 263.217, 243.653, 276.296]}, {""candidate_id"": ""C4"", ""bbox_xyxy"": [380.608, 270.794, 388.604, 276.281]}, {""candidate_id"": ""C5"", ""bbox_xyxy"": [396.465, 272.304, 404.776, 277.01]}, {""candidate_id"": ""C6"", ""bbox_xyxy"": [432.646, 269.566, 451.736, 281.215]}, {""candidate_id"": ""C7"", ""bbox_xyxy"": [501.349, 272.778, 523.64, 286.765]}, {""candidate_id"": ""C8"", ""bbox_xyxy"": [655.909, 276.321, 710.609, 304.138]}]",data/object_detections/2026_02_19_09_54_29_637f45a0/masks/FL/2026_02_19_09_54_29_637f45a0_f001049_fl_car_001.png,highway,day,clear
P0052,data/camera_splits/2026_02_19_09_54_29_637f45a0/FL/fl_001067.jpg,data/camera_splits/2026_02_19_09_54_29_637f45a0/RL/rl_001142.jpg,"[92.179, 348.926, 196.804, 396.238]","[{""candidate_id"": ""C1"", ""bbox_xyxy"": [0.007, 249.238, 45.426, 287.321]}, {""candidate_id"": ""C2"", ""bbox_xyxy"": [140.825, 259.348, 180.872, 279.421]}, {""candidate_id"": ""C3"", ""bbox_xyxy"": [226.111, 263.973, 247.998, 276.485]}, {""candidate_id"": ""C4"", ""bbox_xyxy"": [250.282, 265.596, 279.655, 278.847]}, {""candidate_id"": ""C5"", ""bbox_xyxy"": [276.495, 249.35, 319.558, 276.951]}, {""candidate_id"": ""C6"", ""bbox_xyxy"": [287.497, 249.476, 319.466, 276.996]}, {""candidate_id"": ""C7"", ""bbox_xyxy"": [390.325, 271.968, 399.277, 278.214]}, {""candidate_id"": ""C8"", ""bbox_xyxy"": [425.51, 272.585, 435.54, 279.807]}, {""candidate_id"": ""C9"", ""bbox_xyxy"": [448.445, 270.656, 463.639, 283.305]}, {""candidate_id"": ""C10"", ""bbox_xyxy"": [478.992, 273.72, 495.223, 284.145]}, {""candidate_id"": ""C11"", ""bbox_xyxy"": [497.473, 274.549, 510.234, 283.594]}, {""candidate_id"": ""C12"", ""bbox_xyxy"": [531.365, 275.786, 549.759, 284.557]}, {""candidate_id"": ""C13"", ""bbox_xyxy"": [666.265, 271.265, 773.565, 324.259]}, {""candidate_id"": ""C14"", ""bbox_xyxy"": [796.759, 255.277, 959.995, 338.751]}]",data/object_detections/2026_02_19_09_54_29_637f45a0/masks/FL/2026_02_19_09_54_29_637f45a0_f001067_fl_delivery_van_007.png,highway,day,clear
P0053,data/camera_splits/2026_02_19_09_54_29_637f45a0/FL/fl_001100.jpg,data/camera_splits/2026_02_19_09_54_29_637f45a0/RL/rl_001116.jpg,"[772.664, 308.275, 960.0, 376.972]","[{""candidate_id"": ""C1"", ""bbox_xyxy"": [0.093, 208.607, 71.854, 276.659]}, {""candidate_id"": ""C2"", ""bbox_xyxy"": [139.357, 253.927, 212.039, 279.805]}, {""candidate_id"": ""C3"", ""bbox_xyxy"": [247.434, 264.012, 260.141, 273.783]}, {""candidate_id"": ""C4"", ""bbox_xyxy"": [287.399, 264.039, 306.064, 276.522]}, {""candidate_id"": ""C5"", ""bbox_xyxy"": [380.089, 270.935, 388.276, 277.052]}, {""candidate_id"": ""C6"", ""bbox_xyxy"": [423.203, 272.635, 433.742, 279.925]}, {""candidate_id"": ""C7"", ""bbox_xyxy"": [441.148, 270.823, 456.824, 282.961]}, {""candidate_id"": ""C8"", ""bbox_xyxy"": [486.496, 273.59, 505.294, 286.445]}, {""candidate_id"": ""C9"", ""bbox_xyxy"": [549.461, 275.74, 576.212, 290.79]}]",data/object_detections/2026_02_19_09_54_29_637f45a0/masks/FL/2026_02_19_09_54_29_637f45a0_f001100_fl_truck_001.png,highway,day,clear
P0054,data/camera_splits/2026_02_19_09_54_29_637f45a0/FL/fl_001113.jpg,data/camera_splits/2026_02_19_09_54_29_637f45a0/RL/rl_001132.jpg,"[628.944, 312.0, 747.892, 370.111]","[{""candidate_id"": ""C1"", ""bbox_xyxy"": [0.0, 259.865, 43.708, 288.072]}, {""candidate_id"": ""C2"", ""bbox_xyxy"": [0.046, 238.655, 29.401, 287.303]}, {""candidate_id"": ""C3"", ""bbox_xyxy"": [29.876, 251.847, 86.573, 276.296]}, {""candidate_id"": ""C4"", ""bbox_xyxy"": [102.036, 260.621, 129.745, 277.725]}, {""candidate_id"": ""C5"", ""bbox_xyxy"": [115.604, 211.365, 255.265, 280.589]}, {""candidate_id"": ""C6"", ""bbox_xyxy"": [334.943, 268.245, 348.363, 275.128]}, {""candidate_id"": ""C7"", ""bbox_xyxy"": [387.902, 271.143, 397.205, 277.502]}, {""candidate_id"": ""C8"", ""bbox_xyxy"": [399.12, 272.465, 406.697, 277.273]}, {""candidate_id"": ""C9"", ""bbox_xyxy"": [426.416, 272.514, 436.514, 279.605]}, {""candidate_id"": ""C10"", ""bbox_xyxy"": [448.262, 270.413, 463.852, 283.028]}, {""candidate_id"": ""C11"", ""bbox_xyxy"": [482.909, 273.577, 500.543, 284.861]}, {""candidate_id"": ""C12"", ""bbox_xyxy"": [513.26, 274.534, 530.852, 285.512]}, {""candidate_id"": ""C13"", ""bbox_xyxy"": [601.77, 277.684, 633.712, 291.94]}, {""candidate_id"": ""C14"", ""bbox_xyxy"": [753.627, 270.523, 936.295, 344.316]}, {""candidate_id"": ""C15"", ""bbox_xyxy"": [887.159, 168.883, 960.0, 255.778]}]",data/object_detections/2026_02_19_09_54_29_637f45a0/masks/FL/2026_02_19_09_54_29_637f45a0_f001113_fl_truck_001.png,highway,day,clear
P0055,data/camera_splits/2026_02_19_09_54_29_637f45a0/FL/fl_001148.jpg,data/camera_splits/2026_02_19_09_54_29_637f45a0/RL/rl_001205.jpg,"[89.201, 355.51, 185.706, 396.51]","[{""candidate_id"": ""C1"", ""bbox_xyxy"": [63.251, 252.645, 130.962, 282.782]}, {""candidate_id"": ""C2"", ""bbox_xyxy"": [273.176, 264.208, 322.056, 282.329]}, {""candidate_id"": ""C3"", ""bbox_xyxy"": [408.048, 269.18, 415.077, 275.074]}, {""candidate_id"": ""C4"", ""bbox_xyxy"": [420.621, 270.657, 431.653, 278.911]}, {""candidate_id"": ""C5"", ""bbox_xyxy"": [443.673, 270.646, 452.129, 276.836]}, {""candidate_id"": ""C6"", ""bbox_xyxy"": [469.937, 269.168, 486.113, 281.768]}, {""candidate_id"": ""C7"", ""bbox_xyxy"": [524.282, 270.216, 550.499, 288.831]}, {""candidate_id"": ""C8"", ""bbox_xyxy"": [589.619, 272.655, 620.083, 290.318]}, {""candidate_id"": ""C9"", ""bbox_xyxy"": [623.147, 274.184, 666.638, 297.103]}, {""candidate_id"": ""C10"", ""bbox_xyxy"": [664.054, 276.472, 772.33, 322.595]}, {""candidate_id"": ""C11"", ""bbox_xyxy"": [741.214, 235.439, 960.0, 330.991]}]",data/object_detections/2026_02_19_09_54_29_637f45a0/masks/FL/2026_02_19_09_54_29_637f45a0_f001148_fl_car_001.png,highway,day,clear
P0056,data/camera_splits/2026_02_19_09_54_29_637f45a0/FL/fl_001160.jpg,data/camera_splits/2026_02_19_09_54_29_637f45a0/RL/rl_001205.jpg,"[27.698, 329.699, 220.579, 392.007]","[{""candidate_id"": ""C1"", ""bbox_xyxy"": [63.251, 252.645, 130.962, 282.782]}, {""candidate_id"": ""C2"", ""bbox_xyxy"": [273.176, 264.208, 322.056, 282.329]}, {""candidate_id"": ""C3"", ""bbox_xyxy"": [408.048, 269.18, 415.077, 275.074]}, {""candidate_id"": ""C4"", ""bbox_xyxy"": [420.621, 270.657, 431.653, 278.911]}, {""candidate_id"": ""C5"", ""bbox_xyxy"": [443.673, 270.646, 452.129, 276.836]}, {""candidate_id"": ""C6"", ""bbox_xyxy"": [469.937, 269.168, 486.113, 281.768]}, {""candidate_id"": ""C7"", ""bbox_xyxy"": [524.282, 270.216, 550.499, 288.831]}, {""candidate_id"": ""C8"", ""bbox_xyxy"": [589.619, 272.655, 620.083, 290.318]}, {""candidate_id"": ""C9"", ""bbox_xyxy"": [623.147, 274.184, 666.638, 297.103]}, {""candidate_id"": ""C10"", ""bbox_xyxy"": [664.054, 276.472, 772.33, 322.595]}, {""candidate_id"": ""C11"", ""bbox_xyxy"": [741.214, 235.439, 960.0, 330.991]}]",data/object_detections/2026_02_19_09_54_29_637f45a0/masks/FL/2026_02_19_09_54_29_637f45a0_f001160_fl_truck_001.png,highway,day,clear
P0057,data/camera_splits/2026_02_19_09_54_29_637f45a0/FL/fl_001160.jpg,data/camera_splits/2026_02_19_09_54_29_637f45a0/RL/rl_001218.jpg,"[27.698, 329.699, 220.579, 392.007]","[{""candidate_id"": ""C1"", ""bbox_xyxy"": [75.733, 261.321, 153.814, 292.573]}, {""candidate_id"": ""C2"", ""bbox_xyxy"": [240.165, 267.594, 258.428, 278.61]}, {""candidate_id"": ""C3"", ""bbox_xyxy"": [426.069, 270.149, 437.863, 279.224]}, {""candidate_id"": ""C4"", ""bbox_xyxy"": [518.181, 268.935, 541.068, 285.477]}, {""candidate_id"": ""C5"", ""bbox_xyxy"": [553.522, 270.715, 574.993, 284.564]}, {""candidate_id"": ""C6"", ""bbox_xyxy"": [579.224, 271.682, 610.855, 290.158]}, {""candidate_id"": ""C7"", ""bbox_xyxy"": [623.455, 273.851, 697.996, 308.026]}, {""candidate_id"": ""C8"", ""bbox_xyxy"": [665.694, 248.689, 756.126, 302.393]}, {""candidate_id"": ""C9"", ""bbox_xyxy"": [918.916, 253.1, 960.0, 384.259]}]",data/object_detections/2026_02_19_09_54_29_637f45a0/masks/FL/2026_02_19_09_54_29_637f45a0_f001160_fl_truck_001.png,highway,day,clear
P0058,data/camera_splits/2026_02_19_09_54_29_637f45a0/FL/fl_001225.jpg,data/camera_splits/2026_02_19_09_54_29_637f45a0/RL/rl_001282.jpg,"[79.9, 359.675, 158.607, 391.698]","[{""candidate_id"": ""C1"", ""bbox_xyxy"": [0.02, 258.93, 43.673, 295.836]}, {""candidate_id"": ""C2"", ""bbox_xyxy"": [256.355, 268.309, 276.773, 279.328]}, {""candidate_id"": ""C3"", ""bbox_xyxy"": [425.965, 269.057, 447.921, 286.934]}, {""candidate_id"": ""C4"", ""bbox_xyxy"": [520.468, 273.235, 543.501, 286.468]}, {""candidate_id"": ""C5"", ""bbox_xyxy"": [555.755, 267.914, 618.725, 308.999]}, {""candidate_id"": ""C6"", ""bbox_xyxy"": [622.955, 272.355, 662.1, 294.827]}, {""candidate_id"": ""C7"", ""bbox_xyxy"": [710.011, 273.832, 797.06, 314.675]}, {""candidate_id"": ""C8"", ""bbox_xyxy"": [797.838, 280.972, 897.179, 319.274]}]",data/object_detections/2026_02_19_09_54_29_637f45a0/masks/FL/2026_02_19_09_54_29_637f45a0_f001225_fl_car_001.png,highway,day,clear
P0059,data/camera_splits/2026_02_19_09_54_29_637f45a0/FL/fl_001232.jpg,data/camera_splits/2026_02_19_09_54_29_637f45a0/RL/rl_001282.jpg,"[80.828, 350.82, 179.715, 394.84]","[{""candidate_id"": ""C1"", ""bbox_xyxy"": [0.02, 258.93, 43.673, 295.836]}, {""candidate_id"": ""C2"", ""bbox_xyxy"": [256.355, 268.309, 276.773, 279.328]}, {""candidate_id"": ""C3"", ""bbox_xyxy"": [425.965, 269.057, 447.921, 286.934]}, {""candidate_id"": ""C4"", ""bbox_xyxy"": [520.468, 273.235, 543.501, 286.468]}, {""candidate_id"": ""C5"", ""bbox_xyxy"": [555.755, 267.914, 618.725, 308.999]}, {""candidate_id"": ""C6"", ""bbox_xyxy"": [622.955, 272.355, 662.1, 294.827]}, {""candidate_id"": ""C7"", ""bbox_xyxy"": [710.011, 273.832, 797.06, 314.675]}, {""candidate_id"": ""C8"", ""bbox_xyxy"": [797.838, 280.972, 897.179, 319.274]}]",data/object_detections/2026_02_19_09_54_29_637f45a0/masks/FL/2026_02_19_09_54_29_637f45a0_f001232_fl_car_005.png,highway,day,clear
P0060,data/camera_splits/2026_02_19_09_54_29_637f45a0/FL/fl_001236.jpg,data/camera_splits/2026_02_19_09_54_29_637f45a0/RL/rl_001313.jpg,"[268.99, 350.761, 323.476, 381.758]","[{""candidate_id"": ""C1"", ""bbox_xyxy"": [124.028, 265.999, 167.912, 285.376]}, {""candidate_id"": ""C2"", ""bbox_xyxy"": [310.442, 254.263, 335.672, 275.667]}, {""candidate_id"": ""C3"", ""bbox_xyxy"": [428.916, 266.446, 440.339, 275.57]}, {""candidate_id"": ""C4"", ""bbox_xyxy"": [445.015, 263.727, 489.473, 298.998]}, {""candidate_id"": ""C5"", ""bbox_xyxy"": [526.862, 264.884, 568.259, 294.491]}, {""candidate_id"": ""C6"", ""bbox_xyxy"": [579.18, 269.247, 604.612, 283.299]}, {""candidate_id"": ""C7"", ""bbox_xyxy"": [616.85, 269.885, 653.347, 289.359]}, {""candidate_id"": ""C8"", ""bbox_xyxy"": [657.297, 248.425, 723.677, 298.181]}, {""candidate_id"": ""C9"", ""bbox_xyxy"": [755.175, 266.408, 846.671, 303.997]}]",data/object_detections/2026_02_19_09_54_29_637f45a0/masks/FL/2026_02_19_09_54_29_637f45a0_f001236_fl_truck_008.png,highway,day,clear
P0061,data/camera_splits/2026_02_19_09_54_29_637f45a0/FL/fl_001237.jpg,data/camera_splits/2026_02_19_09_54_29_637f45a0/RL/rl_001313.jpg,"[209.807, 348.399, 262.643, 381.714]","[{""candidate_id"": ""C1"", ""bbox_xyxy"": [124.028, 265.999, 167.912, 285.376]}, {""candidate_id"": ""C2"", ""bbox_xyxy"": [310.442, 254.263, 335.672, 275.667]}, {""candidate_id"": ""C3"", ""bbox_xyxy"": [428.916, 266.446, 440.339, 275.57]}, {""candidate_id"": ""C4"", ""bbox_xyxy"": [445.015, 263.727, 489.473, 298.998]}, {""candidate_id"": ""C5"", ""bbox_xyxy"": [526.862, 264.884, 568.259, 294.491]}, {""candidate_id"": ""C6"", ""bbox_xyxy"": [579.18, 269.247, 604.612, 283.299]}, {""candidate_id"": ""C7"", ""bbox_xyxy"": [616.85, 269.885, 653.347, 289.359]}, {""candidate_id"": ""C8"", ""bbox_xyxy"": [657.297, 248.425, 723.677, 298.181]}, {""candidate_id"": ""C9"", ""bbox_xyxy"": [755.175, 266.408, 846.671, 303.997]}]",data/object_detections/2026_02_19_09_54_29_637f45a0/masks/FL/2026_02_19_09_54_29_637f45a0_f001237_fl_truck_006.png,highway,day,clear
P0062,data/camera_splits/2026_02_19_09_54_29_637f45a0/FL/fl_001526.jpg,data/camera_splits/2026_02_19_09_54_29_637f45a0/RL/rl_001543.jpg,"[43.223, 355.203, 130.82, 390.819]","[{""candidate_id"": ""C1"", ""bbox_xyxy"": [526.098, 274.599, 637.643, 330.498]}, {""candidate_id"": ""C2"", ""bbox_xyxy"": [640.063, 261.305, 712.215, 305.053]}, {""candidate_id"": ""C3"", ""bbox_xyxy"": [765.4, 275.079, 846.917, 307.955]}]",data/object_detections/2026_02_19_09_54_29_637f45a0/masks/FL/2026_02_19_09_54_29_637f45a0_f001526_fl_car_001.png,highway,day,clear
P0063,data/camera_splits/2026_02_19_09_54_29_637f45a0/FL/fl_001582.jpg,data/camera_splits/2026_02_19_09_54_29_637f45a0/RL/rl_001616.jpg,"[230.849, 325.363, 312.726, 384.222]","[{""candidate_id"": ""C1"", ""bbox_xyxy"": [375.579, 270.949, 385.918, 277.495]}, {""candidate_id"": ""C2"", ""bbox_xyxy"": [377.264, 261.95, 472.802, 342.924]}, {""candidate_id"": ""C3"", ""bbox_xyxy"": [482.297, 272.025, 502.43, 287.858]}, {""candidate_id"": ""C4"", ""bbox_xyxy"": [616.63, 237.331, 726.93, 312.557]}, {""candidate_id"": ""C5"", ""bbox_xyxy"": [762.494, 277.097, 878.033, 321.813]}]",data/object_detections/2026_02_19_09_54_29_637f45a0/masks/FL/2026_02_19_09_54_29_637f45a0_f001582_fl_truck_001.png,highway,day,clear
P0064,data/camera_splits/2026_02_19_09_54_29_637f45a0/FL/fl_001597.jpg,data/camera_splits/2026_02_19_09_54_29_637f45a0/RL/rl_001638.jpg,"[49.11, 350.4, 152.07, 394.434]","[{""candidate_id"": ""C1"", ""bbox_xyxy"": [267.433, 278.595, 304.602, 287.674]}, {""candidate_id"": ""C2"", ""bbox_xyxy"": [388.919, 260.921, 476.751, 335.208]}, {""candidate_id"": ""C3"", ""bbox_xyxy"": [533.578, 262.191, 560.41, 286.639]}, {""candidate_id"": ""C4"", ""bbox_xyxy"": [604.861, 275.666, 640.764, 295.977]}, {""candidate_id"": ""C5"", ""bbox_xyxy"": [731.68, 274.3, 857.895, 333.652]}]",data/object_detections/2026_02_19_09_54_29_637f45a0/masks/FL/2026_02_19_09_54_29_637f45a0_f001597_fl_car_001.png,highway,day,clear
P0065,data/camera_splits/2026_02_19_09_54_29_637f45a0/FL/fl_001613.jpg,data/camera_splits/2026_02_19_09_54_29_637f45a0/RL/rl_001624.jpg,"[647.983, 334.361, 762.973, 385.618]","[{""candidate_id"": ""C1"", ""bbox_xyxy"": [0.0, 199.623, 148.159, 303.194]}, {""candidate_id"": ""C2"", ""bbox_xyxy"": [342.427, 270.859, 362.669, 277.787]}, {""candidate_id"": ""C3"", ""bbox_xyxy"": [375.47, 259.582, 469.34, 338.242]}, {""candidate_id"": ""C4"", ""bbox_xyxy"": [565.686, 249.011, 620.777, 292.436]}, {""candidate_id"": ""C5"", ""bbox_xyxy"": [679.406, 274.882, 747.1, 304.438]}]",data/object_detections/2026_02_19_09_54_29_637f45a0/masks/FL/2026_02_19_09_54_29_637f45a0_f001613_fl_truck_001.png,highway,day,clear
P0066,data/camera_splits/2026_02_19_09_54_29_637f45a0/FL/fl_001630.jpg,data/camera_splits/2026_02_19_09_54_29_637f45a0/RL/rl_001645.jpg,"[61.295, 335.267, 167.471, 389.706]","[{""candidate_id"": ""C1"", ""bbox_xyxy"": [16.212, 271.24, 120.569, 311.235]}, {""candidate_id"": ""C2"", ""bbox_xyxy"": [260.972, 280.968, 302.276, 289.702]}, {""candidate_id"": ""C3"", ""bbox_xyxy"": [386.93, 260.862, 470.396, 331.082]}, {""candidate_id"": ""C4"", ""bbox_xyxy"": [483.722, 272.163, 498.243, 283.264]}, {""candidate_id"": ""C5"", ""bbox_xyxy"": [528.347, 264.359, 549.28, 284.878]}, {""candidate_id"": ""C6"", ""bbox_xyxy"": [582.388, 274.794, 611.164, 292.313]}, {""candidate_id"": ""C7"", ""bbox_xyxy"": [647.56, 274.073, 719.244, 313.64]}, {""candidate_id"": ""C8"", ""bbox_xyxy"": [716.576, 268.054, 870.143, 318.815]}, {""candidate_id"": ""C9"", ""bbox_xyxy"": [905.9, 217.194, 920.086, 244.727]}]",data/object_detections/2026_02_19_09_54_29_637f45a0/masks/FL/2026_02_19_09_54_29_637f45a0_f001630_fl_delivery_van_005.png,highway,day,clear
P0067,data/camera_splits/2026_02_19_09_54_29_637f45a0/FL/fl_001653.jpg,data/camera_splits/2026_02_19_09_54_29_637f45a0/RL/rl_001697.jpg,"[212.905, 333.107, 301.055, 390.945]","[{""candidate_id"": ""C1"", ""bbox_xyxy"": [15.978, 257.23, 140.383, 276.641]}, {""candidate_id"": ""C2"", ""bbox_xyxy"": [202.212, 251.775, 338.932, 333.231]}, {""candidate_id"": ""C3"", ""bbox_xyxy"": [464.049, 272.788, 473.974, 280.096]}, {""candidate_id"": ""C4"", ""bbox_xyxy"": [483.375, 271.383, 491.276, 277.826]}, {""candidate_id"": ""C5"", ""bbox_xyxy"": [621.747, 248.15, 779.851, 340.639]}, {""candidate_id"": ""C6"", ""bbox_xyxy"": [794.875, 248.711, 815.987, 266.913]}]",data/object_detections/2026_02_19_09_54_29_637f45a0/masks/FL/2026_02_19_09_54_29_637f45a0_f001653_fl_delivery_van_001.png,highway,day,clear
P0068,data/camera_splits/2026_02_19_09_54_29_637f45a0/FL/fl_001857.jpg,data/camera_splits/2026_02_19_09_54_29_637f45a0/RL/rl_001900.jpg,"[123.227, 340.41, 275.073, 411.265]","[{""candidate_id"": ""C1"", ""bbox_xyxy"": [281.566, 268.131, 301.199, 278.969]}, {""candidate_id"": ""C2"", ""bbox_xyxy"": [354.358, 267.525, 364.284, 274.584]}, {""candidate_id"": ""C3"", ""bbox_xyxy"": [381.676, 268.265, 390.698, 273.78]}, {""candidate_id"": ""C4"", ""bbox_xyxy"": [408.232, 259.4, 451.727, 299.879]}, {""candidate_id"": ""C5"", ""bbox_xyxy"": [457.068, 269.247, 467.117, 276.995]}, {""candidate_id"": ""C6"", ""bbox_xyxy"": [472.557, 266.877, 483.579, 277.154]}, {""candidate_id"": ""C7"", ""bbox_xyxy"": [539.677, 261.759, 680.184, 348.77]}, {""candidate_id"": ""C8"", ""bbox_xyxy"": [642.126, 265.942, 760.428, 333.099]}]",data/object_detections/2026_02_19_09_54_29_637f45a0/masks/FL/2026_02_19_09_54_29_637f45a0_f001857_fl_car_001.png,highway,day,clear
P0069,data/camera_splits/2026_02_19_09_54_29_637f45a0/FL/fl_001886.jpg,data/camera_splits/2026_02_19_09_54_29_637f45a0/RL/rl_001933.jpg,"[160.999, 346.625, 249.326, 394.333]","[{""candidate_id"": ""C1"", ""bbox_xyxy"": [354.401, 266.323, 365.315, 272.735]}, {""candidate_id"": ""C2"", ""bbox_xyxy"": [409.325, 260.126, 448.534, 297.354]}, {""candidate_id"": ""C3"", ""bbox_xyxy"": [464.006, 268.251, 474.484, 277.354]}, {""candidate_id"": ""C4"", ""bbox_xyxy"": [488.114, 266.92, 542.154, 307.508]}, {""candidate_id"": ""C5"", ""bbox_xyxy"": [661.682, 268.841, 751.758, 316.342]}]",data/object_detections/2026_02_19_09_54_29_637f45a0/masks/FL/2026_02_19_09_54_29_637f45a0_f001886_fl_delivery_van_004.png,highway,day,clear
P0070,data/camera_splits/2026_02_19_09_54_29_637f45a0/FL/fl_001892.jpg,data/camera_splits/2026_02_19_09_54_29_637f45a0/RL/rl_001929.jpg,"[49.262, 341.193, 184.876, 406.754]","[{""candidate_id"": ""C1"", ""bbox_xyxy"": [293.822, 217.262, 312.401, 238.428]}, {""candidate_id"": ""C2"", ""bbox_xyxy"": [294.068, 217.29, 311.87, 234.87]}, {""candidate_id"": ""C3"", ""bbox_xyxy"": [340.588, 265.937, 353.405, 273.898]}, {""candidate_id"": ""C4"", ""bbox_xyxy"": [411.723, 260.425, 451.763, 297.504]}, {""candidate_id"": ""C5"", ""bbox_xyxy"": [467.241, 268.451, 477.05, 277.647]}, {""candidate_id"": ""C6"", ""bbox_xyxy"": [497.855, 266.747, 557.352, 310.865]}, {""candidate_id"": ""C7"", ""bbox_xyxy"": [713.586, 269.139, 839.607, 330.109]}]",data/object_detections/2026_02_19_09_54_29_637f45a0/masks/FL/2026_02_19_09_54_29_637f45a0_f001892_fl_delivery_van_004.png,highway,day,clear
P0071,data/camera_splits/2026_02_19_09_54_29_637f45a0/FL/fl_001994.jpg,data/camera_splits/2026_02_19_09_54_29_637f45a0/RL/rl_002033.jpg,"[267.128, 341.991, 379.286, 413.262]","[{""candidate_id"": ""C1"", ""bbox_xyxy"": [412.662, 264.428, 443.952, 293.699]}, {""candidate_id"": ""C2"", ""bbox_xyxy"": [443.327, 271.269, 461.169, 285.446]}, {""candidate_id"": ""C3"", ""bbox_xyxy"": [478.813, 271.347, 500.325, 287.931]}, {""candidate_id"": ""C4"", ""bbox_xyxy"": [520.436, 261.273, 637.553, 337.616]}, {""candidate_id"": ""C5"", ""bbox_xyxy"": [608.556, 262.443, 726.14, 327.5]}]",data/object_detections/2026_02_19_09_54_29_637f45a0/masks/FL/2026_02_19_09_54_29_637f45a0_f001994_fl_car_001.png,highway,day,clear
P0072,data/camera_splits/2026_02_19_09_54_29_637f45a0/FL/fl_002038.jpg,data/camera_splits/2026_02_19_09_54_29_637f45a0/RL/rl_002096.jpg,"[0.0, 296.055, 302.901, 479.402]","[{""candidate_id"": ""C1"", ""bbox_xyxy"": [171.654, 248.843, 227.936, 271.163]}, {""candidate_id"": ""C2"", ""bbox_xyxy"": [216.574, 255.856, 246.971, 270.886]}, {""candidate_id"": ""C3"", ""bbox_xyxy"": [276.249, 263.07, 301.972, 271.504]}, {""candidate_id"": ""C4"", ""bbox_xyxy"": [413.464, 264.126, 446.345, 294.029]}, {""candidate_id"": ""C5"", ""bbox_xyxy"": [459.781, 271.269, 484.637, 288.917]}, {""candidate_id"": ""C6"", ""bbox_xyxy"": [496.945, 261.932, 559.575, 307.762]}]",data/object_detections/2026_02_19_09_54_29_637f45a0/masks/FL/2026_02_19_09_54_29_637f45a0_f002038_fl_car_002.png,highway,day,clear
P0073,data/camera_splits/2026_02_19_09_54_29_637f45a0/FL/fl_002202.jpg,data/camera_splits/2026_02_19_09_54_29_637f45a0/RL/rl_002259.jpg,"[276.911, 343.271, 381.523, 410.598]","[{""candidate_id"": ""C1"", ""bbox_xyxy"": [99.425, 256.958, 176.627, 281.543]}, {""candidate_id"": ""C2"", ""bbox_xyxy"": [339.085, 268.529, 350.868, 274.993]}, {""candidate_id"": ""C3"", ""bbox_xyxy"": [358.867, 270.067, 367.8, 274.545]}, {""candidate_id"": ""C4"", ""bbox_xyxy"": [376.492, 267.041, 390.462, 274.161]}, {""candidate_id"": ""C5"", ""bbox_xyxy"": [410.459, 260.941, 448.202, 296.995]}, {""candidate_id"": ""C6"", ""bbox_xyxy"": [446.605, 269.275, 460.7, 281.301]}, {""candidate_id"": ""C7"", ""bbox_xyxy"": [478.464, 266.136, 527.357, 301.218]}, {""candidate_id"": ""C8"", ""bbox_xyxy"": [662.256, 262.335, 676.311, 266.647]}]",data/object_detections/2026_02_19_09_54_29_637f45a0/masks/FL/2026_02_19_09_54_29_637f45a0_f002202_fl_car_001.png,highway,day,clear
P0074,data/camera_splits/2026_02_19_09_54_29_637f45a0/FL/fl_002246.jpg,data/camera_splits/2026_02_19_09_54_29_637f45a0/RL/rl_002328.jpg,"[354.597, 352.64, 416.85, 394.77]","[{""candidate_id"": ""C1"", ""bbox_xyxy"": [216.603, 265.506, 258.708, 279.004]}, {""candidate_id"": ""C2"", ""bbox_xyxy"": [351.008, 261.286, 371.13, 274.98]}, {""candidate_id"": ""C3"", ""bbox_xyxy"": [414.108, 263.361, 445.016, 292.37]}, {""candidate_id"": ""C4"", ""bbox_xyxy"": [447.351, 271.456, 462.213, 282.048]}, {""candidate_id"": ""C5"", ""bbox_xyxy"": [465.702, 271.679, 496.206, 293.517]}, {""candidate_id"": ""C6"", ""bbox_xyxy"": [545.095, 264.611, 674.919, 348.526]}]",data/object_detections/2026_02_19_09_54_29_637f45a0/masks/FL/2026_02_19_09_54_29_637f45a0_f002246_fl_car_001.png,highway,day,clear
P0075,data/camera_splits/2026_02_19_09_54_29_637f45a0/FL/fl_002246.jpg,data/camera_splits/2026_02_19_09_54_29_637f45a0/RL/rl_002343.jpg,"[354.597, 352.64, 416.85, 394.77]","[{""candidate_id"": ""C1"", ""bbox_xyxy"": [366.804, 270.049, 379.344, 274.936]}, {""candidate_id"": ""C2"", ""bbox_xyxy"": [416.248, 263.802, 445.363, 290.846]}, {""candidate_id"": ""C3"", ""bbox_xyxy"": [446.539, 271.578, 458.714, 280.313]}, {""candidate_id"": ""C4"", ""bbox_xyxy"": [458.983, 270.772, 480.887, 287.469]}, {""candidate_id"": ""C5"", ""bbox_xyxy"": [490.794, 267.975, 544.311, 307.47]}, {""candidate_id"": ""C6"", ""bbox_xyxy"": [594.449, 272.32, 602.216, 290.873]}]",data/object_detections/2026_02_19_09_54_29_637f45a0/masks/FL/2026_02_19_09_54_29_637f45a0_f002246_fl_car_001.png,highway,day,clear
P0076,data/camera_splits/2026_02_19_09_54_29_637f45a0/FL/fl_002255.jpg,data/camera_splits/2026_02_19_09_54_29_637f45a0/RL/rl_002321.jpg,"[286.156, 346.806, 386.2, 409.564]","[{""candidate_id"": ""C1"", ""bbox_xyxy"": [256.445, 247.725, 311.904, 277.561]}, {""candidate_id"": ""C2"", ""bbox_xyxy"": [358.637, 269.765, 368.092, 274.868]}, {""candidate_id"": ""C3"", ""bbox_xyxy"": [413.909, 263.138, 445.738, 293.121]}, {""candidate_id"": ""C4"", ""bbox_xyxy"": [449.821, 271.688, 465.336, 283.047]}, {""candidate_id"": ""C5"", ""bbox_xyxy"": [471.895, 270.809, 508.412, 297.403]}, {""candidate_id"": ""C6"", ""bbox_xyxy"": [618.988, 258.714, 927.758, 376.932]}]",data/object_detections/2026_02_19_09_54_29_637f45a0/masks/FL/2026_02_19_09_54_29_637f45a0_f002255_fl_car_001.png,highway,day,clear
P0077,data/camera_splits/2026_02_19_09_54_29_637f45a0/FL/fl_002362.jpg,data/camera_splits/2026_02_19_09_54_29_637f45a0/RL/rl_002554.jpg,"[218.787, 345.864, 360.668, 423.108]","[{""candidate_id"": ""C1"", ""bbox_xyxy"": [147.226, 252.078, 241.083, 276.229]}, {""candidate_id"": ""C2"", ""bbox_xyxy"": [276.442, 265.961, 298.169, 275.936]}, {""candidate_id"": ""C3"", ""bbox_xyxy"": [333.205, 259.4, 351.224, 274.37]}, {""candidate_id"": ""C4"", ""bbox_xyxy"": [401.776, 258.462, 455.153, 307.861]}, {""candidate_id"": ""C5"", ""bbox_xyxy"": [479.698, 270.57, 520.248, 299.383]}, {""candidate_id"": ""C6"", ""bbox_xyxy"": [479.772, 270.493, 520.2, 299.388]}, {""candidate_id"": ""C7"", ""bbox_xyxy"": [638.222, 266.566, 737.786, 318.223]}]",data/object_detections/2026_02_19_09_54_29_637f45a0/masks/FL/2026_02_19_09_54_29_637f45a0_f002362_fl_car_001.png,highway,day,clear
P0078,data/camera_splits/2026_02_19_09_54_29_637f45a0/FL/fl_002888.jpg,data/camera_splits/2026_02_19_09_54_29_637f45a0/RL/rl_002763.jpg,"[97.945, 348.172, 257.974, 415.303]","[{""candidate_id"": ""C1"", ""bbox_xyxy"": [0.0, 261.751, 67.324, 303.804]}, {""candidate_id"": ""C2"", ""bbox_xyxy"": [264.544, 260.697, 328.179, 283.442]}, {""candidate_id"": ""C3"", ""bbox_xyxy"": [345.69, 270.004, 369.665, 279.343]}, {""candidate_id"": ""C4"", ""bbox_xyxy"": [411.786, 258.771, 461.64, 305.44]}, {""candidate_id"": ""C5"", ""bbox_xyxy"": [471.144, 271.396, 478.295, 278.406]}, {""candidate_id"": ""C6"", ""bbox_xyxy"": [485.122, 270.949, 498.908, 281.775]}, {""candidate_id"": ""C7"", ""bbox_xyxy"": [502.865, 255.034, 574.185, 312.637]}, {""candidate_id"": ""C8"", ""bbox_xyxy"": [604.387, 266.414, 907.804, 375.699]}]",data/object_detections/2026_02_19_09_54_29_637f45a0/masks/FL/2026_02_19_09_54_29_637f45a0_f002888_fl_car_001.png,highway,day,clear
P0079,data/camera_splits/2026_02_19_09_54_29_637f45a0/FL/fl_002888.jpg,data/camera_splits/2026_02_19_09_54_29_637f45a0/RL/rl_002763.jpg,"[266.485, 319.968, 382.931, 409.421]","[{""candidate_id"": ""C1"", ""bbox_xyxy"": [0.0, 261.751, 67.324, 303.804]}, {""candidate_id"": ""C2"", ""bbox_xyxy"": [264.544, 260.697, 328.179, 283.442]}, {""candidate_id"": ""C3"", ""bbox_xyxy"": [345.69, 270.004, 369.665, 279.343]}, {""candidate_id"": ""C4"", ""bbox_xyxy"": [411.786, 258.771, 461.64, 305.44]}, {""candidate_id"": ""C5"", ""bbox_xyxy"": [471.144, 271.396, 478.295, 278.406]}, {""candidate_id"": ""C6"", ""bbox_xyxy"": [485.122, 270.949, 498.908, 281.775]}, {""candidate_id"": ""C7"", ""bbox_xyxy"": [502.865, 255.034, 574.185, 312.637]}, {""candidate_id"": ""C8"", ""bbox_xyxy"": [604.387, 266.414, 907.804, 375.699]}]",data/object_detections/2026_02_19_09_54_29_637f45a0/masks/FL/2026_02_19_09_54_29_637f45a0_f002888_fl_delivery_van_007.png,highway,day,clear
P0080,data/camera_splits/2026_02_19_09_54_29_637f45a0/FL/fl_002888.jpg,data/camera_splits/2026_02_19_09_54_29_637f45a0/RL/rl_002765.jpg,"[266.485, 319.968, 382.931, 409.421]","[{""candidate_id"": ""C1"", ""bbox_xyxy"": [156.897, 263.013, 208.75, 291.4]}, {""candidate_id"": ""C2"", ""bbox_xyxy"": [317.05, 262.883, 355.8, 278.697]}, {""candidate_id"": ""C3"", ""bbox_xyxy"": [365.13, 268.934, 379.34, 276.314]}, {""candidate_id"": ""C4"", ""bbox_xyxy"": [382.893, 261.846, 394.249, 275.162]}, {""candidate_id"": ""C5"", ""bbox_xyxy"": [411.303, 257.373, 461.923, 304.554]}, {""candidate_id"": ""C6"", ""bbox_xyxy"": [471.477, 269.408, 478.396, 277.406]}, {""candidate_id"": ""C7"", ""bbox_xyxy"": [485.929, 269.386, 499.324, 280.925]}, {""candidate_id"": ""C8"", ""bbox_xyxy"": [506.198, 252.147, 580.97, 313.093]}, {""candidate_id"": ""C9"", ""bbox_xyxy"": [618.13, 265.134, 959.112, 380.049]}]",data/object_detections/2026_02_19_09_54_29_637f45a0/masks/FL/2026_02_19_09_54_29_637f45a0_f002888_fl_delivery_van_007.png,highway,day,clear
P0081,data/camera_splits/2026_02_19_09_54_29_637f45a0/FL/fl_002902.jpg,data/camera_splits/2026_02_19_09_54_29_637f45a0/RL/rl_002770.jpg,"[327.824, 332.084, 403.153, 395.907]","[{""candidate_id"": ""C1"", ""bbox_xyxy"": [52.218, 258.681, 179.347, 303.028]}, {""candidate_id"": ""C2"", ""bbox_xyxy"": [201.331, 259.094, 277.386, 291.258]}, {""candidate_id"": ""C3"", ""bbox_xyxy"": [281.453, 269.007, 308.119, 284.9]}, {""candidate_id"": ""C4"", ""bbox_xyxy"": [321.089, 268.789, 344.819, 281.932]}, {""candidate_id"": ""C5"", ""bbox_xyxy"": [360.366, 269.211, 372.251, 278.531]}, {""candidate_id"": ""C6"", ""bbox_xyxy"": [410.104, 258.565, 461.594, 306.14]}, {""candidate_id"": ""C7"", ""bbox_xyxy"": [472.166, 270.044, 479.354, 278.097]}, {""candidate_id"": ""C8"", ""bbox_xyxy"": [486.985, 270.62, 500.523, 281.592]}, {""candidate_id"": ""C9"", ""bbox_xyxy"": [513.85, 251.745, 596.414, 316.778]}, {""candidate_id"": ""C10"", ""bbox_xyxy"": [654.789, 261.449, 960.0, 382.293]}, {""candidate_id"": ""C11"", ""bbox_xyxy"": [721.338, 214.343, 798.179, 262.808]}]",data/object_detections/2026_02_19_09_54_29_637f45a0/masks/FL/2026_02_19_09_54_29_637f45a0_f002902_fl_delivery_van_005.png,highway,day,clear
P0082,data/camera_splits/2026_02_19_09_54_29_637f45a0/FL/fl_002987.jpg,data/camera_splits/2026_02_19_09_54_29_637f45a0/RL/rl_003001.jpg,"[690.889, 328.891, 808.876, 383.178]","[{""candidate_id"": ""C1"", ""bbox_xyxy"": [0.0, 256.925, 126.697, 302.903]}, {""candidate_id"": ""C2"", ""bbox_xyxy"": [34.118, 225.809, 150.609, 267.524]}, {""candidate_id"": ""C3"", ""bbox_xyxy"": [184.237, 246.806, 261.887, 290.119]}, {""candidate_id"": ""C4"", ""bbox_xyxy"": [399.517, 256.086, 464.449, 316.036]}, {""candidate_id"": ""C5"", ""bbox_xyxy"": [467.223, 274.266, 476.101, 282.34]}, {""candidate_id"": ""C6"", ""bbox_xyxy"": [484.616, 276.041, 495.57, 284.539]}]",data/object_detections/2026_02_19_09_54_29_637f45a0/masks/FL/2026_02_19_09_54_29_637f45a0_f002987_fl_truck_002.png,highway,day,clear
P0083,data/camera_splits/2026_02_19_09_54_29_637f45a0/FL/fl_003056.jpg,data/camera_splits/2026_02_19_09_54_29_637f45a0/RL/rl_003070.jpg,"[692.47, 339.621, 775.756, 384.46]","[{""candidate_id"": ""C1"", ""bbox_xyxy"": [0.0, 225.727, 70.978, 301.243]}, {""candidate_id"": ""C2"", ""bbox_xyxy"": [209.091, 263.758, 266.621, 287.16]}, {""candidate_id"": ""C3"", ""bbox_xyxy"": [322.033, 266.16, 351.096, 279.82]}, {""candidate_id"": ""C4"", ""bbox_xyxy"": [351.595, 272.745, 363.913, 278.619]}, {""candidate_id"": ""C5"", ""bbox_xyxy"": [406.261, 258.123, 464.323, 310.554]}, {""candidate_id"": ""C6"", ""bbox_xyxy"": [636.373, 273.887, 664.903, 280.905]}]",data/object_detections/2026_02_19_09_54_29_637f45a0/masks/FL/2026_02_19_09_54_29_637f45a0_f003056_fl_truck_005.png,highway,day,clear
P0084,data/camera_splits/2026_02_19_09_54_29_637f45a0/FL/fl_003063.jpg,data/camera_splits/2026_02_19_09_54_29_637f45a0/RL/rl_003183.jpg,"[257.913, 347.406, 372.994, 413.832]","[{""candidate_id"": ""C1"", ""bbox_xyxy"": [0.0, 227.511, 117.871, 303.012]}, {""candidate_id"": ""C2"", ""bbox_xyxy"": [224.239, 239.15, 290.219, 281.561]}, {""candidate_id"": ""C3"", ""bbox_xyxy"": [233.109, 265.146, 292.461, 284.565]}, {""candidate_id"": ""C4"", ""bbox_xyxy"": [406.145, 255.502, 464.114, 309.773]}, {""candidate_id"": ""C5"", ""bbox_xyxy"": [498.398, 269.587, 563.614, 312.91]}, {""candidate_id"": ""C6"", ""bbox_xyxy"": [682.121, 273.987, 860.468, 351.64]}]",data/object_detections/2026_02_19_09_54_29_637f45a0/masks/FL/2026_02_19_09_54_29_637f45a0_f003063_fl_car_001.png,highway,day,clear
P0085,data/camera_splits/2026_02_19_09_54_29_637f45a0/FL/fl_003167.jpg,data/camera_splits/2026_02_19_09_54_29_637f45a0/RL/rl_003277.jpg,"[310.233, 344.709, 401.361, 408.554]","[{""candidate_id"": ""C1"", ""bbox_xyxy"": [313.885, 260.587, 347.949, 278.01]}, {""candidate_id"": ""C2"", ""bbox_xyxy"": [403.872, 260.896, 453.232, 305.168]}, {""candidate_id"": ""C3"", ""bbox_xyxy"": [457.596, 274.558, 476.579, 289.066]}, {""candidate_id"": ""C4"", ""bbox_xyxy"": [501.128, 267.072, 575.846, 321.607]}, {""candidate_id"": ""C5"", ""bbox_xyxy"": [908.136, 270.939, 960.0, 308.678]}]",data/object_detections/2026_02_19_09_54_29_637f45a0/masks/FL/2026_02_19_09_54_29_637f45a0_f003167_fl_car_005.png,highway,day,clear
P0086,data/camera_splits/2026_02_19_09_54_29_637f45a0/FL/fl_003484.jpg,data/camera_splits/2026_02_19_09_54_29_637f45a0/RL/rl_003513.jpg,"[202.078, 353.038, 293.639, 401.822]","[{""candidate_id"": ""C1"", ""bbox_xyxy"": [407.991, 262.812, 447.777, 277.086]}, {""candidate_id"": ""C2"", ""bbox_xyxy"": [412.167, 270.907, 422.797, 279.189]}, {""candidate_id"": ""C3"", ""bbox_xyxy"": [448.27, 269.866, 461.595, 280.693]}, {""candidate_id"": ""C4"", ""bbox_xyxy"": [477.742, 269.465, 498.112, 284.622]}, {""candidate_id"": ""C5"", ""bbox_xyxy"": [498.914, 266.016, 574.86, 323.009]}, {""candidate_id"": ""C6"", ""bbox_xyxy"": [625.275, 274.443, 728.687, 329.473]}, {""candidate_id"": ""C7"", ""bbox_xyxy"": [685.095, 269.089, 784.887, 322.259]}]",data/object_detections/2026_02_19_09_54_29_637f45a0/masks/FL/2026_02_19_09_54_29_637f45a0_f003484_fl_car_001.png,highway,day,clear
P0087,data/camera_splits/2026_02_19_09_54_29_637f45a0/FL/fl_003859.jpg,data/camera_splits/2026_02_19_09_54_29_637f45a0/RL/rl_003787.jpg,"[584.778, 338.916, 754.785, 436.695]","[{""candidate_id"": ""C1"", ""bbox_xyxy"": [96.827, 253.998, 188.057, 276.806]}, {""candidate_id"": ""C2"", ""bbox_xyxy"": [231.614, 260.757, 256.071, 273.461]}, {""candidate_id"": ""C3"", ""bbox_xyxy"": [317.763, 263.008, 378.594, 302.81]}, {""candidate_id"": ""C4"", ""bbox_xyxy"": [397.132, 263.898, 407.729, 269.123]}, {""candidate_id"": ""C5"", ""bbox_xyxy"": [429.91, 269.221, 440.693, 275.731]}, {""candidate_id"": ""C6"", ""bbox_xyxy"": [481.172, 269.634, 515.564, 296.703]}]",data/object_detections/2026_02_19_09_54_29_637f45a0/masks/FL/2026_02_19_09_54_29_637f45a0_f003859_fl_car_001.png,highway,day,clear
P0088,data/camera_splits/2026_02_19_09_54_29_637f45a0/FL/fl_004047.jpg,data/camera_splits/2026_02_19_09_54_29_637f45a0/RL/rl_004148.jpg,"[323.702, 318.933, 390.146, 383.162]","[{""candidate_id"": ""C1"", ""bbox_xyxy"": [140.517, 250.068, 231.735, 277.494]}, {""candidate_id"": ""C2"", ""bbox_xyxy"": [357.633, 262.128, 367.782, 274.138]}, {""candidate_id"": ""C3"", ""bbox_xyxy"": [405.767, 268.316, 420.287, 281.301]}, {""candidate_id"": ""C4"", ""bbox_xyxy"": [435.728, 273.678, 447.626, 281.314]}, {""candidate_id"": ""C5"", ""bbox_xyxy"": [457.435, 271.798, 472.076, 283.996]}, {""candidate_id"": ""C6"", ""bbox_xyxy"": [507.276, 237.518, 573.616, 302.111]}, {""candidate_id"": ""C7"", ""bbox_xyxy"": [572.986, 270.199, 586.72, 285.618]}, {""candidate_id"": ""C8"", ""bbox_xyxy"": [713.37, 279.92, 795.225, 318.279]}]",data/object_detections/2026_02_19_09_54_29_637f45a0/masks/FL/2026_02_19_09_54_29_637f45a0_f004047_fl_truck_001.png,highway,day,clear
P0089,data/camera_splits/2026_02_19_09_54_29_637f45a0/FL/fl_004076.jpg,data/camera_splits/2026_02_19_09_54_29_637f45a0/RL/rl_004165.jpg,"[90.192, 245.647, 325.208, 415.143]","[{""candidate_id"": ""C1"", ""bbox_xyxy"": [0.253, 201.642, 232.141, 276.589]}, {""candidate_id"": ""C2"", ""bbox_xyxy"": [87.113, 254.173, 177.2, 276.649]}, {""candidate_id"": ""C3"", ""bbox_xyxy"": [285.629, 261.283, 319.248, 274.795]}, {""candidate_id"": ""C4"", ""bbox_xyxy"": [297.363, 249.621, 330.293, 273.243]}, {""candidate_id"": ""C5"", ""bbox_xyxy"": [436.97, 271.929, 448.432, 280.459]}, {""candidate_id"": ""C6"", ""bbox_xyxy"": [457.688, 272.248, 470.118, 282.157]}, {""candidate_id"": ""C7"", ""bbox_xyxy"": [480.614, 245.944, 523.993, 294.478]}, {""candidate_id"": ""C8"", ""bbox_xyxy"": [525.297, 274.397, 540.109, 286.008]}, {""candidate_id"": ""C9"", ""bbox_xyxy"": [578.038, 278.222, 610.646, 298.723]}, {""candidate_id"": ""C10"", ""bbox_xyxy"": [638.825, 280.635, 700.688, 312.681]}, {""candidate_id"": ""C11"", ""bbox_xyxy"": [780.622, 281.858, 953.195, 346.55]}]",data/object_detections/2026_02_19_09_54_29_637f45a0/masks/FL/2026_02_19_09_54_29_637f45a0_f004076_fl_truck_001.png,highway,day,clear
P0090,data/camera_splits/2026_02_19_09_54_29_637f45a0/FL/fl_004203.jpg,data/camera_splits/2026_02_19_09_54_29_637f45a0/RL/rl_004381.jpg,"[214.226, 352.769, 292.055, 393.901]","[{""candidate_id"": ""C1"", ""bbox_xyxy"": [58.297, 265.857, 118.715, 279.601]}, {""candidate_id"": ""C2"", ""bbox_xyxy"": [185.25, 266.693, 226.849, 277.503]}, {""candidate_id"": ""C3"", ""bbox_xyxy"": [242.83, 269.418, 265.39, 277.215]}, {""candidate_id"": ""C4"", ""bbox_xyxy"": [283.596, 269.195, 299.349, 275.433]}, {""candidate_id"": ""C5"", ""bbox_xyxy"": [320.49, 265.879, 346.154, 275.35]}, {""candidate_id"": ""C6"", ""bbox_xyxy"": [397.826, 269.748, 411.809, 281.394]}, {""candidate_id"": ""C7"", ""bbox_xyxy"": [413.276, 268.026, 447.997, 297.517]}, {""candidate_id"": ""C8"", ""bbox_xyxy"": [454.248, 219.589, 524.5, 298.066]}, {""candidate_id"": ""C9"", ""bbox_xyxy"": [536.139, 273.199, 543.154, 289.857]}, {""candidate_id"": ""C10"", ""bbox_xyxy"": [902.29, 45.402, 959.89, 172.114]}]",data/object_detections/2026_02_19_09_54_29_637f45a0/masks/FL/2026_02_19_09_54_29_637f45a0_f004203_fl_car_001.png,highway,day,clear
P0091,data/camera_splits/2026_02_19_09_54_29_637f45a0/FL/fl_004257.jpg,data/camera_splits/2026_02_19_09_54_29_637f45a0/RL/rl_004314.jpg,"[100.028, 347.411, 247.817, 414.406]","[{""candidate_id"": ""C1"", ""bbox_xyxy"": [0.0, 203.688, 274.03, 356.275]}, {""candidate_id"": ""C2"", ""bbox_xyxy"": [305.316, 267.12, 318.048, 276.704]}, {""candidate_id"": ""C3"", ""bbox_xyxy"": [338.467, 266.691, 353.448, 275.554]}, {""candidate_id"": ""C4"", ""bbox_xyxy"": [398.799, 270.667, 408.572, 278.389]}, {""candidate_id"": ""C5"", ""bbox_xyxy"": [408.382, 263.271, 467.375, 314.52]}, {""candidate_id"": ""C6"", ""bbox_xyxy"": [516.41, 266.91, 632.593, 335.919]}, {""candidate_id"": ""C7"", ""bbox_xyxy"": [626.705, 272.383, 737.992, 326.969]}]",data/object_detections/2026_02_19_09_54_29_637f45a0/masks/FL/2026_02_19_09_54_29_637f45a0_f004257_fl_car_001.png,highway,day,clear
P0092,data/camera_splits/2026_02_19_09_54_29_637f45a0/FL/fl_004257.jpg,data/camera_splits/2026_02_19_09_54_29_637f45a0/RL/rl_004314.jpg,"[332.363, 351.325, 404.258, 397.826]","[{""candidate_id"": ""C1"", ""bbox_xyxy"": [0.0, 203.688, 274.03, 356.275]}, {""candidate_id"": ""C2"", ""bbox_xyxy"": [305.316, 267.12, 318.048, 276.704]}, {""candidate_id"": ""C3"", ""bbox_xyxy"": [338.467, 266.691, 353.448, 275.554]}, {""candidate_id"": ""C4"", ""bbox_xyxy"": [398.799, 270.667, 408.572, 278.389]}, {""candidate_id"": ""C5"", ""bbox_xyxy"": [408.382, 263.271, 467.375, 314.52]}, {""candidate_id"": ""C6"", ""bbox_xyxy"": [516.41, 266.91, 632.593, 335.919]}, {""candidate_id"": ""C7"", ""bbox_xyxy"": [626.705, 272.383, 737.992, 326.969]}]",data/object_detections/2026_02_19_09_54_29_637f45a0/masks/FL/2026_02_19_09_54_29_637f45a0_f004257_fl_car_002.png,highway,day,clear
P0093,data/camera_splits/2026_02_19_09_54_29_637f45a0/FL/fl_004259.jpg,data/camera_splits/2026_02_19_09_54_29_637f45a0/RL/rl_004306.jpg,"[324.164, 350.518, 401.744, 400.525]","[{""candidate_id"": ""C1"", ""bbox_xyxy"": [93.741, 256.787, 109.915, 279.346]}, {""candidate_id"": ""C2"", ""bbox_xyxy"": [110.468, 232.912, 321.398, 350.888]}, {""candidate_id"": ""C3"", ""bbox_xyxy"": [400.301, 270.605, 410.869, 277.929]}, {""candidate_id"": ""C4"", ""bbox_xyxy"": [415.207, 262.726, 481.919, 320.234]}, {""candidate_id"": ""C5"", ""bbox_xyxy"": [474.803, 273.24, 486.928, 284.039]}, {""candidate_id"": ""C6"", ""bbox_xyxy"": [559.728, 261.386, 813.021, 370.475]}, {""candidate_id"": ""C7"", ""bbox_xyxy"": [719.437, 272.86, 872.336, 351.579]}]",data/object_detections/2026_02_19_09_54_29_637f45a0/masks/FL/2026_02_19_09_54_29_637f45a0_f004259_fl_car_001.png,highway,day,clear
P0094,data/camera_splits/2026_02_19_09_54_29_637f45a0/FL/fl_004259.jpg,data/camera_splits/2026_02_19_09_54_29_637f45a0/RL/rl_004306.jpg,"[63.884, 345.947, 232.426, 419.652]","[{""candidate_id"": ""C1"", ""bbox_xyxy"": [93.741, 256.787, 109.915, 279.346]}, {""candidate_id"": ""C2"", ""bbox_xyxy"": [110.468, 232.912, 321.398, 350.888]}, {""candidate_id"": ""C3"", ""bbox_xyxy"": [400.301, 270.605, 410.869, 277.929]}, {""candidate_id"": ""C4"", ""bbox_xyxy"": [415.207, 262.726, 481.919, 320.234]}, {""candidate_id"": ""C5"", ""bbox_xyxy"": [474.803, 273.24, 486.928, 284.039]}, {""candidate_id"": ""C6"", ""bbox_xyxy"": [559.728, 261.386, 813.021, 370.475]}, {""candidate_id"": ""C7"", ""bbox_xyxy"": [719.437, 272.86, 872.336, 351.579]}]",data/object_detections/2026_02_19_09_54_29_637f45a0/masks/FL/2026_02_19_09_54_29_637f45a0_f004259_fl_car_002.png,highway,day,clear
P0095,data/camera_splits/2026_02_19_09_54_29_637f45a0/FL/fl_004286.jpg,data/camera_splits/2026_02_19_09_54_29_637f45a0/RL/rl_004371.jpg,"[275.395, 250.666, 439.162, 404.046]","[{""candidate_id"": ""C1"", ""bbox_xyxy"": [96.778, 259.728, 175.105, 278.81]}, {""candidate_id"": ""C2"", ""bbox_xyxy"": [254.519, 266.054, 293.611, 277.21]}, {""candidate_id"": ""C3"", ""bbox_xyxy"": [401.347, 270.622, 414.395, 281.603]}, {""candidate_id"": ""C4"", ""bbox_xyxy"": [415.788, 267.828, 451.433, 298.117]}, {""candidate_id"": ""C5"", ""bbox_xyxy"": [461.702, 201.727, 560.276, 306.03]}]",data/object_detections/2026_02_19_09_54_29_637f45a0/masks/FL/2026_02_19_09_54_29_637f45a0_f004286_fl_truck_006.png,highway,day,clear
P0096,data/camera_splits/2026_02_19_09_54_29_637f45a0/FL/fl_004378.jpg,data/camera_splits/2026_02_19_09_54_29_637f45a0/RL/rl_004419.jpg,"[312.335, 345.329, 393.105, 405.008]","[{""candidate_id"": ""C1"", ""bbox_xyxy"": [284.548, 269.783, 305.121, 277.455]}, {""candidate_id"": ""C2"", ""bbox_xyxy"": [317.562, 269.587, 330.869, 276.991]}, {""candidate_id"": ""C3"", ""bbox_xyxy"": [393.383, 271.526, 410.038, 283.979]}, {""candidate_id"": ""C4"", ""bbox_xyxy"": [410.06, 269.187, 444.309, 297.19]}, {""candidate_id"": ""C5"", ""bbox_xyxy"": [444.79, 246.959, 474.196, 285.473]}, {""candidate_id"": ""C6"", ""bbox_xyxy"": [482.547, 270.012, 524.383, 301.48]}, {""candidate_id"": ""C7"", ""bbox_xyxy"": [522.798, 263.957, 622.3, 334.769]}]",data/object_detections/2026_02_19_09_54_29_637f45a0/masks/FL/2026_02_19_09_54_29_637f45a0_f004378_fl_car_003.png,highway,day,clear
P0097,data/camera_splits/2026_02_19_09_54_29_637f45a0/FL/fl_004437.jpg,data/camera_splits/2026_02_19_09_54_29_637f45a0/RL/rl_004505.jpg,"[273.028, 299.297, 392.612, 390.418]","[{""candidate_id"": ""C1"", ""bbox_xyxy"": [202.274, 263.739, 255.258, 277.827]}, {""candidate_id"": ""C2"", ""bbox_xyxy"": [314.485, 267.693, 328.992, 274.183]}, {""candidate_id"": ""C3"", ""bbox_xyxy"": [335.315, 262.919, 380.948, 295.781]}, {""candidate_id"": ""C4"", ""bbox_xyxy"": [420.529, 267.774, 451.978, 293.675]}, {""candidate_id"": ""C5"", ""bbox_xyxy"": [468.865, 271.703, 480.051, 280.141]}, {""candidate_id"": ""C6"", ""bbox_xyxy"": [488.365, 268.7, 506.676, 284.992]}, {""candidate_id"": ""C7"", ""bbox_xyxy"": [505.232, 232.052, 600.278, 301.445]}]",data/object_detections/2026_02_19_09_54_29_637f45a0/masks/FL/2026_02_19_09_54_29_637f45a0_f004437_fl_truck_004.png,highway,day,clear
P0098,data/camera_splits/2026_02_19_09_54_29_637f45a0/FL/fl_004449.jpg,data/camera_splits/2026_02_19_09_54_29_637f45a0/RL/rl_004510.jpg,"[72.298, 255.24, 363.317, 418.891]","[{""candidate_id"": ""C1"", ""bbox_xyxy"": [257.895, 266.422, 277.184, 275.663]}, {""candidate_id"": ""C2"", ""bbox_xyxy"": [327.387, 265.674, 337.866, 273.78]}, {""candidate_id"": ""C3"", ""bbox_xyxy"": [327.508, 261.885, 377.307, 297.041]}, {""candidate_id"": ""C4"", ""bbox_xyxy"": [419.453, 267.336, 449.73, 292.572]}, {""candidate_id"": ""C5"", ""bbox_xyxy"": [467.267, 270.575, 478.722, 278.781]}, {""candidate_id"": ""C6"", ""bbox_xyxy"": [485.108, 268.431, 499.489, 283.065]}, {""candidate_id"": ""C7"", ""bbox_xyxy"": [498.548, 238.135, 573.387, 296.908]}]",data/object_detections/2026_02_19_09_54_29_637f45a0/masks/FL/2026_02_19_09_54_29_637f45a0_f004449_fl_truck_005.png,highway,day,clear
P0099,data/camera_splits/2026_02_19_09_54_29_637f45a0/FL/fl_004801.jpg,data/camera_splits/2026_02_19_09_54_29_637f45a0/RL/rl_004726.jpg,"[559.739, 350.551, 653.178, 404.214]","[{""candidate_id"": ""C1"", ""bbox_xyxy"": [27.213, 252.603, 139.685, 284.826]}, {""candidate_id"": ""C2"", ""bbox_xyxy"": [301.063, 261.503, 325.589, 275.956]}, {""candidate_id"": ""C3"", ""bbox_xyxy"": [334.428, 262.33, 385.709, 294.864]}, {""candidate_id"": ""C4"", ""bbox_xyxy"": [425.61, 267.633, 449.489, 287.418]}, {""candidate_id"": ""C5"", ""bbox_xyxy"": [467.093, 266.832, 482.533, 282.851]}, {""candidate_id"": ""C6"", ""bbox_xyxy"": [490.09, 255.939, 513.151, 283.702]}]",data/object_detections/2026_02_19_09_54_29_637f45a0/masks/FL/2026_02_19_09_54_29_637f45a0_f004801_fl_car_004.png,highway,day,clear
P0100,data/camera_splits/2026_02_19_09_54_29_637f45a0/FL/fl_004805.jpg,data/camera_splits/2026_02_19_09_54_29_637f45a0/RL/rl_004869.jpg,"[265.88, 346.477, 370.745, 410.727]","[{""candidate_id"": ""C1"", ""bbox_xyxy"": [0.017, 218.018, 27.923, 261.953]}, {""candidate_id"": ""C2"", ""bbox_xyxy"": [218.89, 249.503, 252.216, 267.346]}, {""candidate_id"": ""C3"", ""bbox_xyxy"": [323.52, 263.794, 367.81, 294.565]}, {""candidate_id"": ""C4"", ""bbox_xyxy"": [324.03, 254.733, 341.593, 273.1]}, {""candidate_id"": ""C5"", ""bbox_xyxy"": [411.223, 268.395, 438.104, 291.441]}, {""candidate_id"": ""C6"", ""bbox_xyxy"": [494.614, 270.114, 553.238, 309.232]}]",data/object_detections/2026_02_19_09_54_29_637f45a0/masks/FL/2026_02_19_09_54_29_637f45a0_f004805_fl_car_002.png,highway,day,clear
P0101,data/camera_splits/2026_02_19_09_54_29_637f45a0/FL/fl_004840.jpg,data/camera_splits/2026_02_19_09_54_29_637f45a0/RL/rl_004970.jpg,"[296.901, 330.179, 396.524, 404.607]","[{""candidate_id"": ""C1"", ""bbox_xyxy"": [241.629, 262.258, 275.041, 276.057]}, {""candidate_id"": ""C2"", ""bbox_xyxy"": [367.742, 273.946, 375.325, 279.883]}, {""candidate_id"": ""C3"", ""bbox_xyxy"": [402.403, 269.321, 435.693, 297.263]}, {""candidate_id"": ""C4"", ""bbox_xyxy"": [445.018, 273.539, 461.602, 285.522]}, {""candidate_id"": ""C5"", ""bbox_xyxy"": [467.474, 265.284, 503.44, 294.344]}, {""candidate_id"": ""C6"", ""bbox_xyxy"": [521.042, 237.031, 674.638, 343.186]}]",data/object_detections/2026_02_19_09_54_29_637f45a0/masks/FL/2026_02_19_09_54_29_637f45a0_f004840_fl_car_009.png,highway,day,clear
P0102,data/camera_splits/2026_02_19_09_54_29_637f45a0/FL/fl_004961.jpg,data/camera_splits/2026_02_19_09_54_29_637f45a0/RL/rl_004971.jpg,"[757.8, 343.095, 839.933, 363.734]","[{""candidate_id"": ""C1"", ""bbox_xyxy"": [65.108, 246.919, 151.394, 272.415]}, {""candidate_id"": ""C2"", ""bbox_xyxy"": [261.558, 261.785, 288.686, 274.587]}, {""candidate_id"": ""C3"", ""bbox_xyxy"": [369.275, 272.202, 376.807, 278.159]}, {""candidate_id"": ""C4"", ""bbox_xyxy"": [402.011, 267.531, 436.37, 295.357]}, {""candidate_id"": ""C5"", ""bbox_xyxy"": [445.207, 271.712, 461.902, 283.623]}, {""candidate_id"": ""C6"", ""bbox_xyxy"": [467.437, 263.724, 502.967, 292.559]}, {""candidate_id"": ""C7"", ""bbox_xyxy"": [522.122, 238.86, 665.085, 337.723]}]",data/object_detections/2026_02_19_09_54_29_637f45a0/masks/FL/2026_02_19_09_54_29_637f45a0_f004961_fl_car_001.png,highway,day,clear
P0103,data/camera_splits/2026_02_19_10_03_16_940d98f3/FL/fl_000112.jpg,data/camera_splits/2026_02_19_10_03_16_940d98f3/RL/rl_000172.jpg,"[349.974, 338.187, 420.826, 393.832]","[{""candidate_id"": ""C1"", ""bbox_xyxy"": [162.087, 107.396, 253.037, 166.03]}, {""candidate_id"": ""C2"", ""bbox_xyxy"": [188.792, 258.711, 235.773, 277.627]}, {""candidate_id"": ""C3"", ""bbox_xyxy"": [239.315, 197.738, 267.358, 229.704]}, {""candidate_id"": ""C4"", ""bbox_xyxy"": [245.522, 264.507, 267.387, 277.177]}, {""candidate_id"": ""C5"", ""bbox_xyxy"": [385.93, 269.293, 396.208, 278.685]}, {""candidate_id"": ""C6"", ""bbox_xyxy"": [391.687, 265.462, 397.794, 270.544]}, {""candidate_id"": ""C7"", ""bbox_xyxy"": [402.411, 266.091, 443.273, 299.989]}, {""candidate_id"": ""C8"", ""bbox_xyxy"": [509.194, 254.677, 610.472, 326.258]}, {""candidate_id"": ""C9"", ""bbox_xyxy"": [511.796, 154.196, 594.415, 174.652]}]",data/object_detections/2026_02_19_10_03_16_940d98f3/masks/FL/2026_02_19_10_03_16_940d98f3_f000112_fl_car_002.png,highway,day,overcast
P0104,data/camera_splits/2026_02_19_10_03_16_940d98f3/FL/fl_000135.jpg,data/camera_splits/2026_02_19_10_03_16_940d98f3/RL/rl_000164.jpg,"[0.621, 277.525, 334.891, 478.449]","[{""candidate_id"": ""C1"", ""bbox_xyxy"": [0.042, 252.031, 61.324, 282.707]}, {""candidate_id"": ""C2"", ""bbox_xyxy"": [398.177, 267.877, 438.524, 301.609]}, {""candidate_id"": ""C3"", ""bbox_xyxy"": [541.403, 246.058, 732.792, 356.396]}]",data/object_detections/2026_02_19_10_03_16_940d98f3/masks/FL/2026_02_19_10_03_16_940d98f3_f000135_fl_car_004.png,highway,day,overcast
P0105,data/camera_splits/2026_02_19_10_03_16_940d98f3/FL/fl_000172.jpg,data/camera_splits/2026_02_19_10_03_16_940d98f3/RL/rl_000254.jpg,"[271.576, 335.283, 382.498, 410.195]","[{""candidate_id"": ""C1"", ""bbox_xyxy"": [107.053, 261.281, 186.403, 285.143]}, {""candidate_id"": ""C2"", ""bbox_xyxy"": [217.013, 267.425, 246.66, 282.313]}, {""candidate_id"": ""C3"", ""bbox_xyxy"": [365.468, 268.228, 390.46, 287.961]}, {""candidate_id"": ""C4"", ""bbox_xyxy"": [398.893, 264.732, 445.943, 306.528]}, {""candidate_id"": ""C5"", ""bbox_xyxy"": [453.707, 269.806, 474.545, 287.807]}, {""candidate_id"": ""C6"", ""bbox_xyxy"": [510.191, 256.931, 583.339, 315.967]}]",data/object_detections/2026_02_19_10_03_16_940d98f3/masks/FL/2026_02_19_10_03_16_940d98f3_f000172_fl_truck_005.png,highway,day,overcast
P0106,data/camera_splits/2026_02_19_10_03_16_940d98f3/FL/fl_000179.jpg,data/camera_splits/2026_02_19_10_03_16_940d98f3/RL/rl_000241.jpg,"[163.094, 324.117, 347.511, 431.957]","[{""candidate_id"": ""C1"", ""bbox_xyxy"": [0.131, 233.308, 130.873, 294.327]}, {""candidate_id"": ""C2"", ""bbox_xyxy"": [195.056, 257.966, 247.901, 284.778]}, {""candidate_id"": ""C3"", ""bbox_xyxy"": [381.202, 270.96, 400.538, 287.79]}, {""candidate_id"": ""C4"", ""bbox_xyxy"": [402.12, 267.22, 447.962, 307.867]}, {""candidate_id"": ""C5"", ""bbox_xyxy"": [445.786, 274.393, 457.202, 281.777]}, {""candidate_id"": ""C6"", ""bbox_xyxy"": [459.33, 269.21, 482.733, 289.722]}, {""candidate_id"": ""C7"", ""bbox_xyxy"": [530.082, 253.088, 634.611, 331.061]}]",data/object_detections/2026_02_19_10_03_16_940d98f3/masks/FL/2026_02_19_10_03_16_940d98f3_f000179_fl_truck_005.png,highway,day,overcast
P0107,data/camera_splits/2026_02_19_10_03_16_940d98f3/FL/fl_000188.jpg,data/camera_splits/2026_02_19_10_03_16_940d98f3/RL/rl_000276.jpg,"[0.145, 292.053, 265.983, 483.336]","[{""candidate_id"": ""C1"", ""bbox_xyxy"": [214.313, 266.513, 246.836, 283.281]}, {""candidate_id"": ""C2"", ""bbox_xyxy"": [334.128, 265.43, 373.889, 294.781]}, {""candidate_id"": ""C3"", ""bbox_xyxy"": [402.741, 264.931, 450.099, 307.148]}, {""candidate_id"": ""C4"", ""bbox_xyxy"": [453.813, 268.964, 471.661, 286.325]}, {""candidate_id"": ""C5"", ""bbox_xyxy"": [491.887, 262.062, 537.456, 302.45]}]",data/object_detections/2026_02_19_10_03_16_940d98f3/masks/FL/2026_02_19_10_03_16_940d98f3_f000188_fl_truck_005.png,highway,day,overcast
P0108,data/camera_splits/2026_02_19_10_03_16_940d98f3/FL/fl_000195.jpg,data/camera_splits/2026_02_19_10_03_16_940d98f3/RL/rl_000206.jpg,"[710.248, 323.846, 831.42, 374.624]","[{""candidate_id"": ""C1"", ""bbox_xyxy"": [109.694, 235.624, 219.077, 284.815]}, {""candidate_id"": ""C2"", ""bbox_xyxy"": [248.467, 270.089, 266.254, 280.777]}, {""candidate_id"": ""C3"", ""bbox_xyxy"": [260.589, 210.758, 279.925, 242.113]}, {""candidate_id"": ""C4"", ""bbox_xyxy"": [277.812, 268.659, 297.657, 279.988]}, {""candidate_id"": ""C5"", ""bbox_xyxy"": [316.721, 269.745, 332.747, 278.467]}, {""candidate_id"": ""C6"", ""bbox_xyxy"": [392.112, 270.775, 404.393, 282.596]}, {""candidate_id"": ""C7"", ""bbox_xyxy"": [399.097, 267.027, 441.5, 304.137]}, {""candidate_id"": ""C8"", ""bbox_xyxy"": [439.833, 272.955, 449.309, 280.072]}, {""candidate_id"": ""C9"", ""bbox_xyxy"": [468.619, 265.83, 504.25, 295.414]}]",data/object_detections/2026_02_19_10_03_16_940d98f3/masks/FL/2026_02_19_10_03_16_940d98f3_f000195_fl_delivery_van_005.png,highway,day,overcast
P0109,data/camera_splits/2026_02_19_10_03_16_940d98f3/FL/fl_000196.jpg,data/camera_splits/2026_02_19_10_03_16_940d98f3/RL/rl_000209.jpg,"[758.466, 313.28, 936.253, 379.039]","[{""candidate_id"": ""C1"", ""bbox_xyxy"": [232.412, 250.438, 285.444, 279.622]}, {""candidate_id"": ""C2"", ""bbox_xyxy"": [305.533, 269.623, 320.068, 278.551]}, {""candidate_id"": ""C3"", ""bbox_xyxy"": [392.686, 270.469, 404.906, 282.69]}, {""candidate_id"": ""C4"", ""bbox_xyxy"": [399.231, 265.664, 442.652, 303.15]}, {""candidate_id"": ""C5"", ""bbox_xyxy"": [467.98, 264.858, 502.19, 293.67]}, {""candidate_id"": ""C6"", ""bbox_xyxy"": [736.705, 285.389, 959.935, 384.443]}]",data/object_detections/2026_02_19_10_03_16_940d98f3/masks/FL/2026_02_19_10_03_16_940d98f3_f000196_fl_bus_004.png,highway,day,overcast
P0110,data/camera_splits/2026_02_19_10_03_16_940d98f3/FL/fl_000232.jpg,data/camera_splits/2026_02_19_10_03_16_940d98f3/RL/rl_000238.jpg,"[713.073, 341.093, 817.814, 383.185]","[{""candidate_id"": ""C1"", ""bbox_xyxy"": [45.904, 245.037, 153.258, 288.072]}, {""candidate_id"": ""C2"", ""bbox_xyxy"": [384.041, 268.934, 402.469, 285.051]}, {""candidate_id"": ""C3"", ""bbox_xyxy"": [404.065, 264.915, 449.584, 304.868]}, {""candidate_id"": ""C4"", ""bbox_xyxy"": [446.964, 271.855, 457.893, 279.57]}, {""candidate_id"": ""C5"", ""bbox_xyxy"": [460.913, 266.521, 484.606, 287.262]}]",data/object_detections/2026_02_19_10_03_16_940d98f3/masks/FL/2026_02_19_10_03_16_940d98f3_f000232_fl_delivery_van_004.png,highway,day,overcast
P0111,data/camera_splits/2026_02_19_10_03_16_940d98f3/FL/fl_000232.jpg,data/camera_splits/2026_02_19_10_03_16_940d98f3/RL/rl_000239.jpg,"[713.073, 341.093, 817.814, 383.185]","[{""candidate_id"": ""C1"", ""bbox_xyxy"": [115.969, 250.365, 196.574, 286.179]}, {""candidate_id"": ""C2"", ""bbox_xyxy"": [383.124, 269.32, 401.868, 284.961]}, {""candidate_id"": ""C3"", ""bbox_xyxy"": [403.671, 265.191, 449.157, 305.303]}, {""candidate_id"": ""C4"", ""bbox_xyxy"": [446.739, 272.177, 457.788, 279.615]}, {""candidate_id"": ""C5"", ""bbox_xyxy"": [460.657, 266.926, 484.153, 287.629]}, {""candidate_id"": ""C6"", ""bbox_xyxy"": [534.714, 249.695, 646.632, 331.484]}]",data/object_detections/2026_02_19_10_03_16_940d98f3/masks/FL/2026_02_19_10_03_16_940d98f3_f000232_fl_delivery_van_004.png,highway,day,overcast
P0112,data/camera_splits/2026_02_19_10_03_16_940d98f3/FL/fl_000233.jpg,data/camera_splits/2026_02_19_10_03_16_940d98f3/RL/rl_000241.jpg,"[770.496, 333.826, 925.589, 388.885]","[{""candidate_id"": ""C1"", ""bbox_xyxy"": [0.131, 233.308, 130.873, 294.327]}, {""candidate_id"": ""C2"", ""bbox_xyxy"": [195.056, 257.966, 247.901, 284.778]}, {""candidate_id"": ""C3"", ""bbox_xyxy"": [381.202, 270.96, 400.538, 287.79]}, {""candidate_id"": ""C4"", ""bbox_xyxy"": [402.12, 267.22, 447.962, 307.867]}, {""candidate_id"": ""C5"", ""bbox_xyxy"": [445.786, 274.393, 457.202, 281.777]}, {""candidate_id"": ""C6"", ""bbox_xyxy"": [459.33, 269.21, 482.733, 289.722]}, {""candidate_id"": ""C7"", ""bbox_xyxy"": [530.082, 253.088, 634.611, 331.061]}]",data/object_detections/2026_02_19_10_03_16_940d98f3/masks/FL/2026_02_19_10_03_16_940d98f3_f000233_fl_delivery_van_005.png,highway,day,overcast
P0113,data/camera_splits/2026_02_19_10_03_16_940d98f3/FL/fl_000252.jpg,data/camera_splits/2026_02_19_10_03_16_940d98f3/RL/rl_000316.jpg,"[310.172, 348.0, 393.125, 404.106]","[{""candidate_id"": ""C1"", ""bbox_xyxy"": [0.017, 234.661, 219.936, 354.99]}, {""candidate_id"": ""C2"", ""bbox_xyxy"": [260.609, 269.594, 284.598, 280.619]}, {""candidate_id"": ""C3"", ""bbox_xyxy"": [320.291, 255.388, 354.511, 275.357]}, {""candidate_id"": ""C4"", ""bbox_xyxy"": [409.278, 265.939, 454.218, 305.827]}, {""candidate_id"": ""C5"", ""bbox_xyxy"": [451.943, 272.842, 463.942, 284.088]}, {""candidate_id"": ""C6"", ""bbox_xyxy"": [468.857, 267.244, 493.81, 291.413]}, {""candidate_id"": ""C7"", ""bbox_xyxy"": [564.477, 262.36, 728.125, 353.706]}]",data/object_detections/2026_02_19_10_03_16_940d98f3/masks/FL/2026_02_19_10_03_16_940d98f3_f000252_fl_car_002.png,highway,day,overcast
P0114,data/camera_splits/2026_02_19_10_03_16_940d98f3/FL/fl_000271.jpg,data/camera_splits/2026_02_19_10_03_16_940d98f3/RL/rl_000283.jpg,"[791.548, 354.472, 908.624, 390.069]","[{""candidate_id"": ""C1"", ""bbox_xyxy"": [106.664, 257.712, 127.448, 266.705]}, {""candidate_id"": ""C2"", ""bbox_xyxy"": [115.949, 260.101, 186.512, 285.993]}, {""candidate_id"": ""C3"", ""bbox_xyxy"": [312.481, 263.473, 361.156, 298.792]}, {""candidate_id"": ""C4"", ""bbox_xyxy"": [401.215, 265.548, 448.343, 307.535]}, {""candidate_id"": ""C5"", ""bbox_xyxy"": [450.738, 270.773, 467.234, 285.493]}, {""candidate_id"": ""C6"", ""bbox_xyxy"": [485.035, 263.531, 525.46, 299.843]}]",data/object_detections/2026_02_19_10_03_16_940d98f3/masks/FL/2026_02_19_10_03_16_940d98f3_f000271_fl_car_002.png,highway,day,overcast
P0115,data/camera_splits/2026_02_19_10_03_16_940d98f3/FL/fl_000322.jpg,data/camera_splits/2026_02_19_10_03_16_940d98f3/RL/rl_000373.jpg,"[0.0, 320.904, 271.293, 474.234]","[{""candidate_id"": ""C1"", ""bbox_xyxy"": [159.447, 265.708, 203.935, 279.393]}, {""candidate_id"": ""C2"", ""bbox_xyxy"": [382.759, 262.523, 406.326, 282.953]}, {""candidate_id"": ""C3"", ""bbox_xyxy"": [411.807, 263.994, 453.533, 300.827]}, {""candidate_id"": ""C4"", ""bbox_xyxy"": [455.949, 266.778, 472.304, 281.989]}, {""candidate_id"": ""C5"", ""bbox_xyxy"": [477.324, 268.4, 505.45, 282.648]}, {""candidate_id"": ""C6"", ""bbox_xyxy"": [535.896, 266.132, 620.913, 320.604]}]",data/object_detections/2026_02_19_10_03_16_940d98f3/masks/FL/2026_02_19_10_03_16_940d98f3_f000322_fl_car_009.png,highway,day,overcast
P0116,data/camera_splits/2026_02_19_10_03_16_940d98f3/FL/fl_000322.jpg,data/camera_splits/2026_02_19_10_03_16_940d98f3/RL/rl_000393.jpg,"[349.409, 305.281, 427.61, 385.527]","[{""candidate_id"": ""C1"", ""bbox_xyxy"": [75.518, 228.734, 151.562, 280.857]}, {""candidate_id"": ""C2"", ""bbox_xyxy"": [148.749, 246.243, 182.016, 279.171]}, {""candidate_id"": ""C3"", ""bbox_xyxy"": [149.826, 246.414, 181.758, 279.306]}, {""candidate_id"": ""C4"", ""bbox_xyxy"": [382.584, 263.708, 412.744, 287.514]}, {""candidate_id"": ""C5"", ""bbox_xyxy"": [425.003, 268.894, 456.07, 295.278]}, {""candidate_id"": ""C6"", ""bbox_xyxy"": [504.205, 146.231, 715.882, 350.687]}]",data/object_detections/2026_02_19_10_03_16_940d98f3/masks/FL/2026_02_19_10_03_16_940d98f3_f000322_fl_truck_001.png,highway,day,overcast
P0117,data/camera_splits/2026_02_19_10_03_16_940d98f3/FL/fl_000322.jpg,data/camera_splits/2026_02_19_10_03_16_940d98f3/RL/rl_000394.jpg,"[349.409, 305.281, 427.61, 385.527]","[{""candidate_id"": ""C1"", ""bbox_xyxy"": [122.17, 235.769, 207.72, 280.854]}, {""candidate_id"": ""C2"", ""bbox_xyxy"": [181.196, 248.167, 207.376, 279.606]}, {""candidate_id"": ""C3"", ""bbox_xyxy"": [381.709, 263.969, 412.144, 288.025]}, {""candidate_id"": ""C4"", ""bbox_xyxy"": [424.848, 269.553, 455.364, 295.401]}, {""candidate_id"": ""C5"", ""bbox_xyxy"": [484.613, 271.722, 502.797, 287.954]}, {""candidate_id"": ""C6"", ""bbox_xyxy"": [501.767, 153.893, 693.252, 346.732]}, {""candidate_id"": ""C7"", ""bbox_xyxy"": [564.538, 198.04, 590.619, 225.702]}]",data/object_detections/2026_02_19_10_03_16_940d98f3/masks/FL/2026_02_19_10_03_16_940d98f3_f000322_fl_truck_001.png,highway,day,overcast
P0118,data/camera_splits/2026_02_19_10_03_16_940d98f3/FL/fl_000326.jpg,data/camera_splits/2026_02_19_10_03_16_940d98f3/RL/rl_000339.jpg,"[844.606, 357.348, 958.499, 382.008]","[{""candidate_id"": ""C1"", ""bbox_xyxy"": [0.003, 248.409, 65.239, 287.696]}, {""candidate_id"": ""C2"", ""bbox_xyxy"": [165.758, 266.319, 215.364, 281.111]}, {""candidate_id"": ""C3"", ""bbox_xyxy"": [288.935, 266.863, 309.21, 277.739]}, {""candidate_id"": ""C4"", ""bbox_xyxy"": [397.53, 268.557, 412.127, 280.737]}, {""candidate_id"": ""C5"", ""bbox_xyxy"": [407.679, 265.455, 454.656, 307.242]}, {""candidate_id"": ""C6"", ""bbox_xyxy"": [461.209, 267.362, 479.128, 280.988]}, {""candidate_id"": ""C7"", ""bbox_xyxy"": [499.591, 267.736, 558.798, 308.488]}]",data/object_detections/2026_02_19_10_03_16_940d98f3/masks/FL/2026_02_19_10_03_16_940d98f3_f000326_fl_car_003.png,highway,day,overcast
P0119,data/camera_splits/2026_02_19_10_03_16_940d98f3/FL/fl_000345.jpg,data/camera_splits/2026_02_19_10_03_16_940d98f3/RL/rl_000316.jpg,"[615.876, 332.796, 805.81, 442.698]","[{""candidate_id"": ""C1"", ""bbox_xyxy"": [0.017, 234.661, 219.936, 354.99]}, {""candidate_id"": ""C2"", ""bbox_xyxy"": [260.609, 269.594, 284.598, 280.619]}, {""candidate_id"": ""C3"", ""bbox_xyxy"": [320.291, 255.388, 354.511, 275.357]}, {""candidate_id"": ""C4"", ""bbox_xyxy"": [409.278, 265.939, 454.218, 305.827]}, {""candidate_id"": ""C5"", ""bbox_xyxy"": [451.943, 272.842, 463.942, 284.088]}, {""candidate_id"": ""C6"", ""bbox_xyxy"": [468.857, 267.244, 493.81, 291.413]}, {""candidate_id"": ""C7"", ""bbox_xyxy"": [564.477, 262.36, 728.125, 353.706]}]",data/object_detections/2026_02_19_10_03_16_940d98f3/masks/FL/2026_02_19_10_03_16_940d98f3_f000345_fl_car_002.png,highway,day,overcast
P0120,data/camera_splits/2026_02_19_10_03_16_940d98f3/FL/fl_000354.jpg,data/camera_splits/2026_02_19_10_03_16_940d98f3/RL/rl_000415.jpg,"[70.1, 206.963, 424.512, 427.438]","[{""candidate_id"": ""C1"", ""bbox_xyxy"": [158.527, 264.744, 215.256, 280.06]}, {""candidate_id"": ""C2"", ""bbox_xyxy"": [244.398, 270.812, 266.408, 278.827]}, {""candidate_id"": ""C3"", ""bbox_xyxy"": [296.02, 260.184, 347.535, 294.247]}, {""candidate_id"": ""C4"", ""bbox_xyxy"": [383.529, 269.827, 413.551, 293.383]}, {""candidate_id"": ""C5"", ""bbox_xyxy"": [417.906, 272.613, 428.258, 284.131]}, {""candidate_id"": ""C6"", ""bbox_xyxy"": [428.212, 218.892, 485.809, 304.164]}, {""candidate_id"": ""C7"", ""bbox_xyxy"": [491.657, 272.548, 521.507, 295.659]}]",data/object_detections/2026_02_19_10_03_16_940d98f3/masks/FL/2026_02_19_10_03_16_940d98f3_f000354_fl_truck_001.png,highway,day,overcast
P0121,data/camera_splits/2026_02_19_10_03_16_940d98f3/FL/fl_000373.jpg,data/camera_splits/2026_02_19_10_03_16_940d98f3/RL/rl_000392.jpg,"[643.564, 342.279, 689.281, 372.956]","[{""candidate_id"": ""C1"", ""bbox_xyxy"": [56.082, 240.598, 142.196, 282.97]}, {""candidate_id"": ""C2"", ""bbox_xyxy"": [346.827, 271.474, 357.485, 276.949]}, {""candidate_id"": ""C3"", ""bbox_xyxy"": [383.28, 264.09, 412.705, 287.788]}, {""candidate_id"": ""C4"", ""bbox_xyxy"": [424.717, 269.285, 456.156, 295.849]}, {""candidate_id"": ""C5"", ""bbox_xyxy"": [483.723, 272.778, 506.38, 288.769]}, {""candidate_id"": ""C6"", ""bbox_xyxy"": [509.174, 136.599, 748.346, 355.663]}]",data/object_detections/2026_02_19_10_03_16_940d98f3/masks/FL/2026_02_19_10_03_16_940d98f3_f000373_fl_truck_004.png,highway,day,overcast
P0122,data/camera_splits/2026_02_19_10_03_16_940d98f3/FL/fl_000379.jpg,data/camera_splits/2026_02_19_10_03_16_940d98f3/RL/rl_000391.jpg,"[790.863, 325.167, 928.222, 383.852]","[{""candidate_id"": ""C1"", ""bbox_xyxy"": [0.002, 235.157, 89.566, 286.03]}, {""candidate_id"": ""C2"", ""bbox_xyxy"": [339.597, 272.051, 351.167, 278.451]}, {""candidate_id"": ""C3"", ""bbox_xyxy"": [383.574, 265.139, 412.613, 288.683]}, {""candidate_id"": ""C4"", ""bbox_xyxy"": [424.482, 269.93, 456.052, 297.251]}, {""candidate_id"": ""C5"", ""bbox_xyxy"": [482.978, 273.656, 505.976, 290.134]}, {""candidate_id"": ""C6"", ""bbox_xyxy"": [513.147, 128.047, 787.918, 360.896]}]",data/object_detections/2026_02_19_10_03_16_940d98f3/masks/FL/2026_02_19_10_03_16_940d98f3_f000379_fl_ambulance_003.png,highway,day,overcast
P0123,data/camera_splits/2026_02_19_10_03_16_940d98f3/FL/fl_000506.jpg,data/camera_splits/2026_02_19_10_03_16_940d98f3/RL/rl_000448.jpg,"[697.785, 343.167, 818.481, 401.825]","[{""candidate_id"": ""C1"", ""bbox_xyxy"": [215.861, 270.072, 233.404, 277.997]}, {""candidate_id"": ""C2"", ""bbox_xyxy"": [315.208, 265.94, 363.595, 296.935]}, {""candidate_id"": ""C3"", ""bbox_xyxy"": [403.736, 243.338, 448.369, 293.19]}, {""candidate_id"": ""C4"", ""bbox_xyxy"": [449.343, 270.872, 463.653, 280.23]}, {""candidate_id"": ""C5"", ""bbox_xyxy"": [470.722, 270.191, 499.291, 294.34]}]",data/object_detections/2026_02_19_10_03_16_940d98f3/masks/FL/2026_02_19_10_03_16_940d98f3_f000506_fl_car_001.png,highway,day,overcast
P0124,data/camera_splits/2026_02_19_10_03_16_940d98f3/FL/fl_000573.jpg,data/camera_splits/2026_02_19_10_03_16_940d98f3/RL/rl_000523.jpg,"[759.532, 347.085, 835.591, 381.811]","[{""candidate_id"": ""C1"", ""bbox_xyxy"": [42.257, 250.248, 186.953, 314.228]}, {""candidate_id"": ""C2"", ""bbox_xyxy"": [242.389, 262.824, 282.835, 285.551]}, {""candidate_id"": ""C3"", ""bbox_xyxy"": [324.525, 231.122, 392.213, 292.359]}, {""candidate_id"": ""C4"", ""bbox_xyxy"": [410.586, 260.906, 471.618, 316.025]}]",data/object_detections/2026_02_19_10_03_16_940d98f3/masks/FL/2026_02_19_10_03_16_940d98f3_f000573_fl_car_003.png,highway,day,overcast
P0125,data/camera_splits/2026_02_19_10_03_16_940d98f3/FL/fl_000744.jpg,data/camera_splits/2026_02_19_10_03_16_940d98f3/RL/rl_000681.jpg,"[0.0, 320.176, 275.924, 475.526]","[{""candidate_id"": ""C1"", ""bbox_xyxy"": [141.684, 260.646, 176.343, 277.116]}, {""candidate_id"": ""C2"", ""bbox_xyxy"": [208.34, 275.194, 241.957, 294.813]}, {""candidate_id"": ""C3"", ""bbox_xyxy"": [271.982, 256.391, 296.392, 269.874]}, {""candidate_id"": ""C4"", ""bbox_xyxy"": [307.879, 263.778, 322.537, 270.518]}, {""candidate_id"": ""C5"", ""bbox_xyxy"": [327.127, 260.635, 340.856, 268.87]}, {""candidate_id"": ""C6"", ""bbox_xyxy"": [361.179, 261.199, 373.625, 267.712]}, {""candidate_id"": ""C7"", ""bbox_xyxy"": [410.777, 270.005, 442.372, 295.809]}, {""candidate_id"": ""C8"", ""bbox_xyxy"": [443.528, 263.524, 528.57, 330.981]}]",data/object_detections/2026_02_19_10_03_16_940d98f3/masks/FL/2026_02_19_10_03_16_940d98f3_f000744_fl_car_002.png,highway,day,overcast
P0126,data/camera_splits/2026_02_19_10_03_16_940d98f3/FL/fl_001365.jpg,data/camera_splits/2026_02_19_10_03_16_940d98f3/RL/rl_001386.jpg,"[561.591, 348.229, 617.797, 385.795]","[{""candidate_id"": ""C1"", ""bbox_xyxy"": [94.183, 271.608, 111.504, 278.795]}, {""candidate_id"": ""C2"", ""bbox_xyxy"": [135.07, 272.483, 171.291, 291.602]}, {""candidate_id"": ""C3"", ""bbox_xyxy"": [208.845, 260.948, 295.785, 314.999]}, {""candidate_id"": ""C4"", ""bbox_xyxy"": [287.025, 267.041, 331.853, 302.03]}, {""candidate_id"": ""C5"", ""bbox_xyxy"": [358.556, 273.572, 379.529, 288.979]}, {""candidate_id"": ""C6"", ""bbox_xyxy"": [415.692, 270.874, 424.06, 298.48]}, {""candidate_id"": ""C7"", ""bbox_xyxy"": [639.174, 272.378, 737.257, 329.226]}]",data/object_detections/2026_02_19_10_03_16_940d98f3/masks/FL/2026_02_19_10_03_16_940d98f3_f001365_fl_car_002.png,suburban,day,overcast
P0127,data/camera_splits/2026_02_19_10_03_16_940d98f3/FL/fl_001365.jpg,data/camera_splits/2026_02_19_10_03_16_940d98f3/RL/rl_001386.jpg,"[631.05, 339.033, 758.106, 402.127]","[{""candidate_id"": ""C1"", ""bbox_xyxy"": [94.183, 271.608, 111.504, 278.795]}, {""candidate_id"": ""C2"", ""bbox_xyxy"": [135.07, 272.483, 171.291, 291.602]}, {""candidate_id"": ""C3"", ""bbox_xyxy"": [208.845, 260.948, 295.785, 314.999]}, {""candidate_id"": ""C4"", ""bbox_xyxy"": [287.025, 267.041, 331.853, 302.03]}, {""candidate_id"": ""C5"", ""bbox_xyxy"": [358.556, 273.572, 379.529, 288.979]}, {""candidate_id"": ""C6"", ""bbox_xyxy"": [415.692, 270.874, 424.06, 298.48]}, {""candidate_id"": ""C7"", ""bbox_xyxy"": [639.174, 272.378, 737.257, 329.226]}]",data/object_detections/2026_02_19_10_03_16_940d98f3/masks/FL/2026_02_19_10_03_16_940d98f3_f001365_fl_car_003.png,suburban,day,overcast
P0128,data/camera_splits/2026_02_19_10_03_16_940d98f3/FL/fl_001374.jpg,data/camera_splits/2026_02_19_10_03_16_940d98f3/RL/rl_001408.jpg,"[490.114, 351.424, 511.606, 366.327]","[{""candidate_id"": ""C1"", ""bbox_xyxy"": [57.135, 252.855, 211.8, 315.276]}, {""candidate_id"": ""C2"", ""bbox_xyxy"": [331.864, 259.048, 366.712, 284.61]}, {""candidate_id"": ""C3"", ""bbox_xyxy"": [399.523, 259.906, 418.017, 274.697]}, {""candidate_id"": ""C4"", ""bbox_xyxy"": [532.227, 260.195, 564.932, 285.405]}]",data/object_detections/2026_02_19_10_03_16_940d98f3/masks/FL/2026_02_19_10_03_16_940d98f3_f001374_fl_car_001.png,suburban,day,overcast
P0129,data/camera_splits/2026_02_19_10_03_16_940d98f3/FL/fl_001389.jpg,data/camera_splits/2026_02_19_10_03_16_940d98f3/RL/rl_001413.jpg,"[595.815, 336.005, 694.074, 392.941]","[{""candidate_id"": ""C1"", ""bbox_xyxy"": [269.762, 259.607, 323.903, 290.086]}, {""candidate_id"": ""C2"", ""bbox_xyxy"": [370.282, 257.49, 395.995, 276.875]}, {""candidate_id"": ""C3"", ""bbox_xyxy"": [414.527, 257.093, 429.593, 270.005]}, {""candidate_id"": ""C4"", ""bbox_xyxy"": [527.695, 258.179, 557.48, 282.007]}]",data/object_detections/2026_02_19_10_03_16_940d98f3/masks/FL/2026_02_19_10_03_16_940d98f3_f001389_fl_car_004.png,suburban,day,overcast
P0130,data/camera_splits/2026_02_19_10_03_16_940d98f3/FL/fl_001399.jpg,data/camera_splits/2026_02_19_10_03_16_940d98f3/RL/rl_001409.jpg,"[725.812, 331.911, 959.98, 427.086]","[{""candidate_id"": ""C1"", ""bbox_xyxy"": [133.978, 256.759, 248.002, 309.049]}, {""candidate_id"": ""C2"", ""bbox_xyxy"": [342.64, 259.422, 374.36, 283.79]}, {""candidate_id"": ""C3"", ""bbox_xyxy"": [403.481, 259.916, 420.711, 274.368]}, {""candidate_id"": ""C4"", ""bbox_xyxy"": [532.128, 260.225, 564.238, 285.168]}]",data/object_detections/2026_02_19_10_03_16_940d98f3/masks/FL/2026_02_19_10_03_16_940d98f3_f001399_fl_car_001.png,suburban,day,overcast
P0131,data/camera_splits/2026_02_19_10_03_16_940d98f3/FL/fl_001415.jpg,data/camera_splits/2026_02_19_10_03_16_940d98f3/RL/rl_001432.jpg,"[576.753, 335.36, 709.864, 402.231]","[{""candidate_id"": ""C1"", ""bbox_xyxy"": [0.0, 243.811, 103.503, 357.916]}, {""candidate_id"": ""C2"", ""bbox_xyxy"": [348.463, 250.808, 399.97, 283.068]}, {""candidate_id"": ""C3"", ""bbox_xyxy"": [469.675, 246.509, 485.77, 258.235]}, {""candidate_id"": ""C4"", ""bbox_xyxy"": [499.362, 243.69, 512.777, 255.127]}, {""candidate_id"": ""C5"", ""bbox_xyxy"": [567.486, 251.923, 596.405, 274.72]}, {""candidate_id"": ""C6"", ""bbox_xyxy"": [603.359, 241.007, 622.986, 253.765]}]",data/object_detections/2026_02_19_10_03_16_940d98f3/masks/FL/2026_02_19_10_03_16_940d98f3_f001415_fl_car_002.png,suburban,day,overcast
P0132,data/camera_splits/2026_02_19_10_03_16_940d98f3/FL/fl_001440.jpg,data/camera_splits/2026_02_19_10_03_16_940d98f3/RL/rl_001459.jpg,"[650.134, 338.041, 835.92, 426.184]","[{""candidate_id"": ""C1"", ""bbox_xyxy"": [360.598, 247.626, 409.597, 277.627]}, {""candidate_id"": ""C2"", ""bbox_xyxy"": [484.701, 239.427, 504.256, 252.372]}, {""candidate_id"": ""C3"", ""bbox_xyxy"": [515.499, 250.514, 555.418, 278.868]}, {""candidate_id"": ""C4"", ""bbox_xyxy"": [528.244, 233.062, 543.135, 243.667]}, {""candidate_id"": ""C5"", ""bbox_xyxy"": [568.638, 227.38, 578.126, 233.748]}, {""candidate_id"": ""C6"", ""bbox_xyxy"": [579.495, 235.673, 604.818, 251.545]}]",data/object_detections/2026_02_19_10_03_16_940d98f3/masks/FL/2026_02_19_10_03_16_940d98f3_f001440_fl_car_001.png,suburban,day,overcast
P0133,data/camera_splits/2026_02_19_10_03_16_940d98f3/FL/fl_001465.jpg,data/camera_splits/2026_02_19_10_03_16_940d98f3/RL/rl_001505.jpg,"[625.95, 325.424, 770.672, 422.222]","[{""candidate_id"": ""C1"", ""bbox_xyxy"": [158.162, 256.453, 351.8, 351.473]}, {""candidate_id"": ""C2"", ""bbox_xyxy"": [347.126, 262.189, 370.696, 282.868]}, {""candidate_id"": ""C3"", ""bbox_xyxy"": [360.339, 261.842, 411.127, 295.941]}, {""candidate_id"": ""C4"", ""bbox_xyxy"": [413.827, 247.625, 441.931, 269.832]}, {""candidate_id"": ""C5"", ""bbox_xyxy"": [470.519, 247.373, 487.825, 258.389]}, {""candidate_id"": ""C6"", ""bbox_xyxy"": [500.491, 236.447, 511.673, 246.543]}]",data/object_detections/2026_02_19_10_03_16_940d98f3/masks/FL/2026_02_19_10_03_16_940d98f3_f001465_fl_car_005.png,suburban,day,overcast
P0134,data/camera_splits/2026_02_19_10_03_16_940d98f3/FL/fl_001468.jpg,data/camera_splits/2026_02_19_10_03_16_940d98f3/RL/rl_001490.jpg,"[701.271, 301.118, 960.0, 462.594]","[{""candidate_id"": ""C1"", ""bbox_xyxy"": [0.013, 253.957, 186.322, 350.648]}, {""candidate_id"": ""C2"", ""bbox_xyxy"": [338.755, 239.663, 389.58, 281.895]}, {""candidate_id"": ""C3"", ""bbox_xyxy"": [358.129, 258.07, 442.165, 306.832]}, {""candidate_id"": ""C4"", ""bbox_xyxy"": [434.155, 246.371, 467.925, 274.746]}, {""candidate_id"": ""C5"", ""bbox_xyxy"": [488.219, 236.046, 503.93, 246.25]}]",data/object_detections/2026_02_19_10_03_16_940d98f3/masks/FL/2026_02_19_10_03_16_940d98f3_f001468_fl_delivery_van_005.png,suburban,day,overcast
P0135,data/camera_splits/2026_02_19_10_03_16_940d98f3/FL/fl_001469.jpg,data/camera_splits/2026_02_19_10_03_16_940d98f3/RL/rl_001493.jpg,"[571.912, 355.742, 610.059, 382.003]","[{""candidate_id"": ""C1"", ""bbox_xyxy"": [166.988, 257.162, 278.582, 316.595]}, {""candidate_id"": ""C2"", ""bbox_xyxy"": [331.544, 256.342, 427.041, 311.218]}, {""candidate_id"": ""C3"", ""bbox_xyxy"": [360.752, 240.213, 404.625, 256.483]}, {""candidate_id"": ""C4"", ""bbox_xyxy"": [421.615, 249.148, 456.229, 277.232]}, {""candidate_id"": ""C5"", ""bbox_xyxy"": [447.175, 244.106, 467.577, 258.281]}, {""candidate_id"": ""C6"", ""bbox_xyxy"": [492.295, 234.35, 507.03, 244.102]}, {""candidate_id"": ""C7"", ""bbox_xyxy"": [520.736, 227.705, 528.13, 235.294]}]",data/object_detections/2026_02_19_10_03_16_940d98f3/masks/FL/2026_02_19_10_03_16_940d98f3_f001469_fl_car_002.png,suburban,day,overcast
P0136,data/camera_splits/2026_02_19_10_03_16_940d98f3/FL/fl_001531.jpg,data/camera_splits/2026_02_19_10_03_16_940d98f3/RL/rl_001586.jpg,"[603.184, 346.874, 692.765, 404.456]","[{""candidate_id"": ""C1"", ""bbox_xyxy"": [363.795, 258.335, 391.835, 279.807]}, {""candidate_id"": ""C2"", ""bbox_xyxy"": [420.452, 265.692, 454.061, 290.445]}, {""candidate_id"": ""C3"", ""bbox_xyxy"": [420.695, 265.726, 453.896, 281.769]}, {""candidate_id"": ""C4"", ""bbox_xyxy"": [478.748, 251.471, 494.03, 264.617]}]",data/object_detections/2026_02_19_10_03_16_940d98f3/masks/FL/2026_02_19_10_03_16_940d98f3_f001531_fl_car_003.png,suburban,day,overcast
P0137,data/camera_splits/2026_02_19_10_03_16_940d98f3/FL/fl_001902.jpg,data/camera_splits/2026_02_19_10_03_16_940d98f3/RL/rl_001927.jpg,"[530.908, 360.732, 578.045, 391.736]","[{""candidate_id"": ""C1"", ""bbox_xyxy"": [339.818, 267.455, 375.959, 292.756]}, {""candidate_id"": ""C2"", ""bbox_xyxy"": [414.397, 260.905, 454.826, 297.132]}, {""candidate_id"": ""C3"", ""bbox_xyxy"": [591.47, 267.512, 655.343, 290.182]}]",data/object_detections/2026_02_19_10_03_16_940d98f3/masks/FL/2026_02_19_10_03_16_940d98f3_f001902_fl_car_005.png,suburban,day,overcast
P0138,data/camera_splits/2026_02_19_10_03_16_940d98f3/FL/fl_001924.jpg,data/camera_splits/2026_02_19_10_03_16_940d98f3/RL/rl_001959.jpg,"[127.212, 334.941, 234.18, 376.932]","[{""candidate_id"": ""C1"", ""bbox_xyxy"": [39.706, 288.844, 69.225, 313.853]}, {""candidate_id"": ""C2"", ""bbox_xyxy"": [399.491, 274.18, 414.553, 285.703]}, {""candidate_id"": ""C3"", ""bbox_xyxy"": [417.976, 266.256, 459.984, 302.416]}, {""candidate_id"": ""C4"", ""bbox_xyxy"": [624.579, 249.472, 727.852, 284.364]}, {""candidate_id"": ""C5"", ""bbox_xyxy"": [664.741, 256.488, 745.512, 286.638]}]",data/object_detections/2026_02_19_10_03_16_940d98f3/masks/FL/2026_02_19_10_03_16_940d98f3_f001924_fl_car_004.png,suburban,day,overcast
P0139,data/camera_splits/2026_02_19_10_03_16_940d98f3/FL/fl_001924.jpg,data/camera_splits/2026_02_19_10_03_16_940d98f3/RL/rl_001959.jpg,"[10.18, 304.798, 132.711, 375.771]","[{""candidate_id"": ""C1"", ""bbox_xyxy"": [39.706, 288.844, 69.225, 313.853]}, {""candidate_id"": ""C2"", ""bbox_xyxy"": [399.491, 274.18, 414.553, 285.703]}, {""candidate_id"": ""C3"", ""bbox_xyxy"": [417.976, 266.256, 459.984, 302.416]}, {""candidate_id"": ""C4"", ""bbox_xyxy"": [624.579, 249.472, 727.852, 284.364]}, {""candidate_id"": ""C5"", ""bbox_xyxy"": [664.741, 256.488, 745.512, 286.638]}]",data/object_detections/2026_02_19_10_03_16_940d98f3/masks/FL/2026_02_19_10_03_16_940d98f3_f001924_fl_car_008.png,suburban,day,overcast
P0140,data/camera_splits/2026_02_19_10_03_16_940d98f3/FL/fl_002255.jpg,data/camera_splits/2026_02_19_10_03_16_940d98f3/RL/rl_002281.jpg,"[687.686, 357.272, 846.754, 431.582]","[{""candidate_id"": ""C1"", ""bbox_xyxy"": [0.172, 246.837, 208.147, 341.52]}, {""candidate_id"": ""C2"", ""bbox_xyxy"": [261.308, 263.901, 315.88, 294.775]}, {""candidate_id"": ""C3"", ""bbox_xyxy"": [392.015, 256.767, 448.451, 309.564]}]",data/object_detections/2026_02_19_10_03_16_940d98f3/masks/FL/2026_02_19_10_03_16_940d98f3_f002255_fl_car_001.png,suburban,day,overcast
P0141,data/camera_splits/2026_02_19_10_03_16_940d98f3/FL/fl_002255.jpg,data/camera_splits/2026_02_19_10_03_16_940d98f3/RL/rl_002286.jpg,"[572.894, 362.816, 624.361, 397.681]","[{""candidate_id"": ""C1"", ""bbox_xyxy"": [219.618, 259.367, 295.86, 302.644]}, {""candidate_id"": ""C2"", ""bbox_xyxy"": [304.187, 267.64, 338.022, 286.639]}, {""candidate_id"": ""C3"", ""bbox_xyxy"": [389.931, 260.297, 442.39, 308.565]}, {""candidate_id"": ""C4"", ""bbox_xyxy"": [888.619, 274.222, 925.578, 313.021]}, {""candidate_id"": ""C5"", ""bbox_xyxy"": [928.037, 260.187, 959.917, 313.539]}]",data/object_detections/2026_02_19_10_03_16_940d98f3/masks/FL/2026_02_19_10_03_16_940d98f3_f002255_fl_car_005.png,suburban,day,overcast
P0142,data/camera_splits/2026_02_19_10_03_16_940d98f3/FL/fl_002331.jpg,data/camera_splits/2026_02_19_10_03_16_940d98f3/RL/rl_002411.jpg,"[506.061, 348.319, 544.582, 383.259]","[{""candidate_id"": ""C1"", ""bbox_xyxy"": [279.159, 257.303, 345.921, 303.421]}, {""candidate_id"": ""C2"", ""bbox_xyxy"": [354.985, 262.482, 376.02, 282.359]}, {""candidate_id"": ""C3"", ""bbox_xyxy"": [385.897, 263.307, 439.278, 309.361]}]",data/object_detections/2026_02_19_10_03_16_940d98f3/masks/FL/2026_02_19_10_03_16_940d98f3_f002331_fl_delivery_van_004.png,suburban,day,overcast
P0143,data/camera_splits/2026_02_19_10_03_16_940d98f3/FL/fl_002345.jpg,data/camera_splits/2026_02_19_10_03_16_940d98f3/RL/rl_002403.jpg,"[641.028, 302.059, 921.503, 460.206]","[{""candidate_id"": ""C1"", ""bbox_xyxy"": [129.414, 240.645, 291.213, 333.872]}, {""candidate_id"": ""C2"", ""bbox_xyxy"": [359.816, 260.552, 378.95, 281.341]}, {""candidate_id"": ""C3"", ""bbox_xyxy"": [387.495, 264.691, 395.127, 280.656]}, {""candidate_id"": ""C4"", ""bbox_xyxy"": [388.514, 270.234, 394.861, 280.694]}, {""candidate_id"": ""C5"", ""bbox_xyxy"": [396.897, 264.04, 437.054, 298.001]}]",data/object_detections/2026_02_19_10_03_16_940d98f3/masks/FL/2026_02_19_10_03_16_940d98f3_f002345_fl_delivery_van_006.png,suburban,day,overcast
P0144,data/camera_splits/2026_02_19_10_03_16_940d98f3/FL/fl_002469.jpg,data/camera_splits/2026_02_19_10_03_16_940d98f3/RL/rl_002633.jpg,"[292.792, 208.857, 439.958, 414.56]","[{""candidate_id"": ""C1"", ""bbox_xyxy"": [305.868, 268.116, 352.958, 301.844]}, {""candidate_id"": ""C2"", ""bbox_xyxy"": [378.619, 268.19, 398.685, 285.373]}, {""candidate_id"": ""C3"", ""bbox_xyxy"": [397.589, 267.748, 428.22, 292.481]}, {""candidate_id"": ""C4"", ""bbox_xyxy"": [438.801, 239.7, 471.829, 285.519]}]",data/object_detections/2026_02_19_10_03_16_940d98f3/masks/FL/2026_02_19_10_03_16_940d98f3_f002469_fl_truck_002.png,suburban,day,overcast
P0145,data/camera_splits/2026_02_19_10_03_16_940d98f3/FL/fl_002493.jpg,data/camera_splits/2026_02_19_10_03_16_940d98f3/RL/rl_002612.jpg,"[165.214, 137.719, 409.958, 430.145]","[{""candidate_id"": ""C1"", ""bbox_xyxy"": [95.327, 249.459, 293.148, 349.717]}, {""candidate_id"": ""C2"", ""bbox_xyxy"": [391.359, 266.384, 434.235, 300.258]}, {""candidate_id"": ""C3"", ""bbox_xyxy"": [431.606, 265.582, 456.297, 280.97]}, {""candidate_id"": ""C4"", ""bbox_xyxy"": [458.905, 205.93, 550.954, 301.666]}]",data/object_detections/2026_02_19_10_03_16_940d98f3/masks/FL/2026_02_19_10_03_16_940d98f3_f002493_fl_truck_003.png,suburban,day,overcast
P0146,data/camera_splits/2026_02_19_10_03_16_940d98f3/FL/fl_002612.jpg,data/camera_splits/2026_02_19_10_03_16_940d98f3/RL/rl_002633.jpg,"[632.691, 355.16, 735.305, 418.002]","[{""candidate_id"": ""C1"", ""bbox_xyxy"": [305.868, 268.116, 352.958, 301.844]}, {""candidate_id"": ""C2"", ""bbox_xyxy"": [378.619, 268.19, 398.685, 285.373]}, {""candidate_id"": ""C3"", ""bbox_xyxy"": [397.589, 267.748, 428.22, 292.481]}, {""candidate_id"": ""C4"", ""bbox_xyxy"": [438.801, 239.7, 471.829, 285.519]}]",data/object_detections/2026_02_19_10_03_16_940d98f3/masks/FL/2026_02_19_10_03_16_940d98f3_f002612_fl_car_001.png,suburban,day,overcast
P0147,data/camera_splits/2026_02_21_16_56_39_59464432/FL/fl_000753.jpg,data/camera_splits/2026_02_21_16_56_39_59464432/RL/rl_000790.jpg,"[90.262, 341.938, 197.104, 405.108]","[{""candidate_id"": ""C1"", ""bbox_xyxy"": [314.675, 319.431, 344.15, 344.028]}, {""candidate_id"": ""C2"", ""bbox_xyxy"": [352.048, 327.6, 365.903, 335.129]}, {""candidate_id"": ""C3"", ""bbox_xyxy"": [403.027, 326.971, 429.945, 344.617]}, {""candidate_id"": ""C4"", ""bbox_xyxy"": [605.414, 336.403, 726.761, 383.774]}, {""candidate_id"": ""C5"", ""bbox_xyxy"": [776.264, 348.688, 786.533, 374.835]}]",data/object_detections/2026_02_21_16_56_39_59464432/masks/FL/2026_02_21_16_56_39_59464432_f000753_fl_car_001.png,suburban,day,overcast
P0148,data/camera_splits/2026_02_21_16_56_39_59464432/FL/fl_000761.jpg,data/camera_splits/2026_02_21_16_56_39_59464432/RL/rl_000778.jpg,"[426.787, 315.85, 743.414, 454.159]","[{""candidate_id"": ""C1"", ""bbox_xyxy"": [204.248, 308.289, 279.363, 360.744]}, {""candidate_id"": ""C2"", ""bbox_xyxy"": [325.612, 326.274, 338.946, 335.335]}, {""candidate_id"": ""C3"", ""bbox_xyxy"": [381.957, 325.128, 412.917, 345.22]}, {""candidate_id"": ""C4"", ""bbox_xyxy"": [584.567, 350.646, 618.733, 368.409]}, {""candidate_id"": ""C5"", ""bbox_xyxy"": [747.649, 346.513, 919.909, 417.95]}]",data/object_detections/2026_02_21_16_56_39_59464432/masks/FL/2026_02_21_16_56_39_59464432_f000761_fl_car_002.png,suburban,day,overcast
P0149,data/camera_splits/2026_02_21_16_56_39_59464432/FL/fl_000763.jpg,data/camera_splits/2026_02_21_16_56_39_59464432/RL/rl_000817.jpg,"[0.0, 335.991, 117.323, 428.072]","[{""candidate_id"": ""C1"", ""bbox_xyxy"": [360.962, 330.325, 374.097, 339.96]}, {""candidate_id"": ""C2"", ""bbox_xyxy"": [406.721, 331.388, 428.773, 343.984]}, {""candidate_id"": ""C3"", ""bbox_xyxy"": [443.302, 329.875, 479.002, 354.646]}, {""candidate_id"": ""C4"", ""bbox_xyxy"": [473.011, 323.987, 533.012, 376.392]}, {""candidate_id"": ""C5"", ""bbox_xyxy"": [525.07, 318.247, 679.442, 412.216]}]",data/object_detections/2026_02_21_16_56_39_59464432/masks/FL/2026_02_21_16_56_39_59464432_f000763_fl_car_001.png,suburban,day,overcast
P0150,data/camera_splits/2026_02_21_16_56_39_59464432/FL/fl_000772.jpg,data/camera_splits/2026_02_21_16_56_39_59464432/RL/rl_000817.jpg,"[73.245, 327.179, 264.154, 434.664]","[{""candidate_id"": ""C1"", ""bbox_xyxy"": [360.962, 330.325, 374.097, 339.96]}, {""candidate_id"": ""C2"", ""bbox_xyxy"": [406.721, 331.388, 428.773, 343.984]}, {""candidate_id"": ""C3"", ""bbox_xyxy"": [443.302, 329.875, 479.002, 354.646]}, {""candidate_id"": ""C4"", ""bbox_xyxy"": [473.011, 323.987, 533.012, 376.392]}, {""candidate_id"": ""C5"", ""bbox_xyxy"": [525.07, 318.247, 679.442, 412.216]}]",data/object_detections/2026_02_21_16_56_39_59464432/masks/FL/2026_02_21_16_56_39_59464432_f000772_fl_car_001.png,suburban,day,overcast
P0151,data/camera_splits/2026_02_21_16_56_39_59464432/FL/fl_000780.jpg,data/camera_splits/2026_02_21_16_56_39_59464432/RL/rl_000817.jpg,"[253.57, 338.25, 353.578, 411.053]","[{""candidate_id"": ""C1"", ""bbox_xyxy"": [360.962, 330.325, 374.097, 339.96]}, {""candidate_id"": ""C2"", ""bbox_xyxy"": [406.721, 331.388, 428.773, 343.984]}, {""candidate_id"": ""C3"", ""bbox_xyxy"": [443.302, 329.875, 479.002, 354.646]}, {""candidate_id"": ""C4"", ""bbox_xyxy"": [473.011, 323.987, 533.012, 376.392]}, {""candidate_id"": ""C5"", ""bbox_xyxy"": [525.07, 318.247, 679.442, 412.216]}]",data/object_detections/2026_02_21_16_56_39_59464432/masks/FL/2026_02_21_16_56_39_59464432_f000780_fl_car_002.png,suburban,day,overcast
P0152,data/camera_splits/2026_02_21_16_56_39_59464432/FL/fl_000802.jpg,data/camera_splits/2026_02_21_16_56_39_59464432/RL/rl_000843.jpg,"[332.95, 344.488, 392.971, 386.573]","[{""candidate_id"": ""C1"", ""bbox_xyxy"": [387.095, 327.61, 424.48, 347.124]}, {""candidate_id"": ""C2"", ""bbox_xyxy"": [437.337, 327.808, 453.423, 352.011]}, {""candidate_id"": ""C3"", ""bbox_xyxy"": [447.47, 327.64, 486.962, 356.932]}, {""candidate_id"": ""C4"", ""bbox_xyxy"": [606.696, 305.206, 959.385, 444.979]}]",data/object_detections/2026_02_21_16_56_39_59464432/masks/FL/2026_02_21_16_56_39_59464432_f000802_fl_car_001.png,suburban,day,overcast
P0153,data/camera_splits/2026_02_21_16_56_39_59464432/FL/fl_000903.jpg,data/camera_splits/2026_02_21_16_56_39_59464432/RL/rl_000978.jpg,"[353.147, 349.038, 400.119, 384.398]","[{""candidate_id"": ""C1"", ""bbox_xyxy"": [386.484, 332.067, 406.436, 347.454]}, {""candidate_id"": ""C2"", ""bbox_xyxy"": [421.721, 333.7, 438.537, 346.852]}, {""candidate_id"": ""C3"", ""bbox_xyxy"": [607.345, 329.152, 626.094, 395.444]}, {""candidate_id"": ""C4"", ""bbox_xyxy"": [681.023, 351.477, 719.918, 401.735]}, {""candidate_id"": ""C5"", ""bbox_xyxy"": [752.663, 254.256, 959.935, 444.947]}]",data/object_detections/2026_02_21_16_56_39_59464432/masks/FL/2026_02_21_16_56_39_59464432_f000903_fl_car_001.png,suburban,day,overcast
P0154,data/camera_splits/2026_02_21_16_56_39_59464432/FL/fl_001027.jpg,data/camera_splits/2026_02_21_16_56_39_59464432/RL/rl_001075.jpg,"[501.101, 354.848, 518.32, 367.613]","[{""candidate_id"": ""C1"", ""bbox_xyxy"": [289.094, 323.689, 315.302, 341.096]}, {""candidate_id"": ""C2"", ""bbox_xyxy"": [366.624, 323.16, 396.451, 348.694]}, {""candidate_id"": ""C3"", ""bbox_xyxy"": [403.011, 330.56, 427.788, 338.382]}, {""candidate_id"": ""C4"", ""bbox_xyxy"": [531.346, 336.872, 610.34, 367.483]}]",data/object_detections/2026_02_21_16_56_39_59464432/masks/FL/2026_02_21_16_56_39_59464432_f001027_fl_car_002.png,suburban,day,overcast
P0155,data/camera_splits/2026_02_21_16_56_39_59464432/FL/fl_001027.jpg,data/camera_splits/2026_02_21_16_56_39_59464432/RL/rl_001075.jpg,"[289.058, 358.76, 362.217, 384.711]","[{""candidate_id"": ""C1"", ""bbox_xyxy"": [289.094, 323.689, 315.302, 341.096]}, {""candidate_id"": ""C2"", ""bbox_xyxy"": [366.624, 323.16, 396.451, 348.694]}, {""candidate_id"": ""C3"", ""bbox_xyxy"": [403.011, 330.56, 427.788, 338.382]}, {""candidate_id"": ""C4"", ""bbox_xyxy"": [531.346, 336.872, 610.34, 367.483]}]",data/object_detections/2026_02_21_16_56_39_59464432/masks/FL/2026_02_21_16_56_39_59464432_f001027_fl_car_003.png,suburban,day,overcast
P0156,data/camera_splits/2026_02_21_16_56_39_59464432/FL/fl_001037.jpg,data/camera_splits/2026_02_21_16_56_39_59464432/RL/rl_001064.jpg,"[519.661, 349.928, 546.226, 368.504]","[{""candidate_id"": ""C1"", ""bbox_xyxy"": [163.223, 316.268, 241.869, 361.581]}, {""candidate_id"": ""C2"", ""bbox_xyxy"": [363.607, 324.53, 392.191, 348.614]}, {""candidate_id"": ""C3"", ""bbox_xyxy"": [390.745, 330.681, 406.438, 339.903]}, {""candidate_id"": ""C4"", ""bbox_xyxy"": [485.092, 334.796, 499.198, 344.779]}, {""candidate_id"": ""C5"", ""bbox_xyxy"": [648.814, 337.508, 749.566, 387.502]}, {""candidate_id"": ""C6"", ""bbox_xyxy"": [688.667, 336.961, 887.995, 414.062]}]",data/object_detections/2026_02_21_16_56_39_59464432/masks/FL/2026_02_21_16_56_39_59464432_f001037_fl_car_001.png,suburban,day,overcast
P0157,data/camera_splits/2026_02_21_16_56_39_59464432/FL/fl_001037.jpg,data/camera_splits/2026_02_21_16_56_39_59464432/RL/rl_001064.jpg,"[26.986, 352.72, 184.01, 407.17]","[{""candidate_id"": ""C1"", ""bbox_xyxy"": [163.223, 316.268, 241.869, 361.581]}, {""candidate_id"": ""C2"", ""bbox_xyxy"": [363.607, 324.53, 392.191, 348.614]}, {""candidate_id"": ""C3"", ""bbox_xyxy"": [390.745, 330.681, 406.438, 339.903]}, {""candidate_id"": ""C4"", ""bbox_xyxy"": [485.092, 334.796, 499.198, 344.779]}, {""candidate_id"": ""C5"", ""bbox_xyxy"": [648.814, 337.508, 749.566, 387.502]}, {""candidate_id"": ""C6"", ""bbox_xyxy"": [688.667, 336.961, 887.995, 414.062]}]",data/object_detections/2026_02_21_16_56_39_59464432/masks/FL/2026_02_21_16_56_39_59464432_f001037_fl_car_002.png,suburban,day,overcast
P0158,data/camera_splits/2026_02_21_16_56_39_59464432/FL/fl_001037.jpg,data/camera_splits/2026_02_21_16_56_39_59464432/RL/rl_001064.jpg,"[190.633, 352.338, 303.77, 397.775]","[{""candidate_id"": ""C1"", ""bbox_xyxy"": [163.223, 316.268, 241.869, 361.581]}, {""candidate_id"": ""C2"", ""bbox_xyxy"": [363.607, 324.53, 392.191, 348.614]}, {""candidate_id"": ""C3"", ""bbox_xyxy"": [390.745, 330.681, 406.438, 339.903]}, {""candidate_id"": ""C4"", ""bbox_xyxy"": [485.092, 334.796, 499.198, 344.779]}, {""candidate_id"": ""C5"", ""bbox_xyxy"": [648.814, 337.508, 749.566, 387.502]}, {""candidate_id"": ""C6"", ""bbox_xyxy"": [688.667, 336.961, 887.995, 414.062]}]",data/object_detections/2026_02_21_16_56_39_59464432/masks/FL/2026_02_21_16_56_39_59464432_f001037_fl_car_004.png,suburban,day,overcast
P0159,data/camera_splits/2026_02_21_16_56_39_59464432/FL/fl_001050.jpg,data/camera_splits/2026_02_21_16_56_39_59464432/RL/rl_001069.jpg,"[634.025, 336.356, 793.612, 408.95]","[{""candidate_id"": ""C1"", ""bbox_xyxy"": [247.968, 317.868, 288.392, 343.939]}, {""candidate_id"": ""C2"", ""bbox_xyxy"": [365.304, 320.343, 394.433, 344.183]}, {""candidate_id"": ""C3"", ""bbox_xyxy"": [394.104, 326.637, 415.959, 335.283]}, {""candidate_id"": ""C4"", ""bbox_xyxy"": [580.724, 335.063, 634.73, 367.441]}, {""candidate_id"": ""C5"", ""bbox_xyxy"": [586.438, 334.561, 714.555, 382.172]}]",data/object_detections/2026_02_21_16_56_39_59464432/masks/FL/2026_02_21_16_56_39_59464432_f001050_fl_car_001.png,suburban,day,overcast
P0160,data/camera_splits/2026_02_21_16_56_39_59464432/FL/fl_001091.jpg,data/camera_splits/2026_02_21_16_56_39_59464432/RL/rl_001134.jpg,"[299.328, 347.614, 382.2, 402.305]","[{""candidate_id"": ""C1"", ""bbox_xyxy"": [374.915, 325.517, 416.095, 359.828]}, {""candidate_id"": ""C2"", ""bbox_xyxy"": [429.927, 338.968, 448.672, 346.264]}, {""candidate_id"": ""C3"", ""bbox_xyxy"": [447.793, 331.594, 487.142, 360.052]}]",data/object_detections/2026_02_21_16_56_39_59464432/masks/FL/2026_02_21_16_56_39_59464432_f001091_fl_car_001.png,suburban,day,overcast
P0161,data/camera_splits/2026_02_21_16_56_39_59464432/FL/fl_002577.jpg,data/camera_splits/2026_02_21_16_56_39_59464432/RL/rl_002652.jpg,"[734.49, 331.425, 878.434, 405.133]","[{""candidate_id"": ""C1"", ""bbox_xyxy"": [228.053, 316.284, 277.614, 344.362]}, {""candidate_id"": ""C2"", ""bbox_xyxy"": [297.6, 324.607, 322.539, 339.525]}, {""candidate_id"": ""C3"", ""bbox_xyxy"": [332.239, 322.945, 348.17, 337.295]}]",data/object_detections/2026_02_21_16_56_39_59464432/masks/FL/2026_02_21_16_56_39_59464432_f002577_fl_delivery_van_003.png,suburban,day,overcast
P0162,data/camera_splits/2026_02_21_16_56_39_59464432/FL/fl_002580.jpg,data/camera_splits/2026_02_21_16_56_39_59464432/RL/rl_002652.jpg,"[519.736, 351.362, 568.229, 377.355]","[{""candidate_id"": ""C1"", ""bbox_xyxy"": [228.053, 316.284, 277.614, 344.362]}, {""candidate_id"": ""C2"", ""bbox_xyxy"": [297.6, 324.607, 322.539, 339.525]}, {""candidate_id"": ""C3"", ""bbox_xyxy"": [332.239, 322.945, 348.17, 337.295]}]",data/object_detections/2026_02_21_16_56_39_59464432/masks/FL/2026_02_21_16_56_39_59464432_f002580_fl_car_004.png,suburban,day,overcast
P0163,data/camera_splits/2026_02_21_16_56_39_59464432/FL/fl_002587.jpg,data/camera_splits/2026_02_21_16_56_39_59464432/RL/rl_002652.jpg,"[726.983, 348.779, 848.971, 395.319]","[{""candidate_id"": ""C1"", ""bbox_xyxy"": [228.053, 316.284, 277.614, 344.362]}, {""candidate_id"": ""C2"", ""bbox_xyxy"": [297.6, 324.607, 322.539, 339.525]}, {""candidate_id"": ""C3"", ""bbox_xyxy"": [332.239, 322.945, 348.17, 337.295]}]",data/object_detections/2026_02_21_16_56_39_59464432/masks/FL/2026_02_21_16_56_39_59464432_f002587_fl_car_002.png,suburban,day,overcast
P0164,data/camera_splits/2026_02_21_16_56_39_59464432/FL/fl_002709.jpg,data/camera_splits/2026_02_21_16_56_39_59464432/RL/rl_002748.jpg,"[638.728, 349.501, 685.876, 375.985]","[{""candidate_id"": ""C1"", ""bbox_xyxy"": [0.02, 305.139, 90.278, 356.575]}, {""candidate_id"": ""C2"", ""bbox_xyxy"": [137.093, 316.01, 232.198, 358.804]}, {""candidate_id"": ""C3"", ""bbox_xyxy"": [274.116, 324.516, 297.787, 339.895]}, {""candidate_id"": ""C4"", ""bbox_xyxy"": [373.759, 322.68, 448.98, 350.915]}]",data/object_detections/2026_02_21_16_56_39_59464432/masks/FL/2026_02_21_16_56_39_59464432_f002709_fl_car_002.png,suburban,day,overcast
P0165,data/camera_splits/2026_02_21_16_56_39_59464432/FL/fl_002709.jpg,data/camera_splits/2026_02_21_16_56_39_59464432/RL/rl_002748.jpg,"[581.539, 353.937, 621.565, 378.329]","[{""candidate_id"": ""C1"", ""bbox_xyxy"": [0.02, 305.139, 90.278, 356.575]}, {""candidate_id"": ""C2"", ""bbox_xyxy"": [137.093, 316.01, 232.198, 358.804]}, {""candidate_id"": ""C3"", ""bbox_xyxy"": [274.116, 324.516, 297.787, 339.895]}, {""candidate_id"": ""C4"", ""bbox_xyxy"": [373.759, 322.68, 448.98, 350.915]}]",data/object_detections/2026_02_21_16_56_39_59464432/masks/FL/2026_02_21_16_56_39_59464432_f002709_fl_car_003.png,suburban,day,overcast
P0166,data/camera_splits/2026_02_21_16_56_39_59464432/FL/fl_002709.jpg,data/camera_splits/2026_02_21_16_56_39_59464432/RL/rl_002750.jpg,"[705.709, 328.044, 881.615, 403.639]","[{""candidate_id"": ""C1"", ""bbox_xyxy"": [39.318, 309.935, 135.532, 352.853]}, {""candidate_id"": ""C2"", ""bbox_xyxy"": [182.153, 318.041, 262.566, 354.181]}, {""candidate_id"": ""C3"", ""bbox_xyxy"": [280.851, 324.248, 302.584, 338.874]}, {""candidate_id"": ""C4"", ""bbox_xyxy"": [363.78, 328.534, 373.327, 335.388]}, {""candidate_id"": ""C5"", ""bbox_xyxy"": [395.072, 322.053, 464.22, 347.937]}]",data/object_detections/2026_02_21_16_56_39_59464432/masks/FL/2026_02_21_16_56_39_59464432_f002709_fl_car_004.png,suburban,day,overcast
P0167,data/camera_splits/2026_02_21_16_56_39_59464432/FL/fl_002721.jpg,data/camera_splits/2026_02_21_16_56_39_59464432/RL/rl_002765.jpg,"[668.359, 337.303, 771.964, 386.23]","[{""candidate_id"": ""C1"", ""bbox_xyxy"": [0.0, 307.019, 108.107, 347.787]}, {""candidate_id"": ""C2"", ""bbox_xyxy"": [159.91, 311.93, 210.787, 339.197]}, {""candidate_id"": ""C3"", ""bbox_xyxy"": [216.19, 318.159, 246.605, 336.742]}, {""candidate_id"": ""C4"", ""bbox_xyxy"": [257.948, 318.496, 281.151, 334.617]}, {""candidate_id"": ""C5"", ""bbox_xyxy"": [286.922, 322.862, 301.471, 332.781]}, {""candidate_id"": ""C6"", ""bbox_xyxy"": [329.239, 324.639, 372.277, 341.404]}, {""candidate_id"": ""C7"", ""bbox_xyxy"": [487.779, 321.907, 511.423, 328.41]}]",data/object_detections/2026_02_21_16_56_39_59464432/masks/FL/2026_02_21_16_56_39_59464432_f002721_fl_car_001.png,suburban,day,overcast
P0168,data/camera_splits/2026_02_21_16_56_39_59464432/FL/fl_002721.jpg,data/camera_splits/2026_02_21_16_56_39_59464432/RL/rl_002765.jpg,"[752.831, 331.968, 856.665, 377.874]","[{""candidate_id"": ""C1"", ""bbox_xyxy"": [0.0, 307.019, 108.107, 347.787]}, {""candidate_id"": ""C2"", ""bbox_xyxy"": [159.91, 311.93, 210.787, 339.197]}, {""candidate_id"": ""C3"", ""bbox_xyxy"": [216.19, 318.159, 246.605, 336.742]}, {""candidate_id"": ""C4"", ""bbox_xyxy"": [257.948, 318.496, 281.151, 334.617]}, {""candidate_id"": ""C5"", ""bbox_xyxy"": [286.922, 322.862, 301.471, 332.781]}, {""candidate_id"": ""C6"", ""bbox_xyxy"": [329.239, 324.639, 372.277, 341.404]}, {""candidate_id"": ""C7"", ""bbox_xyxy"": [487.779, 321.907, 511.423, 328.41]}]",data/object_detections/2026_02_21_16_56_39_59464432/masks/FL/2026_02_21_16_56_39_59464432_f002721_fl_car_002.png,suburban,day,overcast
P0169,data/camera_splits/2026_02_21_16_56_39_59464432/FL/fl_002722.jpg,data/camera_splits/2026_02_21_16_56_39_59464432/RL/rl_002751.jpg,"[687.261, 337.103, 806.25, 391.53]","[{""candidate_id"": ""C1"", ""bbox_xyxy"": [67.34, 311.692, 152.956, 351.543]}, {""candidate_id"": ""C2"", ""bbox_xyxy"": [200.682, 318.581, 275.614, 353.135]}, {""candidate_id"": ""C3"", ""bbox_xyxy"": [284.044, 324.875, 305.581, 338.46]}, {""candidate_id"": ""C4"", ""bbox_xyxy"": [364.126, 328.404, 373.481, 335.497]}, {""candidate_id"": ""C5"", ""bbox_xyxy"": [404.613, 322.121, 471.72, 347.273]}]",data/object_detections/2026_02_21_16_56_39_59464432/masks/FL/2026_02_21_16_56_39_59464432_f002722_fl_car_001.png,suburban,day,overcast
P0170,data/camera_splits/2026_02_21_16_56_39_59464432/FL/fl_002737.jpg,data/camera_splits/2026_02_21_16_56_39_59464432/RL/rl_002765.jpg,"[746.629, 352.179, 869.925, 396.532]","[{""candidate_id"": ""C1"", ""bbox_xyxy"": [0.0, 307.019, 108.107, 347.787]}, {""candidate_id"": ""C2"", ""bbox_xyxy"": [159.91, 311.93, 210.787, 339.197]}, {""candidate_id"": ""C3"", ""bbox_xyxy"": [216.19, 318.159, 246.605, 336.742]}, {""candidate_id"": ""C4"", ""bbox_xyxy"": [257.948, 318.496, 281.151, 334.617]}, {""candidate_id"": ""C5"", ""bbox_xyxy"": [286.922, 322.862, 301.471, 332.781]}, {""candidate_id"": ""C6"", ""bbox_xyxy"": [329.239, 324.639, 372.277, 341.404]}, {""candidate_id"": ""C7"", ""bbox_xyxy"": [487.779, 321.907, 511.423, 328.41]}]",data/object_detections/2026_02_21_16_56_39_59464432/masks/FL/2026_02_21_16_56_39_59464432_f002737_fl_car_001.png,suburban,day,overcast
P0171,data/camera_splits/2026_02_21_16_56_39_59464432/FL/fl_002751.jpg,data/camera_splits/2026_02_21_16_56_39_59464432/RL/rl_002794.jpg,"[676.476, 352.367, 750.649, 388.074]","[{""candidate_id"": ""C1"", ""bbox_xyxy"": [71.871, 313.673, 174.919, 355.437]}, {""candidate_id"": ""C2"", ""bbox_xyxy"": [193.065, 318.536, 244.587, 345.393]}, {""candidate_id"": ""C3"", ""bbox_xyxy"": [259.099, 321.796, 289.455, 340.35]}, {""candidate_id"": ""C4"", ""bbox_xyxy"": [287.39, 324.69, 303.509, 339.012]}, {""candidate_id"": ""C5"", ""bbox_xyxy"": [346.225, 328.105, 354.317, 333.85]}, {""candidate_id"": ""C6"", ""bbox_xyxy"": [372.968, 329.053, 381.427, 335.201]}, {""candidate_id"": ""C7"", ""bbox_xyxy"": [880.503, 305.209, 936.831, 316.95]}]",data/object_detections/2026_02_21_16_56_39_59464432/masks/FL/2026_02_21_16_56_39_59464432_f002751_fl_car_002.png,suburban,day,overcast
P0172,data/camera_splits/2026_02_21_16_56_39_59464432/FL/fl_003069.jpg,data/camera_splits/2026_02_21_16_56_39_59464432/RL/rl_003231.jpg,"[424.686, 341.46, 450.438, 367.943]","[{""candidate_id"": ""C1"", ""bbox_xyxy"": [10.078, 321.113, 18.465, 345.885]}, {""candidate_id"": ""C2"", ""bbox_xyxy"": [77.267, 320.251, 83.853, 341.548]}, {""candidate_id"": ""C3"", ""bbox_xyxy"": [84.018, 322.484, 158.167, 353.412]}, {""candidate_id"": ""C4"", ""bbox_xyxy"": [199.459, 320.18, 263.095, 349.827]}, {""candidate_id"": ""C5"", ""bbox_xyxy"": [295.73, 323.619, 340.772, 353.118]}, {""candidate_id"": ""C6"", ""bbox_xyxy"": [342.094, 325.538, 360.155, 341.462]}, {""candidate_id"": ""C7"", ""bbox_xyxy"": [369.003, 325.629, 388.987, 343.469]}, {""candidate_id"": ""C8"", ""bbox_xyxy"": [417.141, 320.408, 426.604, 352.83]}, {""candidate_id"": ""C9"", ""bbox_xyxy"": [425.154, 315.018, 463.817, 349.834]}, {""candidate_id"": ""C10"", ""bbox_xyxy"": [505.758, 302.297, 514.365, 331.362]}]",data/object_detections/2026_02_21_16_56_39_59464432/masks/FL/2026_02_21_16_56_39_59464432_f003069_fl_delivery_van_009.png,suburban,day,overcast
P0173,data/camera_splits/2026_02_21_16_56_39_59464432/FL/fl_003078.jpg,data/camera_splits/2026_02_21_16_56_39_59464432/RL/rl_003231.jpg,"[577.249, 339.484, 738.95, 430.626]","[{""candidate_id"": ""C1"", ""bbox_xyxy"": [10.078, 321.113, 18.465, 345.885]}, {""candidate_id"": ""C2"", ""bbox_xyxy"": [77.267, 320.251, 83.853, 341.548]}, {""candidate_id"": ""C3"", ""bbox_xyxy"": [84.018, 322.484, 158.167, 353.412]}, {""candidate_id"": ""C4"", ""bbox_xyxy"": [199.459, 320.18, 263.095, 349.827]}, {""candidate_id"": ""C5"", ""bbox_xyxy"": [295.73, 323.619, 340.772, 353.118]}, {""candidate_id"": ""C6"", ""bbox_xyxy"": [342.094, 325.538, 360.155, 341.462]}, {""candidate_id"": ""C7"", ""bbox_xyxy"": [369.003, 325.629, 388.987, 343.469]}, {""candidate_id"": ""C8"", ""bbox_xyxy"": [417.141, 320.408, 426.604, 352.83]}, {""candidate_id"": ""C9"", ""bbox_xyxy"": [425.154, 315.018, 463.817, 349.834]}, {""candidate_id"": ""C10"", ""bbox_xyxy"": [505.758, 302.297, 514.365, 331.362]}]",data/object_detections/2026_02_21_16_56_39_59464432/masks/FL/2026_02_21_16_56_39_59464432_f003078_fl_car_002.png,suburban,day,overcast
P0174,data/camera_splits/2026_02_21_16_56_39_59464432/FL/fl_003107.jpg,data/camera_splits/2026_02_21_16_56_39_59464432/RL/rl_003231.jpg,"[181.066, 286.696, 359.927, 413.901]","[{""candidate_id"": ""C1"", ""bbox_xyxy"": [10.078, 321.113, 18.465, 345.885]}, {""candidate_id"": ""C2"", ""bbox_xyxy"": [77.267, 320.251, 83.853, 341.548]}, {""candidate_id"": ""C3"", ""bbox_xyxy"": [84.018, 322.484, 158.167, 353.412]}, {""candidate_id"": ""C4"", ""bbox_xyxy"": [199.459, 320.18, 263.095, 349.827]}, {""candidate_id"": ""C5"", ""bbox_xyxy"": [295.73, 323.619, 340.772, 353.118]}, {""candidate_id"": ""C6"", ""bbox_xyxy"": [342.094, 325.538, 360.155, 341.462]}, {""candidate_id"": ""C7"", ""bbox_xyxy"": [369.003, 325.629, 388.987, 343.469]}, {""candidate_id"": ""C8"", ""bbox_xyxy"": [417.141, 320.408, 426.604, 352.83]}, {""candidate_id"": ""C9"", ""bbox_xyxy"": [425.154, 315.018, 463.817, 349.834]}, {""candidate_id"": ""C10"", ""bbox_xyxy"": [505.758, 302.297, 514.365, 331.362]}]",data/object_detections/2026_02_21_16_56_39_59464432/masks/FL/2026_02_21_16_56_39_59464432_f003107_fl_delivery_van_005.png,suburban,day,overcast
P0175,data/camera_splits/2026_02_21_16_56_39_59464432/FL/fl_003197.jpg,data/camera_splits/2026_02_21_16_56_39_59464432/RL/rl_003278.jpg,"[359.737, 333.244, 397.338, 370.504]","[{""candidate_id"": ""C1"", ""bbox_xyxy"": [32.269, 318.583, 105.469, 354.046]}, {""candidate_id"": ""C2"", ""bbox_xyxy"": [192.137, 327.056, 212.619, 340.035]}, {""candidate_id"": ""C3"", ""bbox_xyxy"": [230.473, 327.037, 250.582, 338.145]}, {""candidate_id"": ""C4"", ""bbox_xyxy"": [242.807, 321.735, 301.599, 363.37]}, {""candidate_id"": ""C5"", ""bbox_xyxy"": [302.154, 324.042, 328.699, 347.317]}, {""candidate_id"": ""C6"", ""bbox_xyxy"": [326.416, 323.627, 342.326, 338.757]}, {""candidate_id"": ""C7"", ""bbox_xyxy"": [429.388, 300.769, 514.122, 343.892]}]",data/object_detections/2026_02_21_16_56_39_59464432/masks/FL/2026_02_21_16_56_39_59464432_f003197_fl_delivery_van_004.png,urban,day,overcast
P0176,data/camera_splits/2026_02_21_16_56_39_59464432/FL/fl_003242.jpg,data/camera_splits/2026_02_21_16_56_39_59464432/RL/rl_003297.jpg,"[364.608, 341.283, 398.438, 375.213]","[{""candidate_id"": ""C1"", ""bbox_xyxy"": [0.022, 324.838, 19.87, 350.297]}, {""candidate_id"": ""C2"", ""bbox_xyxy"": [156.877, 327.469, 192.094, 349.099]}, {""candidate_id"": ""C3"", ""bbox_xyxy"": [236.394, 331.719, 257.566, 345.966]}, {""candidate_id"": ""C4"", ""bbox_xyxy"": [288.875, 333.54, 304.206, 344.317]}, {""candidate_id"": ""C5"", ""bbox_xyxy"": [327.712, 332.713, 347.687, 349.223]}, {""candidate_id"": ""C6"", ""bbox_xyxy"": [359.484, 328.605, 427.912, 375.074]}, {""candidate_id"": ""C7"", ""bbox_xyxy"": [435.801, 321.847, 486.436, 348.057]}, {""candidate_id"": ""C8"", ""bbox_xyxy"": [616.122, 313.675, 786.203, 388.581]}]",data/object_detections/2026_02_21_16_56_39_59464432/masks/FL/2026_02_21_16_56_39_59464432_f003242_fl_delivery_van_007.png,urban,day,overcast
P0177,data/camera_splits/2026_02_21_16_56_39_59464432/FL/fl_003258.jpg,data/camera_splits/2026_02_21_16_56_39_59464432/RL/rl_003310.jpg,"[265.607, 325.728, 338.63, 386.338]","[{""candidate_id"": ""C1"", ""bbox_xyxy"": [127.745, 336.555, 150.329, 353.046]}, {""candidate_id"": ""C2"", ""bbox_xyxy"": [189.705, 332.798, 204.502, 360.25]}, {""candidate_id"": ""C3"", ""bbox_xyxy"": [261.719, 338.322, 281.983, 351.931]}, {""candidate_id"": ""C4"", ""bbox_xyxy"": [305.164, 340.703, 319.556, 350.633]}, {""candidate_id"": ""C5"", ""bbox_xyxy"": [336.958, 341.338, 351.44, 350.038]}, {""candidate_id"": ""C6"", ""bbox_xyxy"": [375.608, 337.9, 395.741, 355.53]}, {""candidate_id"": ""C7"", ""bbox_xyxy"": [398.761, 340.459, 412.111, 351.168]}, {""candidate_id"": ""C8"", ""bbox_xyxy"": [432.331, 336.266, 450.102, 360.413]}, {""candidate_id"": ""C9"", ""bbox_xyxy"": [435.723, 331.064, 525.276, 389.879]}, {""candidate_id"": ""C10"", ""bbox_xyxy"": [560.057, 327.068, 642.761, 369.666]}]",data/object_detections/2026_02_21_16_56_39_59464432/masks/FL/2026_02_21_16_56_39_59464432_f003258_fl_delivery_van_003.png,urban,day,overcast
P0178,data/camera_splits/2026_02_21_16_56_39_59464432/FL/fl_003270.jpg,data/camera_splits/2026_02_21_16_56_39_59464432/RL/rl_003297.jpg,"[0.0, 288.099, 144.333, 427.574]","[{""candidate_id"": ""C1"", ""bbox_xyxy"": [0.022, 324.838, 19.87, 350.297]}, {""candidate_id"": ""C2"", ""bbox_xyxy"": [156.877, 327.469, 192.094, 349.099]}, {""candidate_id"": ""C3"", ""bbox_xyxy"": [236.394, 331.719, 257.566, 345.966]}, {""candidate_id"": ""C4"", ""bbox_xyxy"": [288.875, 333.54, 304.206, 344.317]}, {""candidate_id"": ""C5"", ""bbox_xyxy"": [327.712, 332.713, 347.687, 349.223]}, {""candidate_id"": ""C6"", ""bbox_xyxy"": [359.484, 328.605, 427.912, 375.074]}, {""candidate_id"": ""C7"", ""bbox_xyxy"": [435.801, 321.847, 486.436, 348.057]}, {""candidate_id"": ""C8"", ""bbox_xyxy"": [616.122, 313.675, 786.203, 388.581]}]",data/object_detections/2026_02_21_16_56_39_59464432/masks/FL/2026_02_21_16_56_39_59464432_f003270_fl_delivery_van_005.png,urban,day,overcast
P0179,data/camera_splits/2026_02_21_16_56_39_59464432/FL/fl_003291.jpg,data/camera_splits/2026_02_21_16_56_39_59464432/RL/rl_003395.jpg,"[147.393, 350.937, 214.723, 384.154]","[{""candidate_id"": ""C1"", ""bbox_xyxy"": [63.645, 310.869, 77.641, 348.377]}, {""candidate_id"": ""C2"", ""bbox_xyxy"": [130.621, 309.712, 192.615, 354.851]}, {""candidate_id"": ""C3"", ""bbox_xyxy"": [190.817, 318.311, 206.053, 353.812]}, {""candidate_id"": ""C4"", ""bbox_xyxy"": [262.698, 330.019, 296.909, 348.671]}, {""candidate_id"": ""C5"", ""bbox_xyxy"": [354.062, 337.848, 371.772, 344.901]}, {""candidate_id"": ""C6"", ""bbox_xyxy"": [444.673, 322.651, 505.471, 375.513]}, {""candidate_id"": ""C7"", ""bbox_xyxy"": [521.856, 335.426, 547.963, 349.787]}, {""candidate_id"": ""C8"", ""bbox_xyxy"": [746.946, 343.263, 870.359, 392.853]}]",data/object_detections/2026_02_21_16_56_39_59464432/masks/FL/2026_02_21_16_56_39_59464432_f003291_fl_car_001.png,urban,day,overcast
P0180,data/camera_splits/2026_02_21_16_56_39_59464432/FL/fl_003291.jpg,data/camera_splits/2026_02_21_16_56_39_59464432/RL/rl_003395.jpg,"[728.244, 357.145, 847.661, 412.51]","[{""candidate_id"": ""C1"", ""bbox_xyxy"": [63.645, 310.869, 77.641, 348.377]}, {""candidate_id"": ""C2"", ""bbox_xyxy"": [130.621, 309.712, 192.615, 354.851]}, {""candidate_id"": ""C3"", ""bbox_xyxy"": [190.817, 318.311, 206.053, 353.812]}, {""candidate_id"": ""C4"", ""bbox_xyxy"": [262.698, 330.019, 296.909, 348.671]}, {""candidate_id"": ""C5"", ""bbox_xyxy"": [354.062, 337.848, 371.772, 344.901]}, {""candidate_id"": ""C6"", ""bbox_xyxy"": [444.673, 322.651, 505.471, 375.513]}, {""candidate_id"": ""C7"", ""bbox_xyxy"": [521.856, 335.426, 547.963, 349.787]}, {""candidate_id"": ""C8"", ""bbox_xyxy"": [746.946, 343.263, 870.359, 392.853]}]",data/object_detections/2026_02_21_16_56_39_59464432/masks/FL/2026_02_21_16_56_39_59464432_f003291_fl_delivery_van_009.png,urban,day,overcast
P0181,data/camera_splits/2026_02_21_16_56_39_59464432/FL/fl_003291.jpg,data/camera_splits/2026_02_21_16_56_39_59464432/RL/rl_003410.jpg,"[233.135, 347.587, 284.382, 374.1]","[{""candidate_id"": ""C1"", ""bbox_xyxy"": [91.591, 323.803, 195.972, 368.259]}, {""candidate_id"": ""C2"", ""bbox_xyxy"": [263.826, 327.618, 274.309, 349.931]}, {""candidate_id"": ""C3"", ""bbox_xyxy"": [290.835, 333.633, 316.254, 347.87]}, {""candidate_id"": ""C4"", ""bbox_xyxy"": [398.394, 324.012, 446.294, 360.134]}, {""candidate_id"": ""C5"", ""bbox_xyxy"": [452.152, 340.841, 463.261, 347.098]}, {""candidate_id"": ""C6"", ""bbox_xyxy"": [601.463, 334.233, 650.845, 360.005]}, {""candidate_id"": ""C7"", ""bbox_xyxy"": [644.162, 331.604, 652.818, 353.506]}, {""candidate_id"": ""C8"", ""bbox_xyxy"": [817.513, 308.16, 942.253, 393.751]}]",data/object_detections/2026_02_21_16_56_39_59464432/masks/FL/2026_02_21_16_56_39_59464432_f003291_fl_delivery_van_015.png,urban,day,overcast
P0182,data/camera_splits/2026_02_21_16_56_39_59464432/FL/fl_003456.jpg,data/camera_splits/2026_02_21_16_56_39_59464432/RL/rl_003479.jpg,"[552.352, 351.911, 595.925, 379.723]","[{""candidate_id"": ""C1"", ""bbox_xyxy"": [0.077, 297.796, 85.541, 358.458]}, {""candidate_id"": ""C2"", ""bbox_xyxy"": [68.689, 309.821, 186.459, 366.462]}, {""candidate_id"": ""C3"", ""bbox_xyxy"": [161.732, 311.644, 226.239, 337.593]}, {""candidate_id"": ""C4"", ""bbox_xyxy"": [225.192, 325.125, 263.627, 346.726]}, {""candidate_id"": ""C5"", ""bbox_xyxy"": [287.807, 329.828, 307.864, 343.045]}, {""candidate_id"": ""C6"", ""bbox_xyxy"": [334.666, 331.745, 349.456, 342.256]}, {""candidate_id"": ""C7"", ""bbox_xyxy"": [399.028, 336.65, 410.705, 344.086]}, {""candidate_id"": ""C8"", ""bbox_xyxy"": [415.339, 333.177, 433.564, 344.919]}, {""candidate_id"": ""C9"", ""bbox_xyxy"": [466.24, 330.576, 474.351, 353.339]}, {""candidate_id"": ""C10"", ""bbox_xyxy"": [710.934, 332.789, 729.79, 383.621]}, {""candidate_id"": ""C11"", ""bbox_xyxy"": [732.535, 332.767, 746.878, 382.611]}]",data/object_detections/2026_02_21_16_56_39_59464432/masks/FL/2026_02_21_16_56_39_59464432_f003456_fl_car_002.png,urban,day,overcast
P0183,data/camera_splits/2026_02_21_16_56_39_59464432/FL/fl_003557.jpg,data/camera_splits/2026_02_21_16_56_39_59464432/RL/rl_003622.jpg,"[28.116, 328.093, 123.683, 361.004]","[{""candidate_id"": ""C1"", ""bbox_xyxy"": [23.601, 323.545, 114.878, 359.285]}, {""candidate_id"": ""C2"", ""bbox_xyxy"": [411.803, 343.201, 429.422, 355.471]}, {""candidate_id"": ""C3"", ""bbox_xyxy"": [462.255, 339.634, 497.477, 357.069]}, {""candidate_id"": ""C4"", ""bbox_xyxy"": [596.453, 336.104, 639.415, 363.859]}, {""candidate_id"": ""C5"", ""bbox_xyxy"": [631.8, 338.197, 647.75, 360.748]}, {""candidate_id"": ""C6"", ""bbox_xyxy"": [710.22, 343.225, 724.623, 354.578]}, {""candidate_id"": ""C7"", ""bbox_xyxy"": [757.782, 339.132, 804.796, 371.962]}, {""candidate_id"": ""C8"", ""bbox_xyxy"": [804.144, 341.182, 820.351, 374.386]}, {""candidate_id"": ""C9"", ""bbox_xyxy"": [828.427, 339.664, 884.83, 376.41]}, {""candidate_id"": ""C10"", ""bbox_xyxy"": [927.18, 340.545, 939.688, 373.227]}]",data/object_detections/2026_02_21_16_56_39_59464432/masks/FL/2026_02_21_16_56_39_59464432_f003557_fl_car_001.png,urban,day,overcast
P0184,data/camera_splits/2026_02_21_16_56_39_59464432/FL/fl_003557.jpg,data/camera_splits/2026_02_21_16_56_39_59464432/RL/rl_003622.jpg,"[124.673, 332.647, 199.73, 359.232]","[{""candidate_id"": ""C1"", ""bbox_xyxy"": [23.601, 323.545, 114.878, 359.285]}, {""candidate_id"": ""C2"", ""bbox_xyxy"": [411.803, 343.201, 429.422, 355.471]}, {""candidate_id"": ""C3"", ""bbox_xyxy"": [462.255, 339.634, 497.477, 357.069]}, {""candidate_id"": ""C4"", ""bbox_xyxy"": [596.453, 336.104, 639.415, 363.859]}, {""candidate_id"": ""C5"", ""bbox_xyxy"": [631.8, 338.197, 647.75, 360.748]}, {""candidate_id"": ""C6"", ""bbox_xyxy"": [710.22, 343.225, 724.623, 354.578]}, {""candidate_id"": ""C7"", ""bbox_xyxy"": [757.782, 339.132, 804.796, 371.962]}, {""candidate_id"": ""C8"", ""bbox_xyxy"": [804.144, 341.182, 820.351, 374.386]}, {""candidate_id"": ""C9"", ""bbox_xyxy"": [828.427, 339.664, 884.83, 376.41]}, {""candidate_id"": ""C10"", ""bbox_xyxy"": [927.18, 340.545, 939.688, 373.227]}]",data/object_detections/2026_02_21_16_56_39_59464432/masks/FL/2026_02_21_16_56_39_59464432_f003557_fl_car_010.png,urban,day,overcast
P0185,data/camera_splits/2026_02_21_16_56_39_59464432/FL/fl_003600.jpg,data/camera_splits/2026_02_21_16_56_39_59464432/RL/rl_003637.jpg,"[163.414, 359.524, 198.774, 384.67]","[{""candidate_id"": ""C1"", ""bbox_xyxy"": [186.685, 330.082, 223.718, 347.511]}, {""candidate_id"": ""C2"", ""bbox_xyxy"": [312.785, 325.384, 349.062, 347.158]}, {""candidate_id"": ""C3"", ""bbox_xyxy"": [343.197, 326.781, 356.959, 344.753]}, {""candidate_id"": ""C4"", ""bbox_xyxy"": [421.576, 324.919, 453.158, 348.664]}, {""candidate_id"": ""C5"", ""bbox_xyxy"": [456.778, 326.368, 465.435, 347.965]}, {""candidate_id"": ""C6"", ""bbox_xyxy"": [470.397, 326.327, 496.468, 347.582]}, {""candidate_id"": ""C7"", ""bbox_xyxy"": [517.314, 326.411, 524.199, 346.428]}, {""candidate_id"": ""C8"", ""bbox_xyxy"": [776.286, 333.288, 839.515, 374.661]}, {""candidate_id"": ""C9"", ""bbox_xyxy"": [803.749, 339.139, 958.223, 390.908]}]",data/object_detections/2026_02_21_16_56_39_59464432/masks/FL/2026_02_21_16_56_39_59464432_f003600_fl_car_005.png,urban,day,overcast
P0186,data/camera_splits/2026_02_21_16_56_39_59464432/FL/fl_003678.jpg,data/camera_splits/2026_02_21_16_56_39_59464432/RL/rl_003717.jpg,"[657.911, 324.692, 805.14, 386.382]","[{""candidate_id"": ""C1"", ""bbox_xyxy"": [0.031, 286.369, 111.726, 358.739]}, {""candidate_id"": ""C2"", ""bbox_xyxy"": [75.966, 292.833, 159.423, 340.42]}, {""candidate_id"": ""C3"", ""bbox_xyxy"": [269.871, 323.821, 300.382, 345.124]}, {""candidate_id"": ""C4"", ""bbox_xyxy"": [420.24, 335.926, 440.293, 342.594]}, {""candidate_id"": ""C5"", ""bbox_xyxy"": [518.324, 342.476, 549.925, 355.783]}, {""candidate_id"": ""C6"", ""bbox_xyxy"": [635.201, 332.97, 756.278, 394.748]}]",data/object_detections/2026_02_21_16_56_39_59464432/masks/FL/2026_02_21_16_56_39_59464432_f003678_fl_truck_002.png,urban,day,overcast
P0187,data/camera_splits/2026_02_21_16_56_39_59464432/FL/fl_003685.jpg,data/camera_splits/2026_02_21_16_56_39_59464432/RL/rl_003729.jpg,"[203.51, 345.709, 283.413, 389.117]","[{""candidate_id"": ""C1"", ""bbox_xyxy"": [50.623, 323.645, 102.792, 344.763]}, {""candidate_id"": ""C2"", ""bbox_xyxy"": [152.726, 312.285, 225.002, 342.115]}, {""candidate_id"": ""C3"", ""bbox_xyxy"": [410.209, 337.507, 428.035, 343.411]}, {""candidate_id"": ""C4"", ""bbox_xyxy"": [517.22, 333.453, 565.016, 362.965]}, {""candidate_id"": ""C5"", ""bbox_xyxy"": [655.801, 334.532, 817.203, 418.716]}]",data/object_detections/2026_02_21_16_56_39_59464432/masks/FL/2026_02_21_16_56_39_59464432_f003685_fl_car_006.png,urban,day,overcast
P0188,data/camera_splits/2026_02_21_16_56_39_59464432/FL/fl_003900.jpg,data/camera_splits/2026_02_21_16_56_39_59464432/RL/rl_004054.jpg,"[191.916, 323.91, 362.386, 436.274]","[{""candidate_id"": ""C1"", ""bbox_xyxy"": [39.027, 323.919, 128.53, 365.255]}, {""candidate_id"": ""C2"", ""bbox_xyxy"": [354.504, 322.346, 409.747, 371.333]}, {""candidate_id"": ""C3"", ""bbox_xyxy"": [405.831, 327.145, 419.159, 340.177]}, {""candidate_id"": ""C4"", ""bbox_xyxy"": [461.236, 324.647, 529.343, 376.395]}, {""candidate_id"": ""C5"", ""bbox_xyxy"": [779.629, 324.152, 801.872, 392.539]}]",data/object_detections/2026_02_21_16_56_39_59464432/masks/FL/2026_02_21_16_56_39_59464432_f003900_fl_car_006.png,urban,day,overcast
P0189,data/camera_splits/2026_02_21_16_56_39_59464432/FL/fl_003913.jpg,data/camera_splits/2026_02_21_16_56_39_59464432/RL/rl_004054.jpg,"[353.379, 345.565, 414.042, 392.074]","[{""candidate_id"": ""C1"", ""bbox_xyxy"": [39.027, 323.919, 128.53, 365.255]}, {""candidate_id"": ""C2"", ""bbox_xyxy"": [354.504, 322.346, 409.747, 371.333]}, {""candidate_id"": ""C3"", ""bbox_xyxy"": [405.831, 327.145, 419.159, 340.177]}, {""candidate_id"": ""C4"", ""bbox_xyxy"": [461.236, 324.647, 529.343, 376.395]}, {""candidate_id"": ""C5"", ""bbox_xyxy"": [779.629, 324.152, 801.872, 392.539]}]",data/object_detections/2026_02_21_16_56_39_59464432/masks/FL/2026_02_21_16_56_39_59464432_f003913_fl_car_006.png,urban,day,overcast
P0190,data/camera_splits/2026_02_21_16_56_39_59464432/FL/fl_003976.jpg,data/camera_splits/2026_02_21_16_56_39_59464432/RL/rl_004054.jpg,"[226.896, 338.113, 362.641, 428.962]","[{""candidate_id"": ""C1"", ""bbox_xyxy"": [39.027, 323.919, 128.53, 365.255]}, {""candidate_id"": ""C2"", ""bbox_xyxy"": [354.504, 322.346, 409.747, 371.333]}, {""candidate_id"": ""C3"", ""bbox_xyxy"": [405.831, 327.145, 419.159, 340.177]}, {""candidate_id"": ""C4"", ""bbox_xyxy"": [461.236, 324.647, 529.343, 376.395]}, {""candidate_id"": ""C5"", ""bbox_xyxy"": [779.629, 324.152, 801.872, 392.539]}]",data/object_detections/2026_02_21_16_56_39_59464432/masks/FL/2026_02_21_16_56_39_59464432_f003976_fl_car_004.png,highway,day,overcast
P0191,data/camera_splits/2026_02_21_16_56_39_59464432/FL/fl_004041.jpg,data/camera_splits/2026_02_21_16_56_39_59464432/RL/rl_004054.jpg,"[714.643, 356.675, 800.35, 398.158]","[{""candidate_id"": ""C1"", ""bbox_xyxy"": [39.027, 323.919, 128.53, 365.255]}, {""candidate_id"": ""C2"", ""bbox_xyxy"": [354.504, 322.346, 409.747, 371.333]}, {""candidate_id"": ""C3"", ""bbox_xyxy"": [405.831, 327.145, 419.159, 340.177]}, {""candidate_id"": ""C4"", ""bbox_xyxy"": [461.236, 324.647, 529.343, 376.395]}, {""candidate_id"": ""C5"", ""bbox_xyxy"": [779.629, 324.152, 801.872, 392.539]}]",data/object_detections/2026_02_21_16_56_39_59464432/masks/FL/2026_02_21_16_56_39_59464432_f004041_fl_car_001.png,urban,day,overcast
P0192,data/camera_splits/2026_02_21_16_56_39_59464432/FL/fl_004042.jpg,data/camera_splits/2026_02_21_16_56_39_59464432/RL/rl_004054.jpg,"[768.927, 360.92, 890.061, 413.459]","[{""candidate_id"": ""C1"", ""bbox_xyxy"": [39.027, 323.919, 128.53, 365.255]}, {""candidate_id"": ""C2"", ""bbox_xyxy"": [354.504, 322.346, 409.747, 371.333]}, {""candidate_id"": ""C3"", ""bbox_xyxy"": [405.831, 327.145, 419.159, 340.177]}, {""candidate_id"": ""C4"", ""bbox_xyxy"": [461.236, 324.647, 529.343, 376.395]}, {""candidate_id"": ""C5"", ""bbox_xyxy"": [779.629, 324.152, 801.872, 392.539]}]",data/object_detections/2026_02_21_16_56_39_59464432/masks/FL/2026_02_21_16_56_39_59464432_f004042_fl_car_003.png,urban,day,overcast
P0193,data/camera_splits/2026_02_21_16_56_39_59464432/FL/fl_004047.jpg,data/camera_splits/2026_02_21_16_56_39_59464432/RL/rl_004058.jpg,"[628.212, 350.717, 706.301, 396.161]","[{""candidate_id"": ""C1"", ""bbox_xyxy"": [126.349, 315.625, 211.439, 361.681]}, {""candidate_id"": ""C2"", ""bbox_xyxy"": [201.041, 323.756, 228.958, 346.251]}, {""candidate_id"": ""C3"", ""bbox_xyxy"": [357.868, 321.847, 410.865, 370.189]}, {""candidate_id"": ""C4"", ""bbox_xyxy"": [407.757, 326.459, 420.684, 339.513]}, {""candidate_id"": ""C5"", ""bbox_xyxy"": [456.874, 325.311, 517.667, 373.829]}]",data/object_detections/2026_02_21_16_56_39_59464432/masks/FL/2026_02_21_16_56_39_59464432_f004047_fl_car_005.png,highway,day,overcast
P0194,data/camera_splits/2026_02_21_16_56_39_59464432/FL/fl_004068.jpg,data/camera_splits/2026_02_21_16_56_39_59464432/RL/rl_004079.jpg,"[718.247, 357.872, 818.191, 404.58]","[{""candidate_id"": ""C1"", ""bbox_xyxy"": [12.931, 322.95, 120.329, 370.244]}, {""candidate_id"": ""C2"", ""bbox_xyxy"": [324.912, 322.62, 334.664, 330.22]}, {""candidate_id"": ""C3"", ""bbox_xyxy"": [340.937, 321.576, 351.623, 330.717]}, {""candidate_id"": ""C4"", ""bbox_xyxy"": [365.16, 320.735, 411.434, 363.557]}, {""candidate_id"": ""C5"", ""bbox_xyxy"": [407.841, 326.087, 419.54, 337.527]}, {""candidate_id"": ""C6"", ""bbox_xyxy"": [438.402, 325.587, 479.395, 359.023]}, {""candidate_id"": ""C7"", ""bbox_xyxy"": [524.301, 326.975, 535.461, 357.258]}]",data/object_detections/2026_02_21_16_56_39_59464432/masks/FL/2026_02_21_16_56_39_59464432_f004068_fl_car_001.png,highway,day,overcast
P0195,data/camera_splits/2026_02_21_16_56_39_59464432/FL/fl_004072.jpg,data/camera_splits/2026_02_21_16_56_39_59464432/RL/rl_004084.jpg,"[626.018, 356.473, 712.674, 402.085]","[{""candidate_id"": ""C1"", ""bbox_xyxy"": [196.205, 321.362, 258.527, 356.327]}, {""candidate_id"": ""C2"", ""bbox_xyxy"": [335.741, 319.149, 343.763, 326.331]}, {""candidate_id"": ""C3"", ""bbox_xyxy"": [350.619, 318.747, 359.12, 326.787]}, {""candidate_id"": ""C4"", ""bbox_xyxy"": [367.964, 319.844, 413.803, 362.691]}, {""candidate_id"": ""C5"", ""bbox_xyxy"": [409.622, 324.643, 420.352, 337.029]}, {""candidate_id"": ""C6"", ""bbox_xyxy"": [437.342, 324.799, 476.545, 356.77]}]",data/object_detections/2026_02_21_16_56_39_59464432/masks/FL/2026_02_21_16_56_39_59464432_f004072_fl_car_001.png,highway,day,overcast
P0196,data/camera_splits/2026_02_21_16_56_39_59464432/FL/fl_004073.jpg,data/camera_splits/2026_02_21_16_56_39_59464432/RL/rl_004088.jpg,"[606.902, 340.996, 663.357, 386.287]","[{""candidate_id"": ""C1"", ""bbox_xyxy"": [4.81, 306.141, 22.988, 312.144]}, {""candidate_id"": ""C2"", ""bbox_xyxy"": [145.08, 302.267, 216.894, 355.556]}, {""candidate_id"": ""C3"", ""bbox_xyxy"": [270.325, 324.891, 282.172, 339.449]}, {""candidate_id"": ""C4"", ""bbox_xyxy"": [276.69, 324.137, 309.346, 344.448]}, {""candidate_id"": ""C5"", ""bbox_xyxy"": [343.348, 319.928, 350.54, 326.077]}, {""candidate_id"": ""C6"", ""bbox_xyxy"": [357.595, 319.656, 364.872, 326.356]}, {""candidate_id"": ""C7"", ""bbox_xyxy"": [370.858, 320.986, 416.235, 363.917]}, {""candidate_id"": ""C8"", ""bbox_xyxy"": [411.892, 326.346, 421.925, 338.35]}, {""candidate_id"": ""C9"", ""bbox_xyxy"": [437.986, 326.412, 475.685, 357.734]}]",data/object_detections/2026_02_21_16_56_39_59464432/masks/FL/2026_02_21_16_56_39_59464432_f004073_fl_truck_005.png,highway,day,overcast
P0197,data/camera_splits/2026_02_21_16_56_39_59464432/FL/fl_004097.jpg,data/camera_splits/2026_02_21_16_56_39_59464432/RL/rl_004109.jpg,"[629.573, 351.25, 707.443, 395.746]","[{""candidate_id"": ""C1"", ""bbox_xyxy"": [189.849, 321.84, 251.076, 357.776]}, {""candidate_id"": ""C2"", ""bbox_xyxy"": [348.983, 320.422, 357.479, 327.681]}, {""candidate_id"": ""C3"", ""bbox_xyxy"": [362.149, 320.716, 405.914, 360.504]}, {""candidate_id"": ""C4"", ""bbox_xyxy"": [403.591, 327.346, 414.437, 336.835]}, {""candidate_id"": ""C5"", ""bbox_xyxy"": [422.346, 325.433, 452.159, 351.247]}]",data/object_detections/2026_02_21_16_56_39_59464432/masks/FL/2026_02_21_16_56_39_59464432_f004097_fl_car_002.png,highway,day,overcast
P0198,data/camera_splits/2026_02_21_16_56_39_59464432/FL/fl_004112.jpg,data/camera_splits/2026_02_21_16_56_39_59464432/RL/rl_004167.jpg,"[149.602, 344.251, 276.389, 405.808]","[{""candidate_id"": ""C1"", ""bbox_xyxy"": [359.183, 319.913, 405.818, 361.335]}, {""candidate_id"": ""C2"", ""bbox_xyxy"": [410.812, 325.492, 432.07, 344.23]}, {""candidate_id"": ""C3"", ""bbox_xyxy"": [736.137, 333.789, 860.535, 374.73]}]",data/object_detections/2026_02_21_16_56_39_59464432/masks/FL/2026_02_21_16_56_39_59464432_f004112_fl_car_001.png,highway,day,overcast
P0199,data/camera_splits/2026_02_21_16_56_39_59464432/FL/fl_004367.jpg,data/camera_splits/2026_02_21_16_56_39_59464432/RL/rl_004413.jpg,"[670.995, 246.582, 954.372, 409.964]","[{""candidate_id"": ""C1"", ""bbox_xyxy"": [118.362, 269.188, 293.992, 353.145]}, {""candidate_id"": ""C2"", ""bbox_xyxy"": [348.58, 310.658, 405.542, 364.465]}, {""candidate_id"": ""C3"", ""bbox_xyxy"": [403.329, 321.174, 420.705, 336.689]}, {""candidate_id"": ""C4"", ""bbox_xyxy"": [446.101, 324.855, 468.607, 362.441]}, {""candidate_id"": ""C5"", ""bbox_xyxy"": [467.412, 290.639, 595.765, 394.771]}, {""candidate_id"": ""C6"", ""bbox_xyxy"": [727.789, 304.566, 959.98, 449.031]}]",data/object_detections/2026_02_21_16_56_39_59464432/masks/FL/2026_02_21_16_56_39_59464432_f004367_fl_truck_002.png,highway,day,overcast
P0200,data/camera_splits/2026_02_21_16_56_39_59464432/FL/fl_004510.jpg,data/camera_splits/2026_02_21_16_56_39_59464432/RL/rl_004528.jpg,"[628.859, 344.083, 773.141, 420.876]","[{""candidate_id"": ""C1"", ""bbox_xyxy"": [12.824, 300.936, 215.051, 396.113]}, {""candidate_id"": ""C2"", ""bbox_xyxy"": [302.492, 296.498, 425.805, 406.928]}, {""candidate_id"": ""C3"", ""bbox_xyxy"": [442.698, 328.988, 487.017, 364.76]}, {""candidate_id"": ""C4"", ""bbox_xyxy"": [494.958, 331.929, 536.054, 361.319]}, {""candidate_id"": ""C5"", ""bbox_xyxy"": [586.568, 188.405, 959.472, 432.86]}]",data/object_detections/2026_02_21_16_56_39_59464432/masks/FL/2026_02_21_16_56_39_59464432_f004510_fl_car_001.png,highway,day,overcast
P0201,data/camera_splits/2026_02_21_16_56_39_59464432/FL/fl_004766.jpg,data/camera_splits/2026_02_21_16_56_39_59464432/RL/rl_004820.jpg,"[274.965, 348.913, 360.692, 399.705]","[{""candidate_id"": ""C1"", ""bbox_xyxy"": [0.0, 286.957, 119.891, 378.274]}, {""candidate_id"": ""C2"", ""bbox_xyxy"": [255.949, 295.899, 383.237, 404.291]}, {""candidate_id"": ""C3"", ""bbox_xyxy"": [574.322, 330.554, 671.185, 362.387]}, {""candidate_id"": ""C4"", ""bbox_xyxy"": [808.001, 334.967, 959.958, 435.827]}]",data/object_detections/2026_02_21_16_56_39_59464432/masks/FL/2026_02_21_16_56_39_59464432_f004766_fl_car_004.png,highway,day,overcast
P0202,data/camera_splits/2026_02_21_16_56_39_59464432/FL/fl_004773.jpg,data/camera_splits/2026_02_21_16_56_39_59464432/RL/rl_004820.jpg,"[140.847, 354.848, 232.82, 389.419]","[{""candidate_id"": ""C1"", ""bbox_xyxy"": [0.0, 286.957, 119.891, 378.274]}, {""candidate_id"": ""C2"", ""bbox_xyxy"": [255.949, 295.899, 383.237, 404.291]}, {""candidate_id"": ""C3"", ""bbox_xyxy"": [574.322, 330.554, 671.185, 362.387]}, {""candidate_id"": ""C4"", ""bbox_xyxy"": [808.001, 334.967, 959.958, 435.827]}]",data/object_detections/2026_02_21_16_56_39_59464432/masks/FL/2026_02_21_16_56_39_59464432_f004773_fl_car_001.png,highway,day,overcast
P0203,data/camera_splits/2026_02_21_17_06_07_7b75dd4a/FL/fl_000009.jpg,data/camera_splits/2026_02_21_17_06_07_7b75dd4a/RL/rl_000034.jpg,"[639.81, 329.452, 730.914, 366.494]","[{""candidate_id"": ""C1"", ""bbox_xyxy"": [13.072, 311.873, 87.736, 328.881]}, {""candidate_id"": ""C2"", ""bbox_xyxy"": [135.14, 289.632, 223.643, 329.756]}, {""candidate_id"": ""C3"", ""bbox_xyxy"": [237.404, 324.355, 255.71, 331.384]}, {""candidate_id"": ""C4"", ""bbox_xyxy"": [320.624, 323.069, 334.723, 331.43]}, {""candidate_id"": ""C5"", ""bbox_xyxy"": [333.34, 325.156, 363.365, 347.374]}, {""candidate_id"": ""C6"", ""bbox_xyxy"": [398.468, 331.579, 410.755, 338.048]}, {""candidate_id"": ""C7"", ""bbox_xyxy"": [527.747, 302.283, 765.169, 427.643]}]",data/object_detections/2026_02_21_17_06_07_7b75dd4a/masks/FL/2026_02_21_17_06_07_7b75dd4a_f000009_fl_truck_008.png,highway,day,overcast
P0204,data/camera_splits/2026_02_21_17_06_07_7b75dd4a/FL/fl_000014.jpg,data/camera_splits/2026_02_21_17_06_07_7b75dd4a/RL/rl_000029.jpg,"[883.603, 305.355, 959.999, 372.122]","[{""candidate_id"": ""C1"", ""bbox_xyxy"": [87.555, 291.248, 122.024, 325.695]}, {""candidate_id"": ""C2"", ""bbox_xyxy"": [120.857, 317.606, 149.334, 328.171]}, {""candidate_id"": ""C3"", ""bbox_xyxy"": [312.205, 321.183, 327.317, 329.384]}, {""candidate_id"": ""C4"", ""bbox_xyxy"": [329.285, 328.449, 357.17, 344.189]}, {""candidate_id"": ""C5"", ""bbox_xyxy"": [506.874, 303.489, 699.529, 427.086]}]",data/object_detections/2026_02_21_17_06_07_7b75dd4a/masks/FL/2026_02_21_17_06_07_7b75dd4a_f000014_fl_ambulance_003.png,highway,day,overcast
P0205,data/camera_splits/2026_02_21_17_06_07_7b75dd4a/FL/fl_000038.jpg,data/camera_splits/2026_02_21_17_06_07_7b75dd4a/RL/rl_000067.jpg,"[665.65, 337.107, 747.59, 366.048]","[{""candidate_id"": ""C1"", ""bbox_xyxy"": [0.0, 299.142, 59.269, 328.015]}, {""candidate_id"": ""C2"", ""bbox_xyxy"": [154.214, 302.383, 220.165, 328.765]}, {""candidate_id"": ""C3"", ""bbox_xyxy"": [267.587, 315.816, 333.229, 358.128]}, {""candidate_id"": ""C4"", ""bbox_xyxy"": [353.829, 327.092, 364.521, 335.509]}, {""candidate_id"": ""C5"", ""bbox_xyxy"": [402.151, 330.637, 409.748, 335.423]}, {""candidate_id"": ""C6"", ""bbox_xyxy"": [675.825, 229.568, 960.0, 449.149]}]",data/object_detections/2026_02_21_17_06_07_7b75dd4a/masks/FL/2026_02_21_17_06_07_7b75dd4a_f000038_fl_truck_002.png,highway,day,overcast
P0206,data/camera_splits/2026_02_21_17_06_07_7b75dd4a/FL/fl_000039.jpg,data/camera_splits/2026_02_21_17_06_07_7b75dd4a/RL/rl_000064.jpg,"[678.46, 335.146, 773.426, 367.002]","[{""candidate_id"": ""C1"", ""bbox_xyxy"": [88.833, 295.369, 183.956, 330.257]}, {""candidate_id"": ""C2"", ""bbox_xyxy"": [218.339, 328.503, 234.252, 339.307]}, {""candidate_id"": ""C3"", ""bbox_xyxy"": [276.895, 318.762, 336.281, 358.232]}, {""candidate_id"": ""C4"", ""bbox_xyxy"": [354.307, 328.872, 364.653, 336.654]}, {""candidate_id"": ""C5"", ""bbox_xyxy"": [658.292, 241.625, 959.594, 447.07]}]",data/object_detections/2026_02_21_17_06_07_7b75dd4a/masks/FL/2026_02_21_17_06_07_7b75dd4a_f000039_fl_truck_003.png,highway,day,overcast
P0207,data/camera_splits/2026_02_21_17_06_07_7b75dd4a/FL/fl_000143.jpg,data/camera_splits/2026_02_21_17_06_07_7b75dd4a/RL/rl_000049.jpg,"[642.575, 321.287, 925.577, 456.615]","[{""candidate_id"": ""C1"", ""bbox_xyxy"": [222.765, 325.648, 234.804, 330.646]}, {""candidate_id"": ""C2"", ""bbox_xyxy"": [247.647, 324.447, 261.342, 330.362]}, {""candidate_id"": ""C3"", ""bbox_xyxy"": [313.254, 322.114, 353.228, 349.842]}, {""candidate_id"": ""C4"", ""bbox_xyxy"": [357.552, 328.218, 366.75, 334.804]}, {""candidate_id"": ""C5"", ""bbox_xyxy"": [571.259, 281.136, 956.825, 444.189]}]",data/object_detections/2026_02_21_17_06_07_7b75dd4a/masks/FL/2026_02_21_17_06_07_7b75dd4a_f000143_fl_car_001.png,highway,day,overcast
P0208,data/camera_splits/2026_02_21_17_06_07_7b75dd4a/FL/fl_000404.jpg,data/camera_splits/2026_02_21_17_06_07_7b75dd4a/RL/rl_000438.jpg,"[284.646, 347.142, 323.069, 377.318]","[{""candidate_id"": ""C1"", ""bbox_xyxy"": [22.297, 324.907, 44.126, 333.88]}, {""candidate_id"": ""C2"", ""bbox_xyxy"": [140.28, 296.504, 208.473, 332.945]}, {""candidate_id"": ""C3"", ""bbox_xyxy"": [271.743, 327.187, 284.035, 334.645]}, {""candidate_id"": ""C4"", ""bbox_xyxy"": [287.118, 328.01, 317.633, 347.387]}, {""candidate_id"": ""C5"", ""bbox_xyxy"": [371.363, 331.669, 380.147, 339.197]}, {""candidate_id"": ""C6"", ""bbox_xyxy"": [481.365, 336.749, 507.024, 352.933]}, {""candidate_id"": ""C7"", ""bbox_xyxy"": [517.972, 330.444, 559.231, 356.272]}]",data/object_detections/2026_02_21_17_06_07_7b75dd4a/masks/FL/2026_02_21_17_06_07_7b75dd4a_f000404_fl_delivery_van_003.png,highway,day,overcast
P0209,data/camera_splits/2026_02_21_17_06_07_7b75dd4a/FL/fl_000408.jpg,data/camera_splits/2026_02_21_17_06_07_7b75dd4a/RL/rl_000446.jpg,"[601.777, 339.869, 635.985, 363.149]","[{""candidate_id"": ""C1"", ""bbox_xyxy"": [177.306, 329.723, 193.907, 335.304]}, {""candidate_id"": ""C2"", ""bbox_xyxy"": [241.026, 311.475, 271.348, 333.825]}, {""candidate_id"": ""C3"", ""bbox_xyxy"": [257.818, 326.802, 296.886, 349.522]}, {""candidate_id"": ""C4"", ""bbox_xyxy"": [363.473, 332.156, 373.822, 340.173]}, {""candidate_id"": ""C5"", ""bbox_xyxy"": [474.893, 331.264, 507.55, 352.241]}]",data/object_detections/2026_02_21_17_06_07_7b75dd4a/masks/FL/2026_02_21_17_06_07_7b75dd4a_f000408_fl_truck_008.png,highway,day,overcast
P0210,data/camera_splits/2026_02_21_17_06_07_7b75dd4a/FL/fl_000412.jpg,data/camera_splits/2026_02_21_17_06_07_7b75dd4a/RL/rl_000436.jpg,"[640.477, 333.751, 695.817, 365.345]","[{""candidate_id"": ""C1"", ""bbox_xyxy"": [89.479, 288.884, 179.059, 332.481]}, {""candidate_id"": ""C2"", ""bbox_xyxy"": [263.617, 326.749, 277.211, 334.685]}, {""candidate_id"": ""C3"", ""bbox_xyxy"": [291.846, 328.041, 320.872, 346.806]}, {""candidate_id"": ""C4"", ""bbox_xyxy"": [371.866, 331.881, 380.769, 339.274]}, {""candidate_id"": ""C5"", ""bbox_xyxy"": [480.758, 336.679, 506.144, 353.291]}, {""candidate_id"": ""C6"", ""bbox_xyxy"": [531.925, 330.197, 579.868, 359.149]}]",data/object_detections/2026_02_21_17_06_07_7b75dd4a/masks/FL/2026_02_21_17_06_07_7b75dd4a_f000412_fl_truck_001.png,highway,day,overcast
P0211,data/camera_splits/2026_02_21_17_06_07_7b75dd4a/FL/fl_000524.jpg,data/camera_splits/2026_02_21_17_06_07_7b75dd4a/RL/rl_000541.jpg,"[669.67, 311.228, 815.239, 365.948]","[{""candidate_id"": ""C1"", ""bbox_xyxy"": [23.945, 282.419, 148.332, 330.324]}, {""candidate_id"": ""C2"", ""bbox_xyxy"": [146.665, 292.879, 239.581, 332.005]}, {""candidate_id"": ""C3"", ""bbox_xyxy"": [313.905, 328.947, 324.751, 333.469]}, {""candidate_id"": ""C4"", ""bbox_xyxy"": [338.762, 327.34, 363.741, 347.631]}, {""candidate_id"": ""C5"", ""bbox_xyxy"": [364.138, 331.08, 372.171, 338.347]}]",data/object_detections/2026_02_21_17_06_07_7b75dd4a/masks/FL/2026_02_21_17_06_07_7b75dd4a_f000524_fl_bus_002.png,highway,day,overcast
P0212,data/camera_splits/2026_02_21_17_06_07_7b75dd4a/FL/fl_000524.jpg,data/camera_splits/2026_02_21_17_06_07_7b75dd4a/RL/rl_000541.jpg,"[807.524, 322.101, 858.952, 366.757]","[{""candidate_id"": ""C1"", ""bbox_xyxy"": [23.945, 282.419, 148.332, 330.324]}, {""candidate_id"": ""C2"", ""bbox_xyxy"": [146.665, 292.879, 239.581, 332.005]}, {""candidate_id"": ""C3"", ""bbox_xyxy"": [313.905, 328.947, 324.751, 333.469]}, {""candidate_id"": ""C4"", ""bbox_xyxy"": [338.762, 327.34, 363.741, 347.631]}, {""candidate_id"": ""C5"", ""bbox_xyxy"": [364.138, 331.08, 372.171, 338.347]}]",data/object_detections/2026_02_21_17_06_07_7b75dd4a/masks/FL/2026_02_21_17_06_07_7b75dd4a_f000524_fl_bus_005.png,highway,day,overcast
P0213,data/camera_splits/2026_02_21_17_06_07_7b75dd4a/FL/fl_000736.jpg,data/camera_splits/2026_02_21_17_06_07_7b75dd4a/RL/rl_000803.jpg,"[293.753, 345.978, 383.619, 408.445]","[{""candidate_id"": ""C1"", ""bbox_xyxy"": [74.015, 310.256, 161.084, 335.682]}, {""candidate_id"": ""C2"", ""bbox_xyxy"": [214.565, 324.746, 243.993, 334.861]}, {""candidate_id"": ""C3"", ""bbox_xyxy"": [242.959, 316.059, 314.103, 361.698]}, {""candidate_id"": ""C4"", ""bbox_xyxy"": [365.275, 330.114, 374.538, 335.189]}, {""candidate_id"": ""C5"", ""bbox_xyxy"": [378.165, 328.6, 389.981, 338.381]}, {""candidate_id"": ""C6"", ""bbox_xyxy"": [455.119, 327.012, 542.022, 389.471]}]",data/object_detections/2026_02_21_17_06_07_7b75dd4a/masks/FL/2026_02_21_17_06_07_7b75dd4a_f000736_fl_car_005.png,highway,day,overcast
P0214,data/camera_splits/2026_02_21_17_06_07_7b75dd4a/FL/fl_000790.jpg,data/camera_splits/2026_02_21_17_06_07_7b75dd4a/RL/rl_000819.jpg,"[0.0, 305.529, 134.557, 435.214]","[{""candidate_id"": ""C1"", ""bbox_xyxy"": [97.08, 300.622, 261.651, 389.423]}, {""candidate_id"": ""C2"", ""bbox_xyxy"": [297.598, 325.245, 313.227, 332.883]}, {""candidate_id"": ""C3"", ""bbox_xyxy"": [363.326, 330.746, 373.898, 336.215]}, {""candidate_id"": ""C4"", ""bbox_xyxy"": [374.798, 328.284, 389.002, 339.702]}, {""candidate_id"": ""C5"", ""bbox_xyxy"": [430.004, 328.907, 481.192, 368.439]}, {""candidate_id"": ""C6"", ""bbox_xyxy"": [599.0, 315.0, 801.0, 417.0]}]",data/object_detections/2026_02_21_17_06_07_7b75dd4a/masks/FL/2026_02_21_17_06_07_7b75dd4a_f000790_fl_car_005.png,highway,day,overcast
P0215,data/camera_splits/2026_02_21_17_06_07_7b75dd4a/FL/fl_000790.jpg,data/camera_splits/2026_02_21_17_06_07_7b75dd4a/RL/rl_000821.jpg,"[0.0, 305.529, 134.557, 435.214]","[{""candidate_id"": ""C1"", ""bbox_xyxy"": [44.197, 296.403, 245.425, 397.288]}, {""candidate_id"": ""C2"", ""bbox_xyxy"": [242.735, 324.336, 271.742, 333.436]}, {""candidate_id"": ""C3"", ""bbox_xyxy"": [242.813, 324.241, 271.69, 333.345]}, {""candidate_id"": ""C4"", ""bbox_xyxy"": [311.314, 326.339, 323.082, 331.715]}, {""candidate_id"": ""C5"", ""bbox_xyxy"": [362.94, 329.327, 373.222, 335.235]}, {""candidate_id"": ""C6"", ""bbox_xyxy"": [373.649, 327.704, 387.248, 339.083]}, {""candidate_id"": ""C7"", ""bbox_xyxy"": [427.642, 328.15, 476.68, 366.226]}, {""candidate_id"": ""C8"", ""bbox_xyxy"": [585.368, 318.637, 748.226, 406.207]}]",data/object_detections/2026_02_21_17_06_07_7b75dd4a/masks/FL/2026_02_21_17_06_07_7b75dd4a_f000790_fl_car_005.png,highway,day,overcast
P0216,data/camera_splits/2026_02_21_17_06_07_7b75dd4a/FL/fl_000790.jpg,data/camera_splits/2026_02_21_17_06_07_7b75dd4a/RL/rl_000823.jpg,"[0.0, 305.529, 134.557, 435.214]","[{""candidate_id"": ""C1"", ""bbox_xyxy"": [0.117, 293.466, 229.919, 408.167]}, {""candidate_id"": ""C2"", ""bbox_xyxy"": [269.878, 325.738, 294.902, 333.159]}, {""candidate_id"": ""C3"", ""bbox_xyxy"": [362.405, 329.958, 372.047, 335.503]}, {""candidate_id"": ""C4"", ""bbox_xyxy"": [372.54, 327.8, 386.294, 339.376]}, {""candidate_id"": ""C5"", ""bbox_xyxy"": [425.411, 328.576, 472.847, 365.097]}, {""candidate_id"": ""C6"", ""bbox_xyxy"": [571.575, 319.605, 713.492, 399.985]}]",data/object_detections/2026_02_21_17_06_07_7b75dd4a/masks/FL/2026_02_21_17_06_07_7b75dd4a_f000790_fl_car_005.png,highway,day,overcast
P0217,data/camera_splits/2026_02_21_17_06_07_7b75dd4a/FL/fl_000810.jpg,data/camera_splits/2026_02_21_17_06_07_7b75dd4a/RL/rl_000918.jpg,"[359.958, 350.87, 422.363, 393.116]","[{""candidate_id"": ""C1"", ""bbox_xyxy"": [0.0, 297.95, 219.482, 410.5]}, {""candidate_id"": ""C2"", ""bbox_xyxy"": [247.744, 329.26, 263.051, 334.496]}, {""candidate_id"": ""C3"", ""bbox_xyxy"": [280.086, 328.446, 290.374, 333.949]}, {""candidate_id"": ""C4"", ""bbox_xyxy"": [333.352, 324.314, 359.303, 344.972]}, {""candidate_id"": ""C5"", ""bbox_xyxy"": [381.888, 328.5, 391.404, 337.791]}, {""candidate_id"": ""C6"", ""bbox_xyxy"": [403.719, 330.973, 417.933, 342.243]}, {""candidate_id"": ""C7"", ""bbox_xyxy"": [426.793, 329.318, 441.463, 342.342]}, {""candidate_id"": ""C8"", ""bbox_xyxy"": [438.048, 331.576, 487.986, 366.84]}]",data/object_detections/2026_02_21_17_06_07_7b75dd4a/masks/FL/2026_02_21_17_06_07_7b75dd4a_f000810_fl_car_001.png,highway,day,overcast
P0218,data/camera_splits/2026_02_21_17_06_07_7b75dd4a/FL/fl_000849.jpg,data/camera_splits/2026_02_21_17_06_07_7b75dd4a/RL/rl_000906.jpg,"[56.315, 333.96, 345.395, 469.881]","[{""candidate_id"": ""C1"", ""bbox_xyxy"": [138.449, 324.784, 168.781, 335.586]}, {""candidate_id"": ""C2"", ""bbox_xyxy"": [221.004, 315.794, 297.655, 365.293]}, {""candidate_id"": ""C3"", ""bbox_xyxy"": [339.638, 325.696, 361.427, 342.595]}, {""candidate_id"": ""C4"", ""bbox_xyxy"": [379.64, 331.892, 389.002, 337.39]}, {""candidate_id"": ""C5"", ""bbox_xyxy"": [403.716, 330.824, 419.063, 343.29]}, {""candidate_id"": ""C6"", ""bbox_xyxy"": [427.873, 329.291, 444.513, 343.306]}, {""candidate_id"": ""C7"", ""bbox_xyxy"": [448.597, 330.47, 514.486, 375.734]}, {""candidate_id"": ""C8"", ""bbox_xyxy"": [849.928, 363.595, 888.321, 372.536]}]",data/object_detections/2026_02_21_17_06_07_7b75dd4a/masks/FL/2026_02_21_17_06_07_7b75dd4a_f000849_fl_car_001.png,highway,day,overcast
P0219,data/camera_splits/2026_02_21_17_06_07_7b75dd4a/FL/fl_000930.jpg,data/camera_splits/2026_02_21_17_06_07_7b75dd4a/RL/rl_000965.jpg,"[359.344, 353.817, 396.251, 379.219]","[{""candidate_id"": ""C1"", ""bbox_xyxy"": [192.093, 303.78, 309.57, 376.908]}, {""candidate_id"": ""C2"", ""bbox_xyxy"": [387.498, 334.508, 398.728, 340.883]}, {""candidate_id"": ""C3"", ""bbox_xyxy"": [404.736, 330.574, 430.749, 350.824]}, {""candidate_id"": ""C4"", ""bbox_xyxy"": [427.502, 332.18, 434.304, 342.269]}, {""candidate_id"": ""C5"", ""bbox_xyxy"": [511.877, 328.067, 572.266, 371.329]}, {""candidate_id"": ""C6"", ""bbox_xyxy"": [624.918, 324.004, 819.171, 428.365]}, {""candidate_id"": ""C7"", ""bbox_xyxy"": [672.792, 172.284, 959.745, 412.762]}]",data/object_detections/2026_02_21_17_06_07_7b75dd4a/masks/FL/2026_02_21_17_06_07_7b75dd4a_f000930_fl_car_002.png,highway,day,overcast
P0220,data/camera_splits/2026_02_21_17_06_07_7b75dd4a/FL/fl_000930.jpg,data/camera_splits/2026_02_21_17_06_07_7b75dd4a/RL/rl_000979.jpg,"[359.344, 353.817, 396.251, 379.219]","[{""candidate_id"": ""C1"", ""bbox_xyxy"": [0.01, 269.392, 196.636, 415.947]}, {""candidate_id"": ""C2"", ""bbox_xyxy"": [383.131, 330.829, 406.265, 347.897]}, {""candidate_id"": ""C3"", ""bbox_xyxy"": [412.983, 333.738, 423.24, 342.167]}, {""candidate_id"": ""C4"", ""bbox_xyxy"": [450.294, 330.414, 472.949, 351.662]}, {""candidate_id"": ""C5"", ""bbox_xyxy"": [469.841, 328.837, 511.903, 360.778]}, {""candidate_id"": ""C6"", ""bbox_xyxy"": [502.155, 274.5, 659.742, 372.232]}]",data/object_detections/2026_02_21_17_06_07_7b75dd4a/masks/FL/2026_02_21_17_06_07_7b75dd4a_f000930_fl_car_002.png,highway,day,overcast
P0221,data/camera_splits/2026_02_21_17_06_07_7b75dd4a/FL/fl_000935.jpg,data/camera_splits/2026_02_21_17_06_07_7b75dd4a/RL/rl_000966.jpg,"[262.4, 307.753, 372.856, 378.048]","[{""candidate_id"": ""C1"", ""bbox_xyxy"": [179.559, 302.157, 305.299, 379.067]}, {""candidate_id"": ""C2"", ""bbox_xyxy"": [387.096, 334.43, 398.04, 340.626]}, {""candidate_id"": ""C3"", ""bbox_xyxy"": [402.847, 330.347, 428.581, 350.611]}, {""candidate_id"": ""C4"", ""bbox_xyxy"": [505.241, 327.818, 560.736, 368.487]}, {""candidate_id"": ""C5"", ""bbox_xyxy"": [599.04, 324.556, 760.131, 414.621]}, {""candidate_id"": ""C6"", ""bbox_xyxy"": [647.855, 164.404, 959.922, 403.747]}]",data/object_detections/2026_02_21_17_06_07_7b75dd4a/masks/FL/2026_02_21_17_06_07_7b75dd4a_f000935_fl_truck_004.png,highway,day,overcast
P0222,data/camera_splits/2026_02_21_17_06_07_7b75dd4a/FL/fl_000935.jpg,data/camera_splits/2026_02_21_17_06_07_7b75dd4a/RL/rl_000974.jpg,"[218.866, 341.828, 314.974, 401.404]","[{""candidate_id"": ""C1"", ""bbox_xyxy"": [3.728, 287.415, 251.384, 409.011]}, {""candidate_id"": ""C2"", ""bbox_xyxy"": [389.827, 329.985, 413.797, 348.487]}, {""candidate_id"": ""C3"", ""bbox_xyxy"": [416.892, 332.533, 427.732, 341.61]}, {""candidate_id"": ""C4"", ""bbox_xyxy"": [465.55, 329.527, 498.603, 355.614]}, {""candidate_id"": ""C5"", ""bbox_xyxy"": [497.408, 327.06, 558.51, 370.519]}, {""candidate_id"": ""C6"", ""bbox_xyxy"": [527.502, 245.039, 844.026, 399.396]}]",data/object_detections/2026_02_21_17_06_07_7b75dd4a/masks/FL/2026_02_21_17_06_07_7b75dd4a_f000935_fl_car_001.png,highway,day,overcast
P0223,data/camera_splits/2026_02_21_17_06_07_7b75dd4a/FL/fl_000938.jpg,data/camera_splits/2026_02_21_17_06_07_7b75dd4a/RL/rl_000966.jpg,"[124.214, 337.195, 270.324, 418.624]","[{""candidate_id"": ""C1"", ""bbox_xyxy"": [179.559, 302.157, 305.299, 379.067]}, {""candidate_id"": ""C2"", ""bbox_xyxy"": [387.096, 334.43, 398.04, 340.626]}, {""candidate_id"": ""C3"", ""bbox_xyxy"": [402.847, 330.347, 428.581, 350.611]}, {""candidate_id"": ""C4"", ""bbox_xyxy"": [505.241, 327.818, 560.736, 368.487]}, {""candidate_id"": ""C5"", ""bbox_xyxy"": [599.04, 324.556, 760.131, 414.621]}, {""candidate_id"": ""C6"", ""bbox_xyxy"": [647.855, 164.404, 959.922, 403.747]}]",data/object_detections/2026_02_21_17_06_07_7b75dd4a/masks/FL/2026_02_21_17_06_07_7b75dd4a_f000938_fl_car_001.png,highway,day,overcast
P0224,data/camera_splits/2026_02_21_17_06_07_7b75dd4a/FL/fl_000948.jpg,data/camera_splits/2026_02_21_17_06_07_7b75dd4a/RL/rl_000974.jpg,"[0.0, 204.657, 307.195, 419.375]","[{""candidate_id"": ""C1"", ""bbox_xyxy"": [3.728, 287.415, 251.384, 409.011]}, {""candidate_id"": ""C2"", ""bbox_xyxy"": [389.827, 329.985, 413.797, 348.487]}, {""candidate_id"": ""C3"", ""bbox_xyxy"": [416.892, 332.533, 427.732, 341.61]}, {""candidate_id"": ""C4"", ""bbox_xyxy"": [465.55, 329.527, 498.603, 355.614]}, {""candidate_id"": ""C5"", ""bbox_xyxy"": [497.408, 327.06, 558.51, 370.519]}, {""candidate_id"": ""C6"", ""bbox_xyxy"": [527.502, 245.039, 844.026, 399.396]}]",data/object_detections/2026_02_21_17_06_07_7b75dd4a/masks/FL/2026_02_21_17_06_07_7b75dd4a_f000948_fl_truck_002.png,highway,day,overcast
P0225,data/camera_splits/2026_02_21_17_06_07_7b75dd4a/FL/fl_000948.jpg,data/camera_splits/2026_02_21_17_06_07_7b75dd4a/RL/rl_000979.jpg,"[0.0, 204.657, 307.195, 419.375]","[{""candidate_id"": ""C1"", ""bbox_xyxy"": [0.01, 269.392, 196.636, 415.947]}, {""candidate_id"": ""C2"", ""bbox_xyxy"": [383.131, 330.829, 406.265, 347.897]}, {""candidate_id"": ""C3"", ""bbox_xyxy"": [412.983, 333.738, 423.24, 342.167]}, {""candidate_id"": ""C4"", ""bbox_xyxy"": [450.294, 330.414, 472.949, 351.662]}, {""candidate_id"": ""C5"", ""bbox_xyxy"": [469.841, 328.837, 511.903, 360.778]}, {""candidate_id"": ""C6"", ""bbox_xyxy"": [502.155, 274.5, 659.742, 372.232]}]",data/object_detections/2026_02_21_17_06_07_7b75dd4a/masks/FL/2026_02_21_17_06_07_7b75dd4a_f000948_fl_truck_002.png,highway,day,overcast
P0226,data/camera_splits/2026_02_21_17_06_07_7b75dd4a/FL/fl_000966.jpg,data/camera_splits/2026_02_21_17_06_07_7b75dd4a/RL/rl_000990.jpg,"[668.844, 327.499, 817.068, 373.453]","[{""candidate_id"": ""C1"", ""bbox_xyxy"": [86.234, 312.968, 165.795, 334.988]}, {""candidate_id"": ""C2"", ""bbox_xyxy"": [118.931, 295.812, 220.4, 333.661]}, {""candidate_id"": ""C3"", ""bbox_xyxy"": [243.886, 329.019, 260.949, 335.147]}, {""candidate_id"": ""C4"", ""bbox_xyxy"": [358.509, 332.566, 370.326, 340.941]}, {""candidate_id"": ""C5"", ""bbox_xyxy"": [372.354, 330.927, 392.926, 346.413]}, {""candidate_id"": ""C6"", ""bbox_xyxy"": [392.584, 334.641, 400.77, 341.844]}, {""candidate_id"": ""C7"", ""bbox_xyxy"": [402.186, 334.549, 412.702, 342.206]}, {""candidate_id"": ""C8"", ""bbox_xyxy"": [426.895, 330.234, 460.708, 350.84]}, {""candidate_id"": ""C9"", ""bbox_xyxy"": [456.492, 300.553, 526.93, 354.349]}, {""candidate_id"": ""C10"", ""bbox_xyxy"": [566.247, 339.187, 603.544, 361.254]}]",data/object_detections/2026_02_21_17_06_07_7b75dd4a/masks/FL/2026_02_21_17_06_07_7b75dd4a_f000966_fl_truck_006.png,highway,day,overcast
P0227,data/camera_splits/2026_02_21_17_06_07_7b75dd4a/FL/fl_000967.jpg,data/camera_splits/2026_02_21_17_06_07_7b75dd4a/RL/rl_000984.jpg,"[158.787, 358.531, 221.602, 388.385]","[{""candidate_id"": ""C1"", ""bbox_xyxy"": [0.0, 243.021, 112.395, 415.71]}, {""candidate_id"": ""C2"", ""bbox_xyxy"": [295.457, 327.859, 309.371, 333.859]}, {""candidate_id"": ""C3"", ""bbox_xyxy"": [362.44, 333.151, 375.087, 339.855]}, {""candidate_id"": ""C4"", ""bbox_xyxy"": [375.408, 329.717, 396.995, 346.239]}, {""candidate_id"": ""C5"", ""bbox_xyxy"": [406.096, 332.985, 416.436, 341.333]}, {""candidate_id"": ""C6"", ""bbox_xyxy"": [436.486, 329.897, 451.737, 348.13]}, {""candidate_id"": ""C7"", ""bbox_xyxy"": [449.854, 329.457, 482.582, 353.922]}, {""candidate_id"": ""C8"", ""bbox_xyxy"": [477.435, 288.533, 577.91, 360.404]}, {""candidate_id"": ""C9"", ""bbox_xyxy"": [711.993, 342.884, 806.601, 386.147]}]",data/object_detections/2026_02_21_17_06_07_7b75dd4a/masks/FL/2026_02_21_17_06_07_7b75dd4a_f000967_fl_car_002.png,highway,day,overcast
P0228,data/camera_splits/2026_02_21_17_06_07_7b75dd4a/FL/fl_001016.jpg,data/camera_splits/2026_02_21_17_06_07_7b75dd4a/RL/rl_001103.jpg,"[246.0, 272.331, 401.314, 392.103]","[{""candidate_id"": ""C1"", ""bbox_xyxy"": [130.302, 314.507, 195.684, 335.785]}, {""candidate_id"": ""C2"", ""bbox_xyxy"": [224.423, 327.878, 236.881, 335.312]}, {""candidate_id"": ""C3"", ""bbox_xyxy"": [293.259, 331.461, 305.392, 358.278]}, {""candidate_id"": ""C4"", ""bbox_xyxy"": [293.597, 322.121, 311.474, 357.241]}, {""candidate_id"": ""C5"", ""bbox_xyxy"": [342.302, 330.564, 366.236, 345.392]}, {""candidate_id"": ""C6"", ""bbox_xyxy"": [379.921, 333.842, 392.254, 344.091]}, {""candidate_id"": ""C7"", ""bbox_xyxy"": [402.304, 338.022, 413.798, 345.101]}, {""candidate_id"": ""C8"", ""bbox_xyxy"": [441.708, 280.877, 529.413, 361.877]}]",data/object_detections/2026_02_21_17_06_07_7b75dd4a/masks/FL/2026_02_21_17_06_07_7b75dd4a_f001016_fl_truck_001.png,highway,day,overcast
P0229,data/camera_splits/2026_02_21_17_06_07_7b75dd4a/FL/fl_001054.jpg,data/camera_splits/2026_02_21_17_06_07_7b75dd4a/RL/rl_001054.jpg,"[0.031, 130.604, 167.368, 448.466]","[{""candidate_id"": ""C1"", ""bbox_xyxy"": [145.839, 320.084, 180.907, 335.218]}, {""candidate_id"": ""C2"", ""bbox_xyxy"": [145.86, 319.921, 201.628, 335.506]}, {""candidate_id"": ""C3"", ""bbox_xyxy"": [219.332, 329.673, 229.965, 335.442]}, {""candidate_id"": ""C4"", ""bbox_xyxy"": [379.16, 335.49, 402.972, 345.328]}, {""candidate_id"": ""C5"", ""bbox_xyxy"": [379.277, 335.629, 397.545, 345.021]}, {""candidate_id"": ""C6"", ""bbox_xyxy"": [419.441, 331.258, 431.668, 346.157]}, {""candidate_id"": ""C7"", ""bbox_xyxy"": [592.915, 4.874, 959.376, 416.239]}]",data/object_detections/2026_02_21_17_06_07_7b75dd4a/masks/FL/2026_02_21_17_06_07_7b75dd4a_f001054_fl_truck_002.png,highway,day,overcast
P0230,data/camera_splits/2026_02_21_17_06_07_7b75dd4a/FL/fl_001090.jpg,data/camera_splits/2026_02_21_17_06_07_7b75dd4a/RL/rl_001115.jpg,"[648.237, 334.433, 749.646, 370.889]","[{""candidate_id"": ""C1"", ""bbox_xyxy"": [148.921, 299.278, 226.372, 334.428]}, {""candidate_id"": ""C2"", ""bbox_xyxy"": [235.356, 328.499, 263.913, 372.36]}, {""candidate_id"": ""C3"", ""bbox_xyxy"": [240.505, 310.597, 268.395, 358.17]}, {""candidate_id"": ""C4"", ""bbox_xyxy"": [338.021, 327.939, 361.597, 345.853]}, {""candidate_id"": ""C5"", ""bbox_xyxy"": [383.31, 335.361, 397.815, 343.668]}, {""candidate_id"": ""C6"", ""bbox_xyxy"": [404.083, 337.561, 413.9, 343.77]}, {""candidate_id"": ""C7"", ""bbox_xyxy"": [437.468, 292.39, 501.469, 355.625]}]",data/object_detections/2026_02_21_17_06_07_7b75dd4a/masks/FL/2026_02_21_17_06_07_7b75dd4a_f001090_fl_truck_001.png,highway,day,overcast
P0231,data/camera_splits/2026_02_21_17_06_07_7b75dd4a/FL/fl_001239.jpg,data/camera_splits/2026_02_21_17_06_07_7b75dd4a/RL/rl_001411.jpg,"[336.258, 353.951, 376.92, 378.769]","[{""candidate_id"": ""C1"", ""bbox_xyxy"": [62.465, 310.53, 137.932, 334.852]}, {""candidate_id"": ""C2"", ""bbox_xyxy"": [231.768, 316.331, 265.028, 333.255]}, {""candidate_id"": ""C3"", ""bbox_xyxy"": [325.751, 322.822, 336.734, 331.695]}, {""candidate_id"": ""C4"", ""bbox_xyxy"": [337.177, 324.694, 347.67, 331.546]}, {""candidate_id"": ""C5"", ""bbox_xyxy"": [415.604, 330.627, 439.754, 348.729]}, {""candidate_id"": ""C6"", ""bbox_xyxy"": [504.069, 334.207, 536.969, 354.886]}, {""candidate_id"": ""C7"", ""bbox_xyxy"": [539.943, 335.653, 612.395, 376.622]}]",data/object_detections/2026_02_21_17_06_07_7b75dd4a/masks/FL/2026_02_21_17_06_07_7b75dd4a_f001239_fl_car_002.png,highway,day,overcast
P0232,data/camera_splits/2026_02_21_17_06_07_7b75dd4a/FL/fl_001509.jpg,data/camera_splits/2026_02_21_17_06_07_7b75dd4a/RL/rl_001542.jpg,"[0.0, 315.766, 162.046, 451.725]","[{""candidate_id"": ""C1"", ""bbox_xyxy"": [379.047, 333.914, 391.741, 341.987]}, {""candidate_id"": ""C2"", ""bbox_xyxy"": [416.048, 333.02, 438.568, 349.307]}, {""candidate_id"": ""C3"", ""bbox_xyxy"": [475.374, 327.382, 587.084, 399.782]}, {""candidate_id"": ""C4"", ""bbox_xyxy"": [564.292, 327.313, 641.138, 383.11]}]",data/object_detections/2026_02_21_17_06_07_7b75dd4a/masks/FL/2026_02_21_17_06_07_7b75dd4a_f001509_fl_car_004.png,highway,day,overcast
P0233,data/camera_splits/2026_02_21_17_06_07_7b75dd4a/FL/fl_001579.jpg,data/camera_splits/2026_02_21_17_06_07_7b75dd4a/RL/rl_001596.jpg,"[689.932, 303.984, 916.069, 376.338]","[{""candidate_id"": ""C1"", ""bbox_xyxy"": [96.244, 322.807, 151.908, 337.845]}, {""candidate_id"": ""C2"", ""bbox_xyxy"": [233.098, 309.973, 288.27, 336.221]}, {""candidate_id"": ""C3"", ""bbox_xyxy"": [380.262, 333.311, 396.39, 345.672]}, {""candidate_id"": ""C4"", ""bbox_xyxy"": [410.19, 339.171, 426.042, 347.023]}, {""candidate_id"": ""C5"", ""bbox_xyxy"": [427.533, 335.319, 441.644, 346.08]}, {""candidate_id"": ""C6"", ""bbox_xyxy"": [443.388, 299.837, 497.102, 355.341]}, {""candidate_id"": ""C7"", ""bbox_xyxy"": [540.285, 325.041, 812.745, 431.285]}]",data/object_detections/2026_02_21_17_06_07_7b75dd4a/masks/FL/2026_02_21_17_06_07_7b75dd4a_f001579_fl_bus_001.png,highway,day,overcast
P0234,data/camera_splits/2026_02_21_17_06_07_7b75dd4a/FL/fl_002663.jpg,data/camera_splits/2026_02_21_17_06_07_7b75dd4a/RL/rl_002766.jpg,"[40.329, 335.857, 311.508, 452.891]","[{""candidate_id"": ""C1"", ""bbox_xyxy"": [70.194, 292.929, 256.109, 396.648]}, {""candidate_id"": ""C2"", ""bbox_xyxy"": [286.614, 319.077, 299.169, 328.223]}, {""candidate_id"": ""C3"", ""bbox_xyxy"": [349.615, 321.188, 432.024, 384.058]}, {""candidate_id"": ""C4"", ""bbox_xyxy"": [446.632, 329.268, 504.085, 364.95]}]",data/object_detections/2026_02_21_17_06_07_7b75dd4a/masks/FL/2026_02_21_17_06_07_7b75dd4a_f002663_fl_car_002.png,highway,day,overcast
P0235,data/camera_splits/2026_02_21_17_06_07_7b75dd4a/FL/fl_003162.jpg,data/camera_splits/2026_02_21_17_06_07_7b75dd4a/RL/rl_003215.jpg,"[652.615, 349.193, 738.901, 394.729]","[{""candidate_id"": ""C1"", ""bbox_xyxy"": [119.098, 315.344, 208.744, 359.88]}, {""candidate_id"": ""C2"", ""bbox_xyxy"": [256.874, 322.186, 317.39, 360.306]}, {""candidate_id"": ""C3"", ""bbox_xyxy"": [355.379, 331.635, 363.383, 336.835]}, {""candidate_id"": ""C4"", ""bbox_xyxy"": [378.261, 330.977, 391.455, 341.126]}]",data/object_detections/2026_02_21_17_06_07_7b75dd4a/masks/FL/2026_02_21_17_06_07_7b75dd4a_f003162_fl_car_002.png,highway,day,overcast
P0236,data/camera_splits/2026_02_21_17_16_20_09bcd3e6/FL/fl_000458.jpg,data/camera_splits/2026_02_21_17_16_20_09bcd3e6/RL/rl_000355.jpg,"[0.133, 248.64, 264.318, 402.128]","[{""candidate_id"": ""C1"", ""bbox_xyxy"": [210.162, 302.204, 262.078, 332.718]}, {""candidate_id"": ""C2"", ""bbox_xyxy"": [310.915, 305.987, 404.457, 392.354]}, {""candidate_id"": ""C3"", ""bbox_xyxy"": [428.916, 328.802, 463.538, 357.579]}, {""candidate_id"": ""C4"", ""bbox_xyxy"": [458.45, 329.624, 526.942, 381.023]}, {""candidate_id"": ""C5"", ""bbox_xyxy"": [526.107, 301.257, 783.473, 425.795]}, {""candidate_id"": ""C6"", ""bbox_xyxy"": [650.493, 230.911, 960.0, 445.623]}]",data/object_detections/2026_02_21_17_16_20_09bcd3e6/masks/FL/2026_02_21_17_16_20_09bcd3e6_f000458_fl_truck_001.png,highway,day,overcast
P0237,data/camera_splits/2026_02_21_17_16_20_09bcd3e6/FL/fl_000545.jpg,data/camera_splits/2026_02_21_17_16_20_09bcd3e6/RL/rl_000302.jpg,"[114.576, 285.916, 296.458, 398.572]","[{""candidate_id"": ""C1"", ""bbox_xyxy"": [286.166, 300.597, 396.874, 399.801]}, {""candidate_id"": ""C2"", ""bbox_xyxy"": [426.598, 317.853, 495.128, 378.884]}, {""candidate_id"": ""C3"", ""bbox_xyxy"": [570.646, 325.399, 774.207, 430.62]}, {""candidate_id"": ""C4"", ""bbox_xyxy"": [605.241, 253.399, 959.619, 432.452]}]",data/object_detections/2026_02_21_17_16_20_09bcd3e6/masks/FL/2026_02_21_17_16_20_09bcd3e6_f000545_fl_truck_002.png,highway,day,overcast
P0238,data/camera_splits/2026_02_21_17_16_20_09bcd3e6/FL/fl_000578.jpg,data/camera_splits/2026_02_21_17_16_20_09bcd3e6/RL/rl_000270.jpg,"[0.737, 261.532, 260.967, 413.779]","[{""candidate_id"": ""C1"", ""bbox_xyxy"": [114.757, 319.782, 163.643, 333.232]}, {""candidate_id"": ""C2"", ""bbox_xyxy"": [256.643, 297.387, 383.196, 401.221]}, {""candidate_id"": ""C3"", ""bbox_xyxy"": [424.197, 324.293, 449.198, 361.79]}, {""candidate_id"": ""C4"", ""bbox_xyxy"": [445.637, 312.799, 556.712, 397.644]}, {""candidate_id"": ""C5"", ""bbox_xyxy"": [573.01, 260.635, 854.727, 417.308]}, {""candidate_id"": ""C6"", ""bbox_xyxy"": [802.592, 313.316, 960.0, 451.333]}]",data/object_detections/2026_02_21_17_16_20_09bcd3e6/masks/FL/2026_02_21_17_16_20_09bcd3e6_f000578_fl_truck_001.png,highway,day,overcast
P0239,data/camera_splits/2026_02_21_17_16_20_09bcd3e6/FL/fl_004217.jpg,data/camera_splits/2026_02_21_17_16_20_09bcd3e6/RL/rl_004261.jpg,"[188.559, 339.563, 360.836, 443.88]","[{""candidate_id"": ""C1"", ""bbox_xyxy"": [38.535, 320.472, 106.73, 334.954]}, {""candidate_id"": ""C2"", ""bbox_xyxy"": [322.305, 325.818, 335.909, 331.203]}, {""candidate_id"": ""C3"", ""bbox_xyxy"": [358.686, 320.922, 401.741, 355.774]}, {""candidate_id"": ""C4"", ""bbox_xyxy"": [404.172, 309.848, 432.779, 340.502]}, {""candidate_id"": ""C5"", ""bbox_xyxy"": [426.173, 326.659, 460.387, 354.405]}, {""candidate_id"": ""C6"", ""bbox_xyxy"": [456.431, 294.553, 519.916, 348.51]}, {""candidate_id"": ""C7"", ""bbox_xyxy"": [514.971, 321.41, 677.992, 420.557]}, {""candidate_id"": ""C8"", ""bbox_xyxy"": [639.374, 304.017, 662.793, 343.222]}, {""candidate_id"": ""C9"", ""bbox_xyxy"": [679.856, 299.489, 960.0, 425.336]}, {""candidate_id"": ""C10"", ""bbox_xyxy"": [911.232, 337.755, 960.0, 452.017]}]",data/object_detections/2026_02_21_17_16_20_09bcd3e6/masks/FL/2026_02_21_17_16_20_09bcd3e6_f004217_fl_car_001.png,highway,day,overcast
P0240,data/camera_splits/2026_02_21_17_16_20_09bcd3e6/FL/fl_004217.jpg,data/camera_splits/2026_02_21_17_16_20_09bcd3e6/RL/rl_004261.jpg,"[9.032, 316.007, 218.074, 424.073]","[{""candidate_id"": ""C1"", ""bbox_xyxy"": [38.535, 320.472, 106.73, 334.954]}, {""candidate_id"": ""C2"", ""bbox_xyxy"": [322.305, 325.818, 335.909, 331.203]}, {""candidate_id"": ""C3"", ""bbox_xyxy"": [358.686, 320.922, 401.741, 355.774]}, {""candidate_id"": ""C4"", ""bbox_xyxy"": [404.172, 309.848, 432.779, 340.502]}, {""candidate_id"": ""C5"", ""bbox_xyxy"": [426.173, 326.659, 460.387, 354.405]}, {""candidate_id"": ""C6"", ""bbox_xyxy"": [456.431, 294.553, 519.916, 348.51]}, {""candidate_id"": ""C7"", ""bbox_xyxy"": [514.971, 321.41, 677.992, 420.557]}, {""candidate_id"": ""C8"", ""bbox_xyxy"": [639.374, 304.017, 662.793, 343.222]}, {""candidate_id"": ""C9"", ""bbox_xyxy"": [679.856, 299.489, 960.0, 425.336]}, {""candidate_id"": ""C10"", ""bbox_xyxy"": [911.232, 337.755, 960.0, 452.017]}]",data/object_detections/2026_02_21_17_16_20_09bcd3e6/masks/FL/2026_02_21_17_16_20_09bcd3e6_f004217_fl_delivery_van_005.png,highway,day,overcast
P0241,data/camera_splits/2026_02_21_17_16_20_09bcd3e6/FL/fl_004245.jpg,data/camera_splits/2026_02_21_17_16_20_09bcd3e6/RL/rl_004271.jpg,"[176.322, 341.301, 354.823, 439.17]","[{""candidate_id"": ""C1"", ""bbox_xyxy"": [0.102, 231.707, 167.54, 332.992]}, {""candidate_id"": ""C2"", ""bbox_xyxy"": [241.32, 325.672, 272.485, 333.378]}, {""candidate_id"": ""C3"", ""bbox_xyxy"": [369.241, 323.187, 407.456, 355.016]}, {""candidate_id"": ""C4"", ""bbox_xyxy"": [409.909, 312.855, 435.406, 340.77]}, {""candidate_id"": ""C5"", ""bbox_xyxy"": [427.716, 328.604, 454.843, 351.282]}, {""candidate_id"": ""C6"", ""bbox_xyxy"": [456.462, 301.028, 507.234, 343.868]}, {""candidate_id"": ""C7"", ""bbox_xyxy"": [469.675, 327.084, 530.342, 375.3]}, {""candidate_id"": ""C8"", ""bbox_xyxy"": [521.028, 324.467, 697.161, 426.092]}]",data/object_detections/2026_02_21_17_16_20_09bcd3e6/masks/FL/2026_02_21_17_16_20_09bcd3e6_f004245_fl_car_001.png,highway,day,overcast
P0242,data/camera_splits/2026_02_21_17_16_20_09bcd3e6/FL/fl_004245.jpg,data/camera_splits/2026_02_21_17_16_20_09bcd3e6/RL/rl_004271.jpg,"[566.336, 338.867, 618.599, 365.295]","[{""candidate_id"": ""C1"", ""bbox_xyxy"": [0.102, 231.707, 167.54, 332.992]}, {""candidate_id"": ""C2"", ""bbox_xyxy"": [241.32, 325.672, 272.485, 333.378]}, {""candidate_id"": ""C3"", ""bbox_xyxy"": [369.241, 323.187, 407.456, 355.016]}, {""candidate_id"": ""C4"", ""bbox_xyxy"": [409.909, 312.855, 435.406, 340.77]}, {""candidate_id"": ""C5"", ""bbox_xyxy"": [427.716, 328.604, 454.843, 351.282]}, {""candidate_id"": ""C6"", ""bbox_xyxy"": [456.462, 301.028, 507.234, 343.868]}, {""candidate_id"": ""C7"", ""bbox_xyxy"": [469.675, 327.084, 530.342, 375.3]}, {""candidate_id"": ""C8"", ""bbox_xyxy"": [521.028, 324.467, 697.161, 426.092]}]",data/object_detections/2026_02_21_17_16_20_09bcd3e6/masks/FL/2026_02_21_17_16_20_09bcd3e6_f004245_fl_truck_002.png,highway,day,overcast
P0243,data/camera_splits/2026_02_21_17_16_20_09bcd3e6/FL/fl_004267.jpg,data/camera_splits/2026_02_21_17_16_20_09bcd3e6/RL/rl_004322.jpg,"[105.167, 319.54, 304.034, 417.57]","[{""candidate_id"": ""C1"", ""bbox_xyxy"": [236.068, 324.202, 275.161, 334.035]}, {""candidate_id"": ""C2"", ""bbox_xyxy"": [359.419, 320.573, 411.177, 363.089]}, {""candidate_id"": ""C3"", ""bbox_xyxy"": [449.046, 330.159, 487.149, 356.951]}, {""candidate_id"": ""C4"", ""bbox_xyxy"": [478.78, 328.736, 503.523, 354.106]}, {""candidate_id"": ""C5"", ""bbox_xyxy"": [512.004, 314.268, 620.066, 391.867]}, {""candidate_id"": ""C6"", ""bbox_xyxy"": [616.597, 280.498, 960.0, 446.526]}]",data/object_detections/2026_02_21_17_16_20_09bcd3e6/masks/FL/2026_02_21_17_16_20_09bcd3e6_f004267_fl_delivery_van_002.png,highway,day,overcast
P0244,data/camera_splits/2026_02_21_17_16_20_09bcd3e6/FL/fl_004293.jpg,data/camera_splits/2026_02_21_17_16_20_09bcd3e6/RL/rl_004341.jpg,"[0.162, 284.299, 291.988, 475.705]","[{""candidate_id"": ""C1"", ""bbox_xyxy"": [0.0, 234.191, 50.686, 334.905]}, {""candidate_id"": ""C2"", ""bbox_xyxy"": [0.0, 316.673, 39.37, 336.379]}, {""candidate_id"": ""C3"", ""bbox_xyxy"": [365.992, 321.769, 412.372, 359.598]}, {""candidate_id"": ""C4"", ""bbox_xyxy"": [440.418, 331.095, 464.624, 350.161]}, {""candidate_id"": ""C5"", ""bbox_xyxy"": [479.543, 317.261, 567.857, 382.33]}, {""candidate_id"": ""C6"", ""bbox_xyxy"": [576.183, 323.552, 793.035, 430.897]}]",data/object_detections/2026_02_21_17_16_20_09bcd3e6/masks/FL/2026_02_21_17_16_20_09bcd3e6_f004293_fl_car_004.png,highway,day,overcast
P0245,data/camera_splits/2026_02_21_17_16_20_09bcd3e6/FL/fl_004323.jpg,data/camera_splits/2026_02_21_17_16_20_09bcd3e6/RL/rl_004357.jpg,"[614.114, 323.492, 752.105, 372.108]","[{""candidate_id"": ""C1"", ""bbox_xyxy"": [239.334, 302.608, 295.858, 331.673]}, {""candidate_id"": ""C2"", ""bbox_xyxy"": [371.726, 322.155, 407.575, 352.299]}, {""candidate_id"": ""C3"", ""bbox_xyxy"": [371.826, 322.058, 407.524, 352.235]}, {""candidate_id"": ""C4"", ""bbox_xyxy"": [462.996, 326.322, 513.273, 364.675]}, {""candidate_id"": ""C5"", ""bbox_xyxy"": [561.543, 324.972, 790.093, 432.93]}]",data/object_detections/2026_02_21_17_16_20_09bcd3e6/masks/FL/2026_02_21_17_16_20_09bcd3e6_f004323_fl_truck_004.png,highway,day,overcast
P0246,data/camera_splits/2026_02_21_17_16_20_09bcd3e6/FL/fl_004326.jpg,data/camera_splits/2026_02_21_17_16_20_09bcd3e6/RL/rl_004353.jpg,"[651.747, 306.215, 884.585, 375.238]","[{""candidate_id"": ""C1"", ""bbox_xyxy"": [187.292, 292.335, 271.711, 332.548]}, {""candidate_id"": ""C2"", ""bbox_xyxy"": [213.344, 323.784, 247.573, 332.794]}, {""candidate_id"": ""C3"", ""bbox_xyxy"": [370.127, 322.475, 408.548, 354.473]}, {""candidate_id"": ""C4"", ""bbox_xyxy"": [477.795, 327.04, 541.682, 374.773]}, {""candidate_id"": ""C5"", ""bbox_xyxy"": [549.036, 341.883, 556.255, 368.948]}, {""candidate_id"": ""C6"", ""bbox_xyxy"": [640.165, 325.862, 960.0, 450.705]}, {""candidate_id"": ""C7"", ""bbox_xyxy"": [713.939, 338.264, 743.282, 371.108]}]",data/object_detections/2026_02_21_17_16_20_09bcd3e6/masks/FL/2026_02_21_17_16_20_09bcd3e6_f004326_fl_truck_003.png,highway,day,overcast
P0247,data/camera_splits/2026_02_21_17_16_20_09bcd3e6/FL/fl_004559.jpg,data/camera_splits/2026_02_21_17_16_20_09bcd3e6/RL/rl_004570.jpg,"[735.644, 314.18, 859.791, 364.391]","[{""candidate_id"": ""C1"", ""bbox_xyxy"": [206.425, 299.325, 263.787, 321.72]}, {""candidate_id"": ""C2"", ""bbox_xyxy"": [381.262, 326.089, 411.592, 352.491]}, {""candidate_id"": ""C3"", ""bbox_xyxy"": [425.181, 333.495, 442.272, 345.346]}, {""candidate_id"": ""C4"", ""bbox_xyxy"": [474.291, 327.819, 535.049, 371.993]}]",data/object_detections/2026_02_21_17_16_20_09bcd3e6/masks/FL/2026_02_21_17_16_20_09bcd3e6_f004559_fl_car_006.png,highway,day,overcast
P0248,data/camera_splits/2026_02_21_17_16_20_09bcd3e6/FL/fl_004586.jpg,data/camera_splits/2026_02_21_17_16_20_09bcd3e6/RL/rl_004598.jpg,"[72.163, 341.328, 205.713, 395.663]","[{""candidate_id"": ""C1"", ""bbox_xyxy"": [185.306, 317.115, 211.425, 329.911]}, {""candidate_id"": ""C2"", ""bbox_xyxy"": [226.668, 311.593, 263.48, 331.307]}, {""candidate_id"": ""C3"", ""bbox_xyxy"": [281.028, 322.411, 305.357, 332.814]}, {""candidate_id"": ""C4"", ""bbox_xyxy"": [353.741, 326.734, 385.023, 352.796]}, {""candidate_id"": ""C5"", ""bbox_xyxy"": [416.016, 329.948, 447.316, 355.113]}, {""candidate_id"": ""C6"", ""bbox_xyxy"": [534.442, 343.012, 543.376, 377.167]}, {""candidate_id"": ""C7"", ""bbox_xyxy"": [756.53, 329.0, 960.0, 404.948]}]",data/object_detections/2026_02_21_17_16_20_09bcd3e6/masks/FL/2026_02_21_17_16_20_09bcd3e6_f004586_fl_truck_005.png,highway,day,overcast
P0249,data/camera_splits/2026_02_21_17_16_20_09bcd3e6/FL/fl_004640.jpg,data/camera_splits/2026_02_21_17_16_20_09bcd3e6/RL/rl_004661.jpg,"[95.475, 271.713, 268.971, 397.276]","[{""candidate_id"": ""C1"", ""bbox_xyxy"": [381.474, 326.709, 414.275, 354.066]}, {""candidate_id"": ""C2"", ""bbox_xyxy"": [533.97, 318.732, 622.386, 364.814]}, {""candidate_id"": ""C3"", ""bbox_xyxy"": [598.338, 325.921, 959.634, 447.52]}, {""candidate_id"": ""C4"", ""bbox_xyxy"": [854.48, 355.685, 920.182, 386.455]}]",data/object_detections/2026_02_21_17_16_20_09bcd3e6/masks/FL/2026_02_21_17_16_20_09bcd3e6_f004640_fl_truck_007.png,highway,day,overcast
P0250,data/camera_splits/2026_02_21_17_16_20_09bcd3e6/FL/fl_004656.jpg,data/camera_splits/2026_02_21_17_16_20_09bcd3e6/RL/rl_004682.jpg,"[149.36, 331.976, 243.41, 383.549]","[{""candidate_id"": ""C1"", ""bbox_xyxy"": [0.0, 281.277, 99.387, 326.272]}, {""candidate_id"": ""C2"", ""bbox_xyxy"": [375.133, 327.687, 408.937, 355.965]}, {""candidate_id"": ""C3"", ""bbox_xyxy"": [419.626, 335.374, 433.002, 344.672]}, {""candidate_id"": ""C4"", ""bbox_xyxy"": [458.024, 330.377, 478.7, 346.614]}, {""candidate_id"": ""C5"", ""bbox_xyxy"": [484.758, 330.148, 609.644, 407.198]}, {""candidate_id"": ""C6"", ""bbox_xyxy"": [610.822, 341.674, 622.865, 366.788]}, {""candidate_id"": ""C7"", ""bbox_xyxy"": [639.38, 337.714, 648.042, 367.749]}, {""candidate_id"": ""C8"", ""bbox_xyxy"": [663.73, 308.646, 792.67, 379.115]}]",data/object_detections/2026_02_21_17_16_20_09bcd3e6/masks/FL/2026_02_21_17_16_20_09bcd3e6_f004656_fl_truck_013.png,highway,day,overcast
P0251,data/camera_splits/2026_02_21_17_16_20_09bcd3e6/FL/fl_004889.jpg,data/camera_splits/2026_02_21_17_16_20_09bcd3e6/RL/rl_004833.jpg,"[619.884, 333.795, 795.451, 425.789]","[{""candidate_id"": ""C1"", ""bbox_xyxy"": [41.976, 318.511, 104.892, 339.297]}, {""candidate_id"": ""C2"", ""bbox_xyxy"": [119.184, 321.948, 155.562, 338.716]}, {""candidate_id"": ""C3"", ""bbox_xyxy"": [241.64, 315.23, 324.756, 367.4]}, {""candidate_id"": ""C4"", ""bbox_xyxy"": [535.73, 337.408, 576.686, 359.819]}]",data/object_detections/2026_02_21_17_16_20_09bcd3e6/masks/FL/2026_02_21_17_16_20_09bcd3e6_f004889_fl_car_001.png,highway,day,overcast
P0252,data/camera_splits/2026_02_21_17_16_20_09bcd3e6/FL/fl_005011.jpg,data/camera_splits/2026_02_21_17_16_20_09bcd3e6/RL/rl_005028.jpg,"[688.857, 341.57, 814.026, 377.816]","[{""candidate_id"": ""C1"", ""bbox_xyxy"": [10.172, 297.615, 157.76, 342.884]}, {""candidate_id"": ""C2"", ""bbox_xyxy"": [182.588, 304.898, 295.385, 375.55]}, {""candidate_id"": ""C3"", ""bbox_xyxy"": [351.671, 326.738, 367.991, 340.393]}]",data/object_detections/2026_02_21_17_16_20_09bcd3e6/masks/FL/2026_02_21_17_16_20_09bcd3e6_f005011_fl_bus_002.png,highway,day,overcast
P0253,data/camera_splits/2026_02_21_17_16_20_09bcd3e6/FL/fl_005102.jpg,data/camera_splits/2026_02_21_17_16_20_09bcd3e6/RL/rl_005134.jpg,"[29.438, 349.471, 233.692, 427.043]","[{""candidate_id"": ""C1"", ""bbox_xyxy"": [0.0, 274.454, 219.878, 414.566]}, {""candidate_id"": ""C2"", ""bbox_xyxy"": [362.924, 328.62, 381.581, 344.02]}, {""candidate_id"": ""C3"", ""bbox_xyxy"": [449.093, 328.174, 502.965, 369.081]}, {""candidate_id"": ""C4"", ""bbox_xyxy"": [492.241, 319.593, 512.213, 348.139]}, {""candidate_id"": ""C5"", ""bbox_xyxy"": [579.807, 336.635, 612.472, 361.8]}, {""candidate_id"": ""C6"", ""bbox_xyxy"": [590.372, 338.183, 734.239, 403.938]}]",data/object_detections/2026_02_21_17_16_20_09bcd3e6/masks/FL/2026_02_21_17_16_20_09bcd3e6_f005102_fl_car_001.png,highway,day,overcast
P0254,data/camera_splits/2026_02_21_17_16_20_09bcd3e6/FL/fl_005122.jpg,data/camera_splits/2026_02_21_17_16_20_09bcd3e6/RL/rl_005155.jpg,"[0.269, 299.835, 251.551, 409.396]","[{""candidate_id"": ""C1"", ""bbox_xyxy"": [337.584, 327.78, 359.283, 345.035]}, {""candidate_id"": ""C2"", ""bbox_xyxy"": [419.29, 330.885, 453.265, 358.112]}, {""candidate_id"": ""C3"", ""bbox_xyxy"": [448.492, 322.812, 468.322, 344.334]}, {""candidate_id"": ""C4"", ""bbox_xyxy"": [474.168, 336.703, 517.612, 362.785]}, {""candidate_id"": ""C5"", ""bbox_xyxy"": [560.833, 248.248, 921.615, 410.729]}]",data/object_detections/2026_02_21_17_16_20_09bcd3e6/masks/FL/2026_02_21_17_16_20_09bcd3e6_f005122_fl_truck_003.png,highway,day,overcast
P0255,data/camera_splits/2026_02_21_17_16_20_09bcd3e6/FL/fl_005122.jpg,data/camera_splits/2026_02_21_17_16_20_09bcd3e6/RL/rl_005179.jpg,"[0.269, 299.835, 251.551, 409.396]","[{""candidate_id"": ""C1"", ""bbox_xyxy"": [89.361, 345.252, 134.125, 362.554]}, {""candidate_id"": ""C2"", ""bbox_xyxy"": [181.648, 338.154, 206.74, 352.745]}, {""candidate_id"": ""C3"", ""bbox_xyxy"": [231.291, 338.876, 249.536, 349.405]}, {""candidate_id"": ""C4"", ""bbox_xyxy"": [319.749, 327.124, 344.079, 346.246]}, {""candidate_id"": ""C5"", ""bbox_xyxy"": [407.873, 331.817, 434.118, 352.121]}, {""candidate_id"": ""C6"", ""bbox_xyxy"": [433.531, 336.062, 454.119, 351.473]}, {""candidate_id"": ""C7"", ""bbox_xyxy"": [468.234, 306.369, 550.467, 360.674]}, {""candidate_id"": ""C8"", ""bbox_xyxy"": [701.396, 342.838, 857.094, 409.772]}]",data/object_detections/2026_02_21_17_16_20_09bcd3e6/masks/FL/2026_02_21_17_16_20_09bcd3e6_f005122_fl_truck_003.png,highway,day,overcast
P0256,data/camera_splits/2026_02_21_17_16_20_09bcd3e6/FL/fl_005161.jpg,data/camera_splits/2026_02_21_17_16_20_09bcd3e6/RL/rl_005195.jpg,"[193.385, 332.078, 312.032, 404.707]","[{""candidate_id"": ""C1"", ""bbox_xyxy"": [0.022, 340.92, 69.003, 373.121]}, {""candidate_id"": ""C2"", ""bbox_xyxy"": [180.319, 336.605, 206.663, 353.787]}, {""candidate_id"": ""C3"", ""bbox_xyxy"": [317.453, 326.115, 344.636, 346.826]}, {""candidate_id"": ""C4"", ""bbox_xyxy"": [370.388, 331.356, 379.524, 338.08]}, {""candidate_id"": ""C5"", ""bbox_xyxy"": [407.45, 330.321, 430.09, 348.633]}, {""candidate_id"": ""C6"", ""bbox_xyxy"": [427.745, 334.296, 435.096, 343.052]}, {""candidate_id"": ""C7"", ""bbox_xyxy"": [449.827, 313.314, 501.73, 350.501]}, {""candidate_id"": ""C8"", ""bbox_xyxy"": [528.777, 336.129, 569.995, 363.255]}, {""candidate_id"": ""C9"", ""bbox_xyxy"": [569.059, 325.225, 685.515, 394.26]}]",data/object_detections/2026_02_21_17_16_20_09bcd3e6/masks/FL/2026_02_21_17_16_20_09bcd3e6_f005161_fl_delivery_van_005.png,highway,day,overcast
P0257,data/camera_splits/2026_02_21_17_16_20_09bcd3e6/FL/fl_005173.jpg,data/camera_splits/2026_02_21_17_16_20_09bcd3e6/RL/rl_005215.jpg,"[117.72, 344.345, 230.546, 394.831]","[{""candidate_id"": ""C1"", ""bbox_xyxy"": [8.872, 334.015, 89.847, 371.922]}, {""candidate_id"": ""C2"", ""bbox_xyxy"": [123.301, 337.529, 158.587, 353.419]}, {""candidate_id"": ""C3"", ""bbox_xyxy"": [185.342, 316.899, 224.957, 342.552]}, {""candidate_id"": ""C4"", ""bbox_xyxy"": [230.269, 331.909, 246.046, 341.792]}, {""candidate_id"": ""C5"", ""bbox_xyxy"": [314.404, 323.963, 344.859, 346.852]}, {""candidate_id"": ""C6"", ""bbox_xyxy"": [373.912, 331.714, 382.212, 337.185]}, {""candidate_id"": ""C7"", ""bbox_xyxy"": [406.291, 330.255, 425.929, 344.796]}, {""candidate_id"": ""C8"", ""bbox_xyxy"": [437.308, 318.145, 468.993, 343.835]}, {""candidate_id"": ""C9"", ""bbox_xyxy"": [461.942, 333.711, 478.709, 349.745]}, {""candidate_id"": ""C10"", ""bbox_xyxy"": [477.416, 329.557, 514.215, 357.644]}, {""candidate_id"": ""C11"", ""bbox_xyxy"": [620.376, 338.151, 711.708, 383.339]}]",data/object_detections/2026_02_21_17_16_20_09bcd3e6/masks/FL/2026_02_21_17_16_20_09bcd3e6_f005173_fl_car_001.png,highway,day,overcast
P0258,data/camera_splits/2026_02_21_17_16_20_09bcd3e6/FL/fl_005199.jpg,data/camera_splits/2026_02_21_17_16_20_09bcd3e6/RL/rl_005243.jpg,"[50.5, 321.172, 213.685, 404.584]","[{""candidate_id"": ""C1"", ""bbox_xyxy"": [0.0, 349.292, 55.644, 375.6]}, {""candidate_id"": ""C2"", ""bbox_xyxy"": [115.011, 332.89, 135.887, 348.771]}, {""candidate_id"": ""C3"", ""bbox_xyxy"": [130.515, 336.292, 172.943, 359.276]}, {""candidate_id"": ""C4"", ""bbox_xyxy"": [310.321, 325.494, 343.486, 349.791]}, {""candidate_id"": ""C5"", ""bbox_xyxy"": [395.534, 331.269, 410.645, 343.511]}, {""candidate_id"": ""C6"", ""bbox_xyxy"": [437.228, 331.698, 455.022, 345.868]}, {""candidate_id"": ""C7"", ""bbox_xyxy"": [487.797, 335.443, 514.741, 353.387]}, {""candidate_id"": ""C8"", ""bbox_xyxy"": [553.128, 324.492, 619.108, 368.248]}, {""candidate_id"": ""C9"", ""bbox_xyxy"": [617.64, 246.802, 932.864, 408.974]}, {""candidate_id"": ""C10"", ""bbox_xyxy"": [769.422, 262.65, 960.0, 450.219]}]",data/object_detections/2026_02_21_17_16_20_09bcd3e6/masks/FL/2026_02_21_17_16_20_09bcd3e6_f005199_fl_delivery_van_006.png,highway,day,overcast
P0259,data/camera_splits/2026_02_21_17_16_20_09bcd3e6/FL/fl_005271.jpg,data/camera_splits/2026_02_21_17_16_20_09bcd3e6/RL/rl_005303.jpg,"[673.418, 346.249, 749.505, 385.224]","[{""candidate_id"": ""C1"", ""bbox_xyxy"": [51.843, 306.692, 153.458, 353.643]}, {""candidate_id"": ""C2"", ""bbox_xyxy"": [85.873, 339.673, 129.942, 356.166]}, {""candidate_id"": ""C3"", ""bbox_xyxy"": [155.267, 334.659, 170.663, 345.183]}, {""candidate_id"": ""C4"", ""bbox_xyxy"": [302.193, 326.574, 336.869, 352.309]}, {""candidate_id"": ""C5"", ""bbox_xyxy"": [373.925, 331.915, 385.838, 341.254]}, {""candidate_id"": ""C6"", ""bbox_xyxy"": [432.269, 316.39, 457.528, 344.862]}, {""candidate_id"": ""C7"", ""bbox_xyxy"": [444.327, 327.614, 500.184, 371.338]}]",data/object_detections/2026_02_21_17_16_20_09bcd3e6/masks/FL/2026_02_21_17_16_20_09bcd3e6_f005271_fl_truck_001.png,highway,day,overcast
P0260,data/camera_splits/2026_02_21_17_16_20_09bcd3e6/FL/fl_005385.jpg,data/camera_splits/2026_02_21_17_16_20_09bcd3e6/RL/rl_005407.jpg,"[667.325, 328.75, 789.911, 374.325]","[{""candidate_id"": ""C1"", ""bbox_xyxy"": [5.72, 322.375, 47.602, 343.128]}, {""candidate_id"": ""C2"", ""bbox_xyxy"": [76.52, 295.578, 183.76, 337.93]}, {""candidate_id"": ""C3"", ""bbox_xyxy"": [243.155, 320.356, 312.718, 366.8]}, {""candidate_id"": ""C4"", ""bbox_xyxy"": [396.389, 326.525, 407.68, 338.117]}, {""candidate_id"": ""C5"", ""bbox_xyxy"": [418.827, 330.045, 443.092, 350.366]}]",data/object_detections/2026_02_21_17_16_20_09bcd3e6/masks/FL/2026_02_21_17_16_20_09bcd3e6_f005385_fl_truck_001.png,highway,day,overcast
P0261,data/camera_splits/2026_02_21_17_16_20_09bcd3e6/FL/fl_005468.jpg,data/camera_splits/2026_02_21_17_16_20_09bcd3e6/RL/rl_005544.jpg,"[98.371, 327.745, 333.192, 461.429]","[{""candidate_id"": ""C1"", ""bbox_xyxy"": [132.706, 293.622, 167.428, 311.029]}, {""candidate_id"": ""C2"", ""bbox_xyxy"": [143.748, 312.966, 257.07, 374.032]}, {""candidate_id"": ""C3"", ""bbox_xyxy"": [252.869, 302.59, 275.427, 319.339]}, {""candidate_id"": ""C4"", ""bbox_xyxy"": [392.709, 329.136, 402.164, 336.668]}, {""candidate_id"": ""C5"", ""bbox_xyxy"": [411.939, 328.84, 425.116, 339.905]}, {""candidate_id"": ""C6"", ""bbox_xyxy"": [452.663, 328.616, 468.633, 346.381]}, {""candidate_id"": ""C7"", ""bbox_xyxy"": [455.913, 324.362, 543.254, 389.332]}]",data/object_detections/2026_02_21_17_16_20_09bcd3e6/masks/FL/2026_02_21_17_16_20_09bcd3e6_f005468_fl_car_002.png,highway,day,overcast
P0262,data/camera_splits/2026_02_21_17_16_20_09bcd3e6/FL/fl_005533.jpg,data/camera_splits/2026_02_21_17_16_20_09bcd3e6/RL/rl_005560.jpg,"[120.337, 345.404, 283.693, 415.42]","[{""candidate_id"": ""C1"", ""bbox_xyxy"": [186.029, 318.352, 260.823, 359.964]}, {""candidate_id"": ""C2"", ""bbox_xyxy"": [186.183, 295.936, 222.541, 317.77]}, {""candidate_id"": ""C3"", ""bbox_xyxy"": [383.548, 330.351, 393.164, 338.047]}, {""candidate_id"": ""C4"", ""bbox_xyxy"": [396.067, 329.412, 437.258, 361.671]}, {""candidate_id"": ""C5"", ""bbox_xyxy"": [496.939, 332.032, 584.712, 385.553]}]",data/object_detections/2026_02_21_17_16_20_09bcd3e6/masks/FL/2026_02_21_17_16_20_09bcd3e6_f005533_fl_car_001.png,highway,day,overcast
P0263,data/camera_splits/2026_02_21_17_16_20_09bcd3e6/FL/fl_006317.jpg,data/camera_splits/2026_02_21_17_16_20_09bcd3e6/RL/rl_006357.jpg,"[537.033, 343.201, 656.923, 382.537]","[{""candidate_id"": ""C1"", ""bbox_xyxy"": [0.021, 302.487, 68.506, 344.943]}, {""candidate_id"": ""C2"", ""bbox_xyxy"": [71.689, 310.033, 139.617, 338.631]}, {""candidate_id"": ""C3"", ""bbox_xyxy"": [142.484, 308.143, 206.39, 342.18]}, {""candidate_id"": ""C4"", ""bbox_xyxy"": [204.882, 315.523, 244.35, 337.638]}, {""candidate_id"": ""C5"", ""bbox_xyxy"": [357.744, 321.422, 373.737, 333.513]}, {""candidate_id"": ""C6"", ""bbox_xyxy"": [389.26, 323.64, 404.133, 335.05]}, {""candidate_id"": ""C7"", ""bbox_xyxy"": [412.774, 323.725, 430.217, 336.476]}, {""candidate_id"": ""C8"", ""bbox_xyxy"": [611.31, 326.252, 625.556, 367.435]}, {""candidate_id"": ""C9"", ""bbox_xyxy"": [688.707, 339.468, 695.798, 353.892]}]",data/object_detections/2026_02_21_17_16_20_09bcd3e6/masks/FL/2026_02_21_17_16_20_09bcd3e6_f006317_fl_car_010.png,highway,day,overcast
P0264,data/camera_splits/2026_02_21_17_16_20_09bcd3e6/FL/fl_006444.jpg,data/camera_splits/2026_02_21_17_16_20_09bcd3e6/RL/rl_006465.jpg,"[322.1, 354.486, 374.512, 384.86]","[{""candidate_id"": ""C1"", ""bbox_xyxy"": [86.598, 324.492, 103.2, 331.882]}, {""candidate_id"": ""C2"", ""bbox_xyxy"": [337.5, 319.793, 346.477, 327.477]}, {""candidate_id"": ""C3"", ""bbox_xyxy"": [348.953, 324.722, 364.858, 337.303]}, {""candidate_id"": ""C4"", ""bbox_xyxy"": [514.831, 335.974, 573.687, 369.04]}, {""candidate_id"": ""C5"", ""bbox_xyxy"": [600.636, 338.174, 725.138, 402.977]}]",data/object_detections/2026_02_21_17_16_20_09bcd3e6/masks/FL/2026_02_21_17_16_20_09bcd3e6_f006444_fl_car_001.png,highway,day,overcast
P0265,data/camera_splits/2026_02_21_17_16_20_09bcd3e6/FL/fl_006444.jpg,data/camera_splits/2026_02_21_17_16_20_09bcd3e6/RL/rl_006465.jpg,"[167.659, 352.049, 284.451, 405.891]","[{""candidate_id"": ""C1"", ""bbox_xyxy"": [86.598, 324.492, 103.2, 331.882]}, {""candidate_id"": ""C2"", ""bbox_xyxy"": [337.5, 319.793, 346.477, 327.477]}, {""candidate_id"": ""C3"", ""bbox_xyxy"": [348.953, 324.722, 364.858, 337.303]}, {""candidate_id"": ""C4"", ""bbox_xyxy"": [514.831, 335.974, 573.687, 369.04]}, {""candidate_id"": ""C5"", ""bbox_xyxy"": [600.636, 338.174, 725.138, 402.977]}]",data/object_detections/2026_02_21_17_16_20_09bcd3e6/masks/FL/2026_02_21_17_16_20_09bcd3e6_f006444_fl_car_002.png,highway,day,overcast
P0266,data/camera_splits/2026_02_21_17_16_20_09bcd3e6/FL/fl_008100.jpg,data/camera_splits/2026_02_21_17_16_20_09bcd3e6/RL/rl_008131.jpg,"[213.581, 355.344, 309.583, 390.452]","[{""candidate_id"": ""C1"", ""bbox_xyxy"": [80.421, 315.897, 128.664, 339.089]}, {""candidate_id"": ""C2"", ""bbox_xyxy"": [198.837, 319.279, 215.942, 332.808]}, {""candidate_id"": ""C3"", ""bbox_xyxy"": [340.405, 326.906, 363.387, 342.523]}, {""candidate_id"": ""C4"", ""bbox_xyxy"": [560.691, 340.087, 653.817, 371.233]}, {""candidate_id"": ""C5"", ""bbox_xyxy"": [617.299, 365.026, 628.341, 384.717]}]",data/object_detections/2026_02_21_17_16_20_09bcd3e6/masks/FL/2026_02_21_17_16_20_09bcd3e6_f008100_fl_car_008.png,suburban,day,overcast
P0267,data/camera_splits/2026_02_21_17_16_20_09bcd3e6/FL/fl_008800.jpg,data/camera_splits/2026_02_21_17_16_20_09bcd3e6/RL/rl_008838.jpg,"[596.211, 316.277, 771.205, 406.084]","[{""candidate_id"": ""C1"", ""bbox_xyxy"": [209.82, 295.769, 269.084, 342.15]}, {""candidate_id"": ""C2"", ""bbox_xyxy"": [267.621, 325.127, 279.909, 336.059]}, {""candidate_id"": ""C3"", ""bbox_xyxy"": [288.547, 318.082, 306.261, 336.194]}, {""candidate_id"": ""C4"", ""bbox_xyxy"": [320.054, 324.349, 330.118, 332.338]}, {""candidate_id"": ""C5"", ""bbox_xyxy"": [337.401, 326.103, 346.696, 332.048]}, {""candidate_id"": ""C6"", ""bbox_xyxy"": [354.4, 325.643, 363.51, 332.63]}, {""candidate_id"": ""C7"", ""bbox_xyxy"": [372.218, 326.946, 400.367, 350.932]}]",data/object_detections/2026_02_21_17_16_20_09bcd3e6/masks/FL/2026_02_21_17_16_20_09bcd3e6_f008800_fl_bus_001.png,urban,day,overcast
P0268,data/camera_splits/2026_02_21_17_16_20_09bcd3e6/FL/fl_009261.jpg,data/camera_splits/2026_02_21_17_16_20_09bcd3e6/RL/rl_009272.jpg,"[651.193, 351.619, 806.875, 432.497]","[{""candidate_id"": ""C1"", ""bbox_xyxy"": [137.196, 322.968, 247.673, 384.347]}, {""candidate_id"": ""C2"", ""bbox_xyxy"": [261.366, 330.14, 310.318, 359.385]}, {""candidate_id"": ""C3"", ""bbox_xyxy"": [361.834, 331.971, 376.923, 347.322]}, {""candidate_id"": ""C4"", ""bbox_xyxy"": [373.036, 331.337, 398.381, 352.237]}]",data/object_detections/2026_02_21_17_16_20_09bcd3e6/masks/FL/2026_02_21_17_16_20_09bcd3e6_f009261_fl_car_001.png,urban,day,overcast
P0269,data/camera_splits/2026_02_21_17_16_20_09bcd3e6/FL/fl_009284.jpg,data/camera_splits/2026_02_21_17_16_20_09bcd3e6/RL/rl_009307.jpg,"[599.976, 255.359, 854.458, 420.486]","[{""candidate_id"": ""C1"", ""bbox_xyxy"": [96.666, 314.842, 216.069, 386.269]}, {""candidate_id"": ""C2"", ""bbox_xyxy"": [239.412, 300.384, 325.478, 355.435]}, {""candidate_id"": ""C3"", ""bbox_xyxy"": [334.381, 330.409, 352.01, 344.885]}, {""candidate_id"": ""C4"", ""bbox_xyxy"": [369.713, 330.994, 395.389, 349.808]}]",data/object_detections/2026_02_21_17_16_20_09bcd3e6/masks/FL/2026_02_21_17_16_20_09bcd3e6_f009284_fl_bus_001.png,urban,day,overcast
P0270,data/camera_splits/2026_02_21_17_16_20_09bcd3e6/FL/fl_009529.jpg,data/camera_splits/2026_02_21_17_16_20_09bcd3e6/RL/rl_009566.jpg,"[602.903, 342.342, 728.33, 424.268]","[{""candidate_id"": ""C1"", ""bbox_xyxy"": [34.275, 200.028, 70.95, 239.268]}, {""candidate_id"": ""C2"", ""bbox_xyxy"": [65.254, 207.7, 80.331, 240.192]}, {""candidate_id"": ""C3"", ""bbox_xyxy"": [145.989, 322.999, 192.207, 351.148]}, {""candidate_id"": ""C4"", ""bbox_xyxy"": [188.495, 309.619, 275.775, 362.444]}, {""candidate_id"": ""C5"", ""bbox_xyxy"": [275.916, 321.9, 310.017, 350.995]}, {""candidate_id"": ""C6"", ""bbox_xyxy"": [310.562, 326.522, 327.05, 336.676]}, {""candidate_id"": ""C7"", ""bbox_xyxy"": [357.881, 327.204, 371.09, 337.573]}, {""candidate_id"": ""C8"", ""bbox_xyxy"": [384.778, 328.315, 398.777, 339.246]}, {""candidate_id"": ""C9"", ""bbox_xyxy"": [752.672, 325.923, 776.291, 347.912]}, {""candidate_id"": ""C10"", ""bbox_xyxy"": [754.465, 334.408, 776.102, 348.071]}]",data/object_detections/2026_02_21_17_16_20_09bcd3e6/masks/FL/2026_02_21_17_16_20_09bcd3e6_f009529_fl_car_002.png,suburban,day,overcast
P0271,data/camera_splits/2026_02_21_17_36_02_2eaa363b/FL/fl_000008.jpg,data/camera_splits/2026_02_21_17_36_02_2eaa363b/RL/rl_000364.jpg,"[242.807, 349.389, 356.105, 424.454]","[{""candidate_id"": ""C1"", ""bbox_xyxy"": [0.0, 300.832, 139.141, 417.109]}, {""candidate_id"": ""C2"", ""bbox_xyxy"": [231.916, 328.697, 314.34, 379.591]}, {""candidate_id"": ""C3"", ""bbox_xyxy"": [365.93, 339.902, 408.279, 369.781]}, {""candidate_id"": ""C4"", ""bbox_xyxy"": [415.54, 340.433, 427.93, 352.546]}, {""candidate_id"": ""C5"", ""bbox_xyxy"": [437.359, 340.849, 467.413, 375.71]}, {""candidate_id"": ""C6"", ""bbox_xyxy"": [457.127, 333.997, 541.421, 403.132]}, {""candidate_id"": ""C7"", ""bbox_xyxy"": [792.008, 348.22, 868.535, 372.902]}]",data/object_detections/2026_02_21_17_36_02_2eaa363b/masks/FL/2026_02_21_17_36_02_2eaa363b_f000008_fl_car_002.png,urban,day,overcast
P0272,data/camera_splits/2026_02_21_17_36_02_2eaa363b/FL/fl_000009.jpg,data/camera_splits/2026_02_21_17_36_02_2eaa363b/RL/rl_000067.jpg,"[43.395, 329.132, 249.009, 425.444]","[{""candidate_id"": ""C1"", ""bbox_xyxy"": [235.238, 321.141, 246.734, 343.028]}, {""candidate_id"": ""C2"", ""bbox_xyxy"": [398.257, 331.498, 414.281, 342.863]}, {""candidate_id"": ""C3"", ""bbox_xyxy"": [420.612, 321.812, 454.891, 356.415]}, {""candidate_id"": ""C4"", ""bbox_xyxy"": [454.775, 334.216, 467.49, 348.958]}, {""candidate_id"": ""C5"", ""bbox_xyxy"": [481.907, 328.094, 663.966, 427.216]}, {""candidate_id"": ""C6"", ""bbox_xyxy"": [588.599, 325.382, 712.21, 396.506]}, {""candidate_id"": ""C7"", ""bbox_xyxy"": [807.588, 352.171, 960.0, 452.417]}]",data/object_detections/2026_02_21_17_36_02_2eaa363b/masks/FL/2026_02_21_17_36_02_2eaa363b_f000009_fl_delivery_van_011.png,urban,day,overcast
P0273,data/camera_splits/2026_02_21_17_36_02_2eaa363b/FL/fl_000010.jpg,data/camera_splits/2026_02_21_17_36_02_2eaa363b/RL/rl_000370.jpg,"[511.941, 354.237, 553.33, 386.52]","[{""candidate_id"": ""C1"", ""bbox_xyxy"": [0.052, 312.942, 180.193, 404.98]}, {""candidate_id"": ""C2"", ""bbox_xyxy"": [221.532, 324.804, 288.83, 364.567]}, {""candidate_id"": ""C3"", ""bbox_xyxy"": [326.171, 330.694, 364.996, 357.457]}, {""candidate_id"": ""C4"", ""bbox_xyxy"": [375.395, 332.694, 387.678, 343.569]}, {""candidate_id"": ""C5"", ""bbox_xyxy"": [401.21, 322.374, 457.963, 370.545]}, {""candidate_id"": ""C6"", ""bbox_xyxy"": [691.428, 328.695, 726.327, 346.316]}, {""candidate_id"": ""C7"", ""bbox_xyxy"": [829.13, 322.808, 923.827, 361.581]}, {""candidate_id"": ""C8"", ""bbox_xyxy"": [928.741, 325.453, 959.805, 347.507]}]",data/object_detections/2026_02_21_17_36_02_2eaa363b/masks/FL/2026_02_21_17_36_02_2eaa363b_f000010_fl_car_010.png,urban,day,overcast
P0274,data/camera_splits/2026_02_21_17_36_02_2eaa363b/FL/fl_000013.jpg,data/camera_splits/2026_02_21_17_36_02_2eaa363b/RL/rl_000073.jpg,"[235.232, 357.145, 311.63, 398.344]","[{""candidate_id"": ""C1"", ""bbox_xyxy"": [220.889, 316.224, 230.395, 343.2]}, {""candidate_id"": ""C2"", ""bbox_xyxy"": [320.171, 323.862, 326.87, 338.424]}, {""candidate_id"": ""C3"", ""bbox_xyxy"": [390.637, 331.407, 406.208, 342.812]}, {""candidate_id"": ""C4"", ""bbox_xyxy"": [421.21, 321.826, 457.093, 357.873]}, {""candidate_id"": ""C5"", ""bbox_xyxy"": [517.967, 328.364, 781.001, 432.469]}, {""candidate_id"": ""C6"", ""bbox_xyxy"": [692.209, 347.044, 874.349, 432.102]}]",data/object_detections/2026_02_21_17_36_02_2eaa363b/masks/FL/2026_02_21_17_36_02_2eaa363b_f000013_fl_car_001.png,urban,day,overcast
P0275,data/camera_splits/2026_02_21_17_36_02_2eaa363b/FL/fl_000013.jpg,data/camera_splits/2026_02_21_17_36_02_2eaa363b/RL/rl_000082.jpg,"[0.0, 323.911, 226.194, 435.181]","[{""candidate_id"": ""C1"", ""bbox_xyxy"": [234.038, 319.872, 244.561, 341.235]}, {""candidate_id"": ""C2"", ""bbox_xyxy"": [350.096, 331.503, 365.619, 338.153]}, {""candidate_id"": ""C3"", ""bbox_xyxy"": [383.253, 331.025, 398.298, 343.113]}, {""candidate_id"": ""C4"", ""bbox_xyxy"": [422.919, 321.196, 461.953, 360.021]}, {""candidate_id"": ""C5"", ""bbox_xyxy"": [510.918, 329.075, 572.409, 373.665]}, {""candidate_id"": ""C6"", ""bbox_xyxy"": [578.687, 343.255, 646.681, 387.715]}, {""candidate_id"": ""C7"", ""bbox_xyxy"": [608.275, 327.158, 959.404, 447.958]}]",data/object_detections/2026_02_21_17_36_02_2eaa363b/masks/FL/2026_02_21_17_36_02_2eaa363b_f000013_fl_delivery_van_011.png,urban,day,overcast
P0276,data/camera_splits/2026_02_21_17_36_02_2eaa363b/FL/fl_000013.jpg,data/camera_splits/2026_02_21_17_36_02_2eaa363b/RL/rl_000084.jpg,"[235.232, 357.145, 311.63, 398.344]","[{""candidate_id"": ""C1"", ""bbox_xyxy"": [237.272, 320.437, 246.156, 341.082]}, {""candidate_id"": ""C2"", ""bbox_xyxy"": [381.544, 331.587, 396.819, 343.817]}, {""candidate_id"": ""C3"", ""bbox_xyxy"": [423.799, 321.444, 463.624, 361.178]}, {""candidate_id"": ""C4"", ""bbox_xyxy"": [505.426, 330.684, 563.161, 371.188]}, {""candidate_id"": ""C5"", ""bbox_xyxy"": [566.246, 343.439, 653.89, 391.223]}, {""candidate_id"": ""C6"", ""bbox_xyxy"": [640.303, 327.811, 960.0, 448.441]}]",data/object_detections/2026_02_21_17_36_02_2eaa363b/masks/FL/2026_02_21_17_36_02_2eaa363b_f000013_fl_car_001.png,urban,day,overcast
P0277,data/camera_splits/2026_02_21_17_36_02_2eaa363b/FL/fl_000024.jpg,data/camera_splits/2026_02_21_17_36_02_2eaa363b/RL/rl_000084.jpg,"[0.0, 314.919, 131.621, 452.987]","[{""candidate_id"": ""C1"", ""bbox_xyxy"": [237.272, 320.437, 246.156, 341.082]}, {""candidate_id"": ""C2"", ""bbox_xyxy"": [381.544, 331.587, 396.819, 343.817]}, {""candidate_id"": ""C3"", ""bbox_xyxy"": [423.799, 321.444, 463.624, 361.178]}, {""candidate_id"": ""C4"", ""bbox_xyxy"": [505.426, 330.684, 563.161, 371.188]}, {""candidate_id"": ""C5"", ""bbox_xyxy"": [566.246, 343.439, 653.89, 391.223]}, {""candidate_id"": ""C6"", ""bbox_xyxy"": [640.303, 327.811, 960.0, 448.441]}]",data/object_detections/2026_02_21_17_36_02_2eaa363b/masks/FL/2026_02_21_17_36_02_2eaa363b_f000024_fl_delivery_van_009.png,urban,day,overcast
P0278,data/camera_splits/2026_02_21_17_36_02_2eaa363b/FL/fl_000035.jpg,data/camera_splits/2026_02_21_17_36_02_2eaa363b/RL/rl_000100.jpg,"[15.326, 352.712, 208.464, 434.492]","[{""candidate_id"": ""C1"", ""bbox_xyxy"": [32.864, 302.271, 59.853, 350.946]}, {""candidate_id"": ""C2"", ""bbox_xyxy"": [63.265, 298.675, 76.415, 351.378]}, {""candidate_id"": ""C3"", ""bbox_xyxy"": [85.298, 310.007, 95.078, 346.927]}, {""candidate_id"": ""C4"", ""bbox_xyxy"": [93.797, 307.231, 108.616, 346.925]}, {""candidate_id"": ""C5"", ""bbox_xyxy"": [119.088, 308.674, 132.991, 350.505]}, {""candidate_id"": ""C6"", ""bbox_xyxy"": [260.859, 322.328, 267.555, 340.53]}, {""candidate_id"": ""C7"", ""bbox_xyxy"": [373.796, 330.159, 389.46, 343.57]}, {""candidate_id"": ""C8"", ""bbox_xyxy"": [422.709, 335.037, 432.775, 345.213]}, {""candidate_id"": ""C9"", ""bbox_xyxy"": [432.518, 317.835, 483.248, 365.446]}, {""candidate_id"": ""C10"", ""bbox_xyxy"": [482.663, 331.254, 509.837, 359.769]}, {""candidate_id"": ""C11"", ""bbox_xyxy"": [505.851, 339.157, 556.907, 368.069]}]",data/object_detections/2026_02_21_17_36_02_2eaa363b/masks/FL/2026_02_21_17_36_02_2eaa363b_f000035_fl_car_001.png,urban,day,overcast
P0279,data/camera_splits/2026_02_21_17_36_02_2eaa363b/FL/fl_000112.jpg,data/camera_splits/2026_02_21_17_36_02_2eaa363b/RL/rl_000153.jpg,"[170.374, 353.159, 272.171, 405.175]","[{""candidate_id"": ""C1"", ""bbox_xyxy"": [179.896, 320.854, 193.692, 346.59]}, {""candidate_id"": ""C2"", ""bbox_xyxy"": [287.169, 325.596, 293.133, 342.051]}, {""candidate_id"": ""C3"", ""bbox_xyxy"": [373.08, 330.037, 393.714, 347.885]}, {""candidate_id"": ""C4"", ""bbox_xyxy"": [418.301, 336.43, 431.711, 344.697]}, {""candidate_id"": ""C5"", ""bbox_xyxy"": [446.171, 338.217, 464.346, 350.871]}, {""candidate_id"": ""C6"", ""bbox_xyxy"": [510.988, 289.952, 728.877, 428.51]}, {""candidate_id"": ""C7"", ""bbox_xyxy"": [735.788, 345.769, 960.0, 446.686]}]",data/object_detections/2026_02_21_17_36_02_2eaa363b/masks/FL/2026_02_21_17_36_02_2eaa363b_f000112_fl_car_002.png,urban,day,overcast
P0280,data/camera_splits/2026_02_21_17_36_02_2eaa363b/FL/fl_000113.jpg,data/camera_splits/2026_02_21_17_36_02_2eaa363b/RL/rl_000222.jpg,"[161.904, 352.187, 263.544, 406.984]","[{""candidate_id"": ""C1"", ""bbox_xyxy"": [204.559, 309.316, 317.619, 382.247]}, {""candidate_id"": ""C2"", ""bbox_xyxy"": [387.432, 328.88, 397.896, 337.265]}, {""candidate_id"": ""C3"", ""bbox_xyxy"": [435.856, 333.33, 448.934, 342.287]}, {""candidate_id"": ""C4"", ""bbox_xyxy"": [506.342, 334.845, 548.354, 361.167]}]",data/object_detections/2026_02_21_17_36_02_2eaa363b/masks/FL/2026_02_21_17_36_02_2eaa363b_f000113_fl_car_002.png,urban,day,overcast
P0281,data/camera_splits/2026_02_21_17_36_02_2eaa363b/FL/fl_000203.jpg,data/camera_splits/2026_02_21_17_36_02_2eaa363b/RL/rl_000357.jpg,"[131.268, 344.079, 340.119, 455.554]","[{""candidate_id"": ""C1"", ""bbox_xyxy"": [204.545, 310.682, 213.316, 326.928]}, {""candidate_id"": ""C2"", ""bbox_xyxy"": [207.962, 309.461, 327.903, 381.91]}, {""candidate_id"": ""C3"", ""bbox_xyxy"": [403.684, 328.562, 450.155, 363.807]}, {""candidate_id"": ""C4"", ""bbox_xyxy"": [481.635, 317.921, 524.682, 363.763]}, {""candidate_id"": ""C5"", ""bbox_xyxy"": [491.475, 332.562, 555.863, 380.409]}, {""candidate_id"": ""C6"", ""bbox_xyxy"": [549.848, 326.699, 732.904, 431.012]}]",data/object_detections/2026_02_21_17_36_02_2eaa363b/masks/FL/2026_02_21_17_36_02_2eaa363b_f000203_fl_car_002.png,urban,day,overcast
P0282,data/camera_splits/2026_02_21_17_36_02_2eaa363b/FL/fl_000209.jpg,data/camera_splits/2026_02_21_17_36_02_2eaa363b/RL/rl_000355.jpg,"[90.0, 342.675, 330.619, 465.709]","[{""candidate_id"": ""C1"", ""bbox_xyxy"": [184.62, 306.518, 197.354, 329.092]}, {""candidate_id"": ""C2"", ""bbox_xyxy"": [186.611, 305.389, 325.15, 386.349]}, {""candidate_id"": ""C3"", ""bbox_xyxy"": [409.43, 327.17, 457.341, 363.954]}, {""candidate_id"": ""C4"", ""bbox_xyxy"": [450.03, 327.524, 460.796, 341.036]}, {""candidate_id"": ""C5"", ""bbox_xyxy"": [489.451, 315.267, 537.349, 363.503]}, {""candidate_id"": ""C6"", ""bbox_xyxy"": [504.249, 331.34, 580.144, 388.655]}, {""candidate_id"": ""C7"", ""bbox_xyxy"": [585.147, 325.938, 835.258, 438.382]}]",data/object_detections/2026_02_21_17_36_02_2eaa363b/masks/FL/2026_02_21_17_36_02_2eaa363b_f000209_fl_car_002.png,urban,day,overcast
P0283,data/camera_splits/2026_02_21_17_36_02_2eaa363b/FL/fl_000243.jpg,data/camera_splits/2026_02_21_17_36_02_2eaa363b/RL/rl_000369.jpg,"[146.184, 343.63, 322.372, 450.515]","[{""candidate_id"": ""C1"", ""bbox_xyxy"": [0.0, 310.297, 177.142, 405.481]}, {""candidate_id"": ""C2"", ""bbox_xyxy"": [223.913, 323.723, 293.149, 365.056]}, {""candidate_id"": ""C3"", ""bbox_xyxy"": [332.012, 329.859, 371.398, 357.071]}, {""candidate_id"": ""C4"", ""bbox_xyxy"": [381.632, 331.845, 393.935, 343.591]}, {""candidate_id"": ""C5"", ""bbox_xyxy"": [408.675, 321.331, 467.751, 371.664]}, {""candidate_id"": ""C6"", ""bbox_xyxy"": [687.668, 328.262, 742.931, 348.599]}, {""candidate_id"": ""C7"", ""bbox_xyxy"": [850.453, 322.07, 955.437, 363.121]}]",data/object_detections/2026_02_21_17_36_02_2eaa363b/masks/FL/2026_02_21_17_36_02_2eaa363b_f000243_fl_car_004.png,urban,day,overcast
P0284,data/camera_splits/2026_02_21_17_36_02_2eaa363b/FL/fl_000294.jpg,data/camera_splits/2026_02_21_17_36_02_2eaa363b/RL/rl_000385.jpg,"[424.031, 334.957, 579.331, 447.907]","[{""candidate_id"": ""C1"", ""bbox_xyxy"": [0.0, 309.692, 5.592, 345.642]}, {""candidate_id"": ""C2"", ""bbox_xyxy"": [11.412, 307.62, 33.197, 347.817]}, {""candidate_id"": ""C3"", ""bbox_xyxy"": [170.061, 310.225, 294.252, 390.79]}, {""candidate_id"": ""C4"", ""bbox_xyxy"": [296.853, 319.042, 325.296, 339.504]}, {""candidate_id"": ""C5"", ""bbox_xyxy"": [342.874, 320.688, 365.399, 337.142]}, {""candidate_id"": ""C6"", ""bbox_xyxy"": [363.148, 319.887, 395.719, 345.831]}, {""candidate_id"": ""C7"", ""bbox_xyxy"": [532.72, 319.72, 689.645, 383.1]}]",data/object_detections/2026_02_21_17_36_02_2eaa363b/masks/FL/2026_02_21_17_36_02_2eaa363b_f000294_fl_car_003.png,urban,day,overcast
P0285,data/camera_splits/2026_02_21_17_36_02_2eaa363b/FL/fl_000306.jpg,data/camera_splits/2026_02_21_17_36_02_2eaa363b/RL/rl_000369.jpg,"[619.004, 328.178, 924.762, 471.891]","[{""candidate_id"": ""C1"", ""bbox_xyxy"": [0.0, 310.297, 177.142, 405.481]}, {""candidate_id"": ""C2"", ""bbox_xyxy"": [223.913, 323.723, 293.149, 365.056]}, {""candidate_id"": ""C3"", ""bbox_xyxy"": [332.012, 329.859, 371.398, 357.071]}, {""candidate_id"": ""C4"", ""bbox_xyxy"": [381.632, 331.845, 393.935, 343.591]}, {""candidate_id"": ""C5"", ""bbox_xyxy"": [408.675, 321.331, 467.751, 371.664]}, {""candidate_id"": ""C6"", ""bbox_xyxy"": [687.668, 328.262, 742.931, 348.599]}, {""candidate_id"": ""C7"", ""bbox_xyxy"": [850.453, 322.07, 955.437, 363.121]}]",data/object_detections/2026_02_21_17_36_02_2eaa363b/masks/FL/2026_02_21_17_36_02_2eaa363b_f000306_fl_car_006.png,urban,day,overcast
P0286,data/camera_splits/2026_02_21_17_36_02_2eaa363b/FL/fl_000306.jpg,data/camera_splits/2026_02_21_17_36_02_2eaa363b/RL/rl_000376.jpg,"[619.004, 328.178, 924.762, 471.891]","[{""candidate_id"": ""C1"", ""bbox_xyxy"": [0.0, 274.532, 124.284, 417.689]}, {""candidate_id"": ""C2"", ""bbox_xyxy"": [113.111, 310.149, 207.991, 367.852]}, {""candidate_id"": ""C3"", ""bbox_xyxy"": [212.82, 315.88, 270.355, 347.302]}, {""candidate_id"": ""C4"", ""bbox_xyxy"": [298.645, 320.467, 332.85, 344.151]}, {""candidate_id"": ""C5"", ""bbox_xyxy"": [339.218, 322.873, 351.038, 334.367]}, {""candidate_id"": ""C6"", ""bbox_xyxy"": [368.935, 316.016, 413.472, 351.595]}, {""candidate_id"": ""C7"", ""bbox_xyxy"": [593.716, 321.905, 627.145, 337.253]}, {""candidate_id"": ""C8"", ""bbox_xyxy"": [593.756, 321.828, 627.071, 337.24]}, {""candidate_id"": ""C9"", ""bbox_xyxy"": [666.731, 300.749, 757.551, 349.992]}, {""candidate_id"": ""C10"", ""bbox_xyxy"": [767.193, 300.254, 788.927, 372.165]}, {""candidate_id"": ""C11"", ""bbox_xyxy"": [796.452, 320.505, 822.513, 332.865]}]",data/object_detections/2026_02_21_17_36_02_2eaa363b/masks/FL/2026_02_21_17_36_02_2eaa363b_f000306_fl_car_006.png,urban,day,overcast
P0287,data/camera_splits/2026_02_21_17_36_02_2eaa363b/FL/fl_000320.jpg,data/camera_splits/2026_02_21_17_36_02_2eaa363b/RL/rl_000376.jpg,"[636.419, 324.214, 959.326, 469.865]","[{""candidate_id"": ""C1"", ""bbox_xyxy"": [0.0, 274.532, 124.284, 417.689]}, {""candidate_id"": ""C2"", ""bbox_xyxy"": [113.111, 310.149, 207.991, 367.852]}, {""candidate_id"": ""C3"", ""bbox_xyxy"": [212.82, 315.88, 270.355, 347.302]}, {""candidate_id"": ""C4"", ""bbox_xyxy"": [298.645, 320.467, 332.85, 344.151]}, {""candidate_id"": ""C5"", ""bbox_xyxy"": [339.218, 322.873, 351.038, 334.367]}, {""candidate_id"": ""C6"", ""bbox_xyxy"": [368.935, 316.016, 413.472, 351.595]}, {""candidate_id"": ""C7"", ""bbox_xyxy"": [593.716, 321.905, 627.145, 337.253]}, {""candidate_id"": ""C8"", ""bbox_xyxy"": [593.756, 321.828, 627.071, 337.24]}, {""candidate_id"": ""C9"", ""bbox_xyxy"": [666.731, 300.749, 757.551, 349.992]}, {""candidate_id"": ""C10"", ""bbox_xyxy"": [767.193, 300.254, 788.927, 372.165]}, {""candidate_id"": ""C11"", ""bbox_xyxy"": [796.452, 320.505, 822.513, 332.865]}]",data/object_detections/2026_02_21_17_36_02_2eaa363b/masks/FL/2026_02_21_17_36_02_2eaa363b_f000320_fl_car_005.png,urban,day,overcast
P0288,data/camera_splits/2026_02_21_17_36_02_2eaa363b/FL/fl_000341.jpg,data/camera_splits/2026_02_21_17_36_02_2eaa363b/RL/rl_000386.jpg,"[369.418, 367.923, 408.204, 389.102]","[{""candidate_id"": ""C1"", ""bbox_xyxy"": [0.0, 304.84, 7.872, 343.1]}, {""candidate_id"": ""C2"", ""bbox_xyxy"": [2.58, 304.19, 21.575, 342.202]}, {""candidate_id"": ""C3"", ""bbox_xyxy"": [43.742, 308.557, 62.863, 346.028]}, {""candidate_id"": ""C4"", ""bbox_xyxy"": [198.113, 311.54, 304.819, 384.929]}, {""candidate_id"": ""C5"", ""bbox_xyxy"": [301.834, 318.931, 329.775, 339.194]}, {""candidate_id"": ""C6"", ""bbox_xyxy"": [366.975, 320.447, 397.929, 346.308]}, {""candidate_id"": ""C7"", ""bbox_xyxy"": [511.67, 313.591, 562.232, 343.474]}, {""candidate_id"": ""C8"", ""bbox_xyxy"": [518.27, 321.253, 656.106, 377.161]}]",data/object_detections/2026_02_21_17_36_02_2eaa363b/masks/FL/2026_02_21_17_36_02_2eaa363b_f000341_fl_car_003.png,urban,day,overcast
P0289,data/camera_splits/2026_02_21_17_36_02_2eaa363b/FL/fl_000353.jpg,data/camera_splits/2026_02_21_17_36_02_2eaa363b/RL/rl_000386.jpg,"[573.797, 347.961, 731.8, 459.247]","[{""candidate_id"": ""C1"", ""bbox_xyxy"": [0.0, 304.84, 7.872, 343.1]}, {""candidate_id"": ""C2"", ""bbox_xyxy"": [2.58, 304.19, 21.575, 342.202]}, {""candidate_id"": ""C3"", ""bbox_xyxy"": [43.742, 308.557, 62.863, 346.028]}, {""candidate_id"": ""C4"", ""bbox_xyxy"": [198.113, 311.54, 304.819, 384.929]}, {""candidate_id"": ""C5"", ""bbox_xyxy"": [301.834, 318.931, 329.775, 339.194]}, {""candidate_id"": ""C6"", ""bbox_xyxy"": [366.975, 320.447, 397.929, 346.308]}, {""candidate_id"": ""C7"", ""bbox_xyxy"": [511.67, 313.591, 562.232, 343.474]}, {""candidate_id"": ""C8"", ""bbox_xyxy"": [518.27, 321.253, 656.106, 377.161]}]",data/object_detections/2026_02_21_17_36_02_2eaa363b/masks/FL/2026_02_21_17_36_02_2eaa363b_f000353_fl_car_004.png,urban,day,overcast
P0290,data/camera_splits/2026_02_21_17_36_02_2eaa363b/FL/fl_000371.jpg,data/camera_splits/2026_02_21_17_36_02_2eaa363b/RL/rl_000382.jpg,"[12.157, 311.238, 210.377, 425.068]","[{""candidate_id"": ""C1"", ""bbox_xyxy"": [51.583, 304.016, 257.591, 413.506]}, {""candidate_id"": ""C2"", ""bbox_xyxy"": [243.913, 314.044, 263.669, 338.405]}, {""candidate_id"": ""C3"", ""bbox_xyxy"": [291.871, 318.009, 321.867, 339.528]}, {""candidate_id"": ""C4"", ""bbox_xyxy"": [320.888, 319.85, 331.598, 330.562]}, {""candidate_id"": ""C5"", ""bbox_xyxy"": [360.547, 317.164, 396.581, 346.015]}, {""candidate_id"": ""C6"", ""bbox_xyxy"": [586.875, 314.976, 596.649, 352.941]}, {""candidate_id"": ""C7"", ""bbox_xyxy"": [616.032, 310.038, 894.462, 413.809]}]",data/object_detections/2026_02_21_17_36_02_2eaa363b/masks/FL/2026_02_21_17_36_02_2eaa363b_f000371_fl_car_002.png,urban,day,overcast
P0291,data/camera_splits/2026_02_25_16_23_40_5edb2c66/FL/fl_000086.jpg,data/camera_splits/2026_02_25_16_23_40_5edb2c66/RL/rl_000144.jpg,"[608.941, 339.468, 781.307, 429.491]","[{""candidate_id"": ""C1"", ""bbox_xyxy"": [88.182, 298.798, 258.885, 387.99]}, {""candidate_id"": ""C2"", ""bbox_xyxy"": [242.127, 314.721, 278.613, 355.666]}, {""candidate_id"": ""C3"", ""bbox_xyxy"": [282.303, 318.929, 330.005, 349.029]}, {""candidate_id"": ""C4"", ""bbox_xyxy"": [341.007, 311.207, 465.805, 413.231]}, {""candidate_id"": ""C5"", ""bbox_xyxy"": [482.953, 327.017, 532.122, 363.604]}, {""candidate_id"": ""C6"", ""bbox_xyxy"": [546.992, 323.402, 561.024, 369.625]}, {""candidate_id"": ""C7"", ""bbox_xyxy"": [570.275, 337.197, 693.919, 375.425]}, {""candidate_id"": ""C8"", ""bbox_xyxy"": [704.55, 308.857, 801.917, 382.406]}, {""candidate_id"": ""C9"", ""bbox_xyxy"": [760.768, 346.3, 911.204, 443.127]}, {""candidate_id"": ""C10"", ""bbox_xyxy"": [791.782, 312.328, 852.673, 420.625]}, {""candidate_id"": ""C11"", ""bbox_xyxy"": [899.957, 296.478, 960.0, 416.203]}]",data/object_detections/2026_02_25_16_23_40_5edb2c66/masks/FL/2026_02_25_16_23_40_5edb2c66_f000086_fl_car_002.png,urban,day,clear
P0292,data/camera_splits/2026_02_25_16_23_40_5edb2c66/FL/fl_000102.jpg,data/camera_splits/2026_02_25_16_23_40_5edb2c66/RL/rl_000162.jpg,"[565.553, 351.695, 656.107, 406.346]","[{""candidate_id"": ""C1"", ""bbox_xyxy"": [77.81, 304.395, 262.815, 398.22]}, {""candidate_id"": ""C2"", ""bbox_xyxy"": [245.804, 313.981, 312.487, 363.088]}, {""candidate_id"": ""C3"", ""bbox_xyxy"": [308.939, 322.291, 342.831, 347.127]}, {""candidate_id"": ""C4"", ""bbox_xyxy"": [343.426, 314.309, 462.023, 412.763]}, {""candidate_id"": ""C5"", ""bbox_xyxy"": [468.711, 329.429, 507.137, 358.601]}, {""candidate_id"": ""C6"", ""bbox_xyxy"": [521.199, 323.764, 535.005, 359.304]}, {""candidate_id"": ""C7"", ""bbox_xyxy"": [541.071, 333.064, 573.514, 378.617]}, {""candidate_id"": ""C8"", ""bbox_xyxy"": [541.583, 342.41, 566.953, 378.646]}, {""candidate_id"": ""C9"", ""bbox_xyxy"": [637.006, 313.838, 700.123, 370.147]}, {""candidate_id"": ""C10"", ""bbox_xyxy"": [735.655, 308.895, 854.596, 393.721]}, {""candidate_id"": ""C11"", ""bbox_xyxy"": [841.411, 345.856, 862.446, 402.869]}]",data/object_detections/2026_02_25_16_23_40_5edb2c66/masks/FL/2026_02_25_16_23_40_5edb2c66_f000102_fl_car_006.png,urban,day,clear
P0293,data/camera_splits/2026_02_25_16_23_40_5edb2c66/FL/fl_000171.jpg,data/camera_splits/2026_02_25_16_23_40_5edb2c66/RL/rl_000222.jpg,"[391.76, 341.839, 470.63, 396.0]","[{""candidate_id"": ""C1"", ""bbox_xyxy"": [0.03, 188.888, 197.524, 415.347]}, {""candidate_id"": ""C2"", ""bbox_xyxy"": [239.037, 312.17, 330.627, 373.911]}, {""candidate_id"": ""C3"", ""bbox_xyxy"": [383.893, 316.222, 499.67, 411.011]}, {""candidate_id"": ""C4"", ""bbox_xyxy"": [516.35, 290.179, 687.31, 419.374]}, {""candidate_id"": ""C5"", ""bbox_xyxy"": [695.816, 344.623, 765.183, 389.69]}, {""candidate_id"": ""C6"", ""bbox_xyxy"": [775.412, 344.441, 959.925, 448.018]}]",data/object_detections/2026_02_25_16_23_40_5edb2c66/masks/FL/2026_02_25_16_23_40_5edb2c66_f000171_fl_delivery_van_010.png,suburban,day,clear
P0294,data/camera_splits/2026_02_25_16_23_40_5edb2c66/FL/fl_000198.jpg,data/camera_splits/2026_02_25_16_23_40_5edb2c66/RL/rl_000222.jpg,"[0.072, 250.449, 255.559, 484.168]","[{""candidate_id"": ""C1"", ""bbox_xyxy"": [0.03, 188.888, 197.524, 415.347]}, {""candidate_id"": ""C2"", ""bbox_xyxy"": [239.037, 312.17, 330.627, 373.911]}, {""candidate_id"": ""C3"", ""bbox_xyxy"": [383.893, 316.222, 499.67, 411.011]}, {""candidate_id"": ""C4"", ""bbox_xyxy"": [516.35, 290.179, 687.31, 419.374]}, {""candidate_id"": ""C5"", ""bbox_xyxy"": [695.816, 344.623, 765.183, 389.69]}, {""candidate_id"": ""C6"", ""bbox_xyxy"": [775.412, 344.441, 959.925, 448.018]}]",data/object_detections/2026_02_25_16_23_40_5edb2c66/masks/FL/2026_02_25_16_23_40_5edb2c66_f000198_fl_delivery_van_006.png,urban,day,clear
P0295,data/camera_splits/2026_02_25_16_23_40_5edb2c66/FL/fl_000242.jpg,data/camera_splits/2026_02_25_16_23_40_5edb2c66/RL/rl_000291.jpg,"[51.526, 335.877, 173.166, 423.295]","[{""candidate_id"": ""C1"", ""bbox_xyxy"": [66.848, 302.919, 265.94, 401.775]}, {""candidate_id"": ""C2"", ""bbox_xyxy"": [243.654, 316.831, 303.026, 364.03]}, {""candidate_id"": ""C3"", ""bbox_xyxy"": [311.183, 323.043, 356.503, 353.607]}, {""candidate_id"": ""C4"", ""bbox_xyxy"": [343.934, 314.837, 455.79, 402.74]}, {""candidate_id"": ""C5"", ""bbox_xyxy"": [443.353, 330.3, 459.418, 349.132]}, {""candidate_id"": ""C6"", ""bbox_xyxy"": [476.655, 333.648, 504.823, 351.065]}, {""candidate_id"": ""C7"", ""bbox_xyxy"": [483.448, 329.819, 493.961, 365.042]}, {""candidate_id"": ""C8"", ""bbox_xyxy"": [504.904, 329.165, 517.302, 366.639]}, {""candidate_id"": ""C9"", ""bbox_xyxy"": [617.544, 314.204, 672.465, 372.969]}, {""candidate_id"": ""C10"", ""bbox_xyxy"": [729.879, 321.797, 959.68, 434.565]}, {""candidate_id"": ""C11"", ""bbox_xyxy"": [887.932, 291.621, 948.628, 446.584]}, {""candidate_id"": ""C12"", ""bbox_xyxy"": [891.639, 310.505, 948.442, 445.75]}]",data/object_detections/2026_02_25_16_23_40_5edb2c66/masks/FL/2026_02_25_16_23_40_5edb2c66_f000242_fl_delivery_van_007.png,urban,day,clear
P0296,data/camera_splits/2026_02_25_16_23_40_5edb2c66/FL/fl_000273.jpg,data/camera_splits/2026_02_25_16_23_40_5edb2c66/RL/rl_000312.jpg,"[569.925, 342.796, 632.125, 402.538]","[{""candidate_id"": ""C1"", ""bbox_xyxy"": [0.0, 290.856, 167.539, 413.746]}, {""candidate_id"": ""C2"", ""bbox_xyxy"": [206.614, 304.654, 287.599, 377.843]}, {""candidate_id"": ""C3"", ""bbox_xyxy"": [284.635, 322.339, 329.472, 359.083]}, {""candidate_id"": ""C4"", ""bbox_xyxy"": [329.669, 325.337, 356.882, 349.2]}, {""candidate_id"": ""C5"", ""bbox_xyxy"": [336.754, 316.815, 454.66, 411.377]}, {""candidate_id"": ""C6"", ""bbox_xyxy"": [457.192, 330.094, 465.925, 357.934]}, {""candidate_id"": ""C7"", ""bbox_xyxy"": [470.631, 333.804, 478.922, 358.669]}, {""candidate_id"": ""C8"", ""bbox_xyxy"": [480.168, 325.519, 515.814, 354.397]}, {""candidate_id"": ""C9"", ""bbox_xyxy"": [545.927, 323.424, 576.702, 362.29]}, {""candidate_id"": ""C10"", ""bbox_xyxy"": [575.252, 326.689, 703.374, 382.34]}]",data/object_detections/2026_02_25_16_23_40_5edb2c66/masks/FL/2026_02_25_16_23_40_5edb2c66_f000273_fl_ambulance_003.png,urban,day,clear
P0297,data/camera_splits/2026_02_25_16_23_40_5edb2c66/FL/fl_000287.jpg,data/camera_splits/2026_02_25_16_23_40_5edb2c66/RL/rl_000326.jpg,"[612.455, 347.513, 759.961, 419.447]","[{""candidate_id"": ""C1"", ""bbox_xyxy"": [0.0, 299.32, 127.934, 413.505]}, {""candidate_id"": ""C2"", ""bbox_xyxy"": [151.644, 315.163, 276.531, 377.945]}, {""candidate_id"": ""C3"", ""bbox_xyxy"": [313.898, 311.853, 472.855, 411.547]}, {""candidate_id"": ""C4"", ""bbox_xyxy"": [453.458, 334.236, 468.506, 354.495]}, {""candidate_id"": ""C5"", ""bbox_xyxy"": [524.212, 325.793, 640.03, 372.643]}, {""candidate_id"": ""C6"", ""bbox_xyxy"": [587.08, 332.472, 604.785, 385.613]}, {""candidate_id"": ""C7"", ""bbox_xyxy"": [848.164, 342.53, 886.789, 420.147]}]",data/object_detections/2026_02_25_16_23_40_5edb2c66/masks/FL/2026_02_25_16_23_40_5edb2c66_f000287_fl_car_002.png,urban,day,clear
P0298,data/camera_splits/2026_02_25_16_23_40_5edb2c66/FL/fl_000300.jpg,data/camera_splits/2026_02_25_16_23_40_5edb2c66/RL/rl_000337.jpg,"[578.071, 352.441, 685.499, 416.047]","[{""candidate_id"": ""C1"", ""bbox_xyxy"": [42.926, 307.806, 246.538, 408.13]}, {""candidate_id"": ""C2"", ""bbox_xyxy"": [226.014, 319.377, 295.968, 366.943]}, {""candidate_id"": ""C3"", ""bbox_xyxy"": [291.447, 317.749, 327.108, 355.932]}, {""candidate_id"": ""C4"", ""bbox_xyxy"": [292.257, 306.841, 506.528, 417.408]}, {""candidate_id"": ""C5"", ""bbox_xyxy"": [323.125, 324.942, 334.428, 347.449]}, {""candidate_id"": ""C6"", ""bbox_xyxy"": [517.388, 327.074, 586.251, 367.937]}, {""candidate_id"": ""C7"", ""bbox_xyxy"": [587.723, 334.42, 604.327, 383.995]}, {""candidate_id"": ""C8"", ""bbox_xyxy"": [761.592, 369.515, 781.513, 418.751]}, {""candidate_id"": ""C9"", ""bbox_xyxy"": [782.353, 348.399, 808.873, 425.711]}, {""candidate_id"": ""C10"", ""bbox_xyxy"": [833.813, 348.686, 865.295, 430.708]}]",data/object_detections/2026_02_25_16_23_40_5edb2c66/masks/FL/2026_02_25_16_23_40_5edb2c66_f000300_fl_car_001.png,urban,day,clear
P0299,data/camera_splits/2026_02_25_16_23_40_5edb2c66/FL/fl_000524.jpg,data/camera_splits/2026_02_25_16_23_40_5edb2c66/RL/rl_000645.jpg,"[0.0, 372.336, 121.338, 428.996]","[{""candidate_id"": ""C1"", ""bbox_xyxy"": [0.0, 193.518, 196.57, 414.82]}, {""candidate_id"": ""C2"", ""bbox_xyxy"": [195.752, 296.212, 294.318, 378.189]}, {""candidate_id"": ""C3"", ""bbox_xyxy"": [340.703, 317.223, 453.903, 411.008]}, {""candidate_id"": ""C4"", ""bbox_xyxy"": [507.333, 336.291, 514.385, 353.656]}, {""candidate_id"": ""C5"", ""bbox_xyxy"": [557.412, 330.614, 581.305, 393.969]}, {""candidate_id"": ""C6"", ""bbox_xyxy"": [590.569, 345.574, 615.887, 365.15]}, {""candidate_id"": ""C7"", ""bbox_xyxy"": [689.982, 350.027, 706.971, 386.925]}, {""candidate_id"": ""C8"", ""bbox_xyxy"": [713.342, 361.457, 889.697, 415.894]}]",data/object_detections/2026_02_25_16_23_40_5edb2c66/masks/FL/2026_02_25_16_23_40_5edb2c66_f000524_fl_car_001.png,urban,day,clear
P0300,data/camera_splits/2026_02_25_16_23_40_5edb2c66/FL/fl_000571.jpg,data/camera_splits/2026_02_25_16_23_40_5edb2c66/RL/rl_000591.jpg,"[659.443, 287.891, 960.0, 479.056]","[{""candidate_id"": ""C1"", ""bbox_xyxy"": [0.018, 286.748, 202.591, 414.139]}, {""candidate_id"": ""C2"", ""bbox_xyxy"": [196.089, 303.89, 296.063, 371.171]}, {""candidate_id"": ""C3"", ""bbox_xyxy"": [289.551, 313.737, 332.642, 350.474]}, {""candidate_id"": ""C4"", ""bbox_xyxy"": [307.971, 311.343, 447.111, 411.774]}, {""candidate_id"": ""C5"", ""bbox_xyxy"": [577.563, 338.551, 584.869, 363.716]}, {""candidate_id"": ""C6"", ""bbox_xyxy"": [605.159, 339.314, 619.089, 382.134]}, {""candidate_id"": ""C7"", ""bbox_xyxy"": [760.369, 324.017, 814.476, 437.305]}, {""candidate_id"": ""C8"", ""bbox_xyxy"": [842.944, 349.71, 869.79, 422.815]}]",data/object_detections/2026_02_25_16_23_40_5edb2c66/masks/FL/2026_02_25_16_23_40_5edb2c66_f000571_fl_car_005.png,urban,day,clear
P0301,data/camera_splits/2026_02_25_16_23_40_5edb2c66/FL/fl_000592.jpg,data/camera_splits/2026_02_25_16_23_40_5edb2c66/RL/rl_000646.jpg,"[647.655, 311.223, 955.338, 470.952]","[{""candidate_id"": ""C1"", ""bbox_xyxy"": [0.073, 203.898, 210.514, 413.154]}, {""candidate_id"": ""C2"", ""bbox_xyxy"": [208.751, 297.942, 297.28, 376.054]}, {""candidate_id"": ""C3"", ""bbox_xyxy"": [341.544, 317.046, 453.51, 409.982]}, {""candidate_id"": ""C4"", ""bbox_xyxy"": [557.154, 331.966, 578.785, 392.414]}, {""candidate_id"": ""C5"", ""bbox_xyxy"": [688.001, 349.4, 704.805, 385.792]}, {""candidate_id"": ""C6"", ""bbox_xyxy"": [707.828, 360.837, 878.675, 413.371]}]",data/object_detections/2026_02_25_16_23_40_5edb2c66/masks/FL/2026_02_25_16_23_40_5edb2c66_f000592_fl_car_002.png,urban,day,clear
P0302,data/camera_splits/2026_02_25_16_23_40_5edb2c66/FL/fl_000755.jpg,data/camera_splits/2026_02_25_16_23_40_5edb2c66/RL/rl_000796.jpg,"[630.83, 343.977, 787.312, 450.33]","[{""candidate_id"": ""C1"", ""bbox_xyxy"": [0.008, 155.186, 207.845, 414.346]}, {""candidate_id"": ""C2"", ""bbox_xyxy"": [206.372, 310.394, 278.433, 385.867]}, {""candidate_id"": ""C3"", ""bbox_xyxy"": [275.019, 320.118, 330.699, 361.662]}, {""candidate_id"": ""C4"", ""bbox_xyxy"": [365.677, 320.423, 439.166, 381.15]}]",data/object_detections/2026_02_25_16_23_40_5edb2c66/masks/FL/2026_02_25_16_23_40_5edb2c66_f000755_fl_car_001.png,urban,day,clear
P0303,data/camera_splits/2026_02_25_16_23_40_5edb2c66/FL/fl_000755.jpg,data/camera_splits/2026_02_25_16_23_40_5edb2c66/RL/rl_000796.jpg,"[571.937, 323.28, 672.577, 416.758]","[{""candidate_id"": ""C1"", ""bbox_xyxy"": [0.008, 155.186, 207.845, 414.346]}, {""candidate_id"": ""C2"", ""bbox_xyxy"": [206.372, 310.394, 278.433, 385.867]}, {""candidate_id"": ""C3"", ""bbox_xyxy"": [275.019, 320.118, 330.699, 361.662]}, {""candidate_id"": ""C4"", ""bbox_xyxy"": [365.677, 320.423, 439.166, 381.15]}]",data/object_detections/2026_02_25_16_23_40_5edb2c66/masks/FL/2026_02_25_16_23_40_5edb2c66_f000755_fl_delivery_van_003.png,urban,day,clear
P0304,data/camera_splits/2026_02_25_16_23_40_5edb2c66/FL/fl_000773.jpg,data/camera_splits/2026_02_25_16_23_40_5edb2c66/RL/rl_000824.jpg,"[574.569, 333.528, 712.149, 423.724]","[{""candidate_id"": ""C1"", ""bbox_xyxy"": [0.0, 249.887, 178.527, 414.363]}, {""candidate_id"": ""C2"", ""bbox_xyxy"": [187.124, 308.66, 313.646, 386.37]}, {""candidate_id"": ""C3"", ""bbox_xyxy"": [260.301, 295.669, 336.62, 362.592]}, {""candidate_id"": ""C4"", ""bbox_xyxy"": [340.157, 327.229, 351.572, 355.675]}, {""candidate_id"": ""C5"", ""bbox_xyxy"": [374.737, 320.843, 466.792, 397.304]}]",data/object_detections/2026_02_25_16_23_40_5edb2c66/masks/FL/2026_02_25_16_23_40_5edb2c66_f000773_fl_car_003.png,urban,day,clear
P0305,data/camera_splits/2026_02_25_16_23_40_5edb2c66/FL/fl_000784.jpg,data/camera_splits/2026_02_25_16_23_40_5edb2c66/RL/rl_000833.jpg,"[573.456, 342.853, 657.841, 410.286]","[{""candidate_id"": ""C1"", ""bbox_xyxy"": [64.448, 290.449, 263.535, 401.373]}, {""candidate_id"": ""C2"", ""bbox_xyxy"": [256.591, 316.166, 331.624, 372.021]}, {""candidate_id"": ""C3"", ""bbox_xyxy"": [288.327, 304.388, 345.788, 357.034]}, {""candidate_id"": ""C4"", ""bbox_xyxy"": [374.141, 321.288, 458.438, 391.256]}]",data/object_detections/2026_02_25_16_23_40_5edb2c66/masks/FL/2026_02_25_16_23_40_5edb2c66_f000784_fl_car_005.png,urban,day,clear
P0306,data/camera_splits/2026_02_25_16_23_40_5edb2c66/FL/fl_000883.jpg,data/camera_splits/2026_02_25_16_23_40_5edb2c66/RL/rl_000927.jpg,"[562.159, 306.153, 682.161, 393.341]","[{""candidate_id"": ""C1"", ""bbox_xyxy"": [0.018, 193.981, 270.203, 370.607]}, {""candidate_id"": ""C2"", ""bbox_xyxy"": [264.763, 322.354, 291.332, 353.747]}, {""candidate_id"": ""C3"", ""bbox_xyxy"": [299.505, 326.8, 337.649, 354.355]}, {""candidate_id"": ""C4"", ""bbox_xyxy"": [330.844, 322.988, 381.484, 360.291]}, {""candidate_id"": ""C5"", ""bbox_xyxy"": [399.057, 331.012, 424.253, 350.943]}, {""candidate_id"": ""C6"", ""bbox_xyxy"": [877.292, 274.439, 943.851, 445.674]}]",data/object_detections/2026_02_25_16_23_40_5edb2c66/masks/FL/2026_02_25_16_23_40_5edb2c66_f000883_fl_bus_001.png,urban,day,clear
P0307,data/camera_splits/2026_02_25_16_23_40_5edb2c66/FL/fl_001460.jpg,data/camera_splits/2026_02_25_16_23_40_5edb2c66/RL/rl_001509.jpg,"[253.28, 334.193, 333.064, 382.674]","[{""candidate_id"": ""C1"", ""bbox_xyxy"": [8.671, 303.666, 18.077, 327.581]}, {""candidate_id"": ""C2"", ""bbox_xyxy"": [33.11, 311.837, 145.095, 342.807]}, {""candidate_id"": ""C3"", ""bbox_xyxy"": [103.802, 310.073, 270.174, 402.58]}, {""candidate_id"": ""C4"", ""bbox_xyxy"": [268.264, 324.98, 316.258, 367.177]}, {""candidate_id"": ""C5"", ""bbox_xyxy"": [313.754, 329.669, 337.259, 354.546]}, {""candidate_id"": ""C6"", ""bbox_xyxy"": [353.614, 334.297, 377.522, 357.044]}, {""candidate_id"": ""C7"", ""bbox_xyxy"": [367.344, 328.313, 437.128, 388.186]}, {""candidate_id"": ""C8"", ""bbox_xyxy"": [559.111, 343.748, 641.051, 395.159]}, {""candidate_id"": ""C9"", ""bbox_xyxy"": [702.208, 369.114, 823.389, 410.687]}, {""candidate_id"": ""C10"", ""bbox_xyxy"": [802.955, 373.19, 960.0, 444.931]}]",data/object_detections/2026_02_25_16_23_40_5edb2c66/masks/FL/2026_02_25_16_23_40_5edb2c66_f001460_fl_delivery_van_005.png,urban,day,clear
P0308,data/camera_splits/2026_02_25_16_23_40_5edb2c66/FL/fl_001471.jpg,data/camera_splits/2026_02_25_16_23_40_5edb2c66/RL/rl_001514.jpg,"[88.587, 340.946, 224.741, 421.062]","[{""candidate_id"": ""C1"", ""bbox_xyxy"": [30.565, 313.398, 138.416, 342.134]}, {""candidate_id"": ""C2"", ""bbox_xyxy"": [128.701, 311.181, 275.134, 394.253]}, {""candidate_id"": ""C3"", ""bbox_xyxy"": [271.507, 326.541, 315.077, 366.401]}, {""candidate_id"": ""C4"", ""bbox_xyxy"": [352.269, 336.82, 374.825, 357.246]}, {""candidate_id"": ""C5"", ""bbox_xyxy"": [367.449, 328.265, 431.894, 384.218]}, {""candidate_id"": ""C6"", ""bbox_xyxy"": [511.972, 342.413, 574.77, 382.151]}, {""candidate_id"": ""C7"", ""bbox_xyxy"": [623.952, 362.957, 709.115, 392.506]}, {""candidate_id"": ""C8"", ""bbox_xyxy"": [683.189, 364.76, 806.726, 414.264]}]",data/object_detections/2026_02_25_16_23_40_5edb2c66/masks/FL/2026_02_25_16_23_40_5edb2c66_f001471_fl_ambulance_004.png,urban,day,clear
P0309,data/camera_splits/2026_02_25_16_36_23_9c9ad834/FL/fl_000118.jpg,data/camera_splits/2026_02_25_16_36_23_9c9ad834/RL/rl_000195.jpg,"[611.217, 351.294, 713.715, 412.094]","[{""candidate_id"": ""C1"", ""bbox_xyxy"": [0.002, 302.487, 36.48, 413.507]}, {""candidate_id"": ""C2"", ""bbox_xyxy"": [47.02, 307.558, 214.16, 385.985]}, {""candidate_id"": ""C3"", ""bbox_xyxy"": [189.69, 308.427, 270.238, 364.713]}, {""candidate_id"": ""C4"", ""bbox_xyxy"": [267.479, 319.797, 317.741, 353.044]}, {""candidate_id"": ""C5"", ""bbox_xyxy"": [314.25, 321.918, 353.982, 347.116]}, {""candidate_id"": ""C6"", ""bbox_xyxy"": [379.691, 321.648, 444.341, 375.124]}]",data/object_detections/2026_02_25_16_36_23_9c9ad834/masks/FL/2026_02_25_16_36_23_9c9ad834_f000118_fl_car_001.png,suburban,day,clear
P0310,data/camera_splits/2026_02_25_16_36_23_9c9ad834/FL/fl_000118.jpg,data/camera_splits/2026_02_25_16_36_23_9c9ad834/RL/rl_000195.jpg,"[565.663, 347.991, 622.537, 393.796]","[{""candidate_id"": ""C1"", ""bbox_xyxy"": [0.002, 302.487, 36.48, 413.507]}, {""candidate_id"": ""C2"", ""bbox_xyxy"": [47.02, 307.558, 214.16, 385.985]}, {""candidate_id"": ""C3"", ""bbox_xyxy"": [189.69, 308.427, 270.238, 364.713]}, {""candidate_id"": ""C4"", ""bbox_xyxy"": [267.479, 319.797, 317.741, 353.044]}, {""candidate_id"": ""C5"", ""bbox_xyxy"": [314.25, 321.918, 353.982, 347.116]}, {""candidate_id"": ""C6"", ""bbox_xyxy"": [379.691, 321.648, 444.341, 375.124]}]",data/object_detections/2026_02_25_16_36_23_9c9ad834/masks/FL/2026_02_25_16_36_23_9c9ad834_f000118_fl_car_006.png,suburban,day,clear
P0311,data/camera_splits/2026_02_25_16_36_23_9c9ad834/FL/fl_000171.jpg,data/camera_splits/2026_02_25_16_36_23_9c9ad834/RL/rl_000300.jpg,"[670.895, 348.009, 841.306, 430.561]","[{""candidate_id"": ""C1"", ""bbox_xyxy"": [52.153, 289.27, 135.697, 343.359]}, {""candidate_id"": ""C2"", ""bbox_xyxy"": [137.442, 308.656, 247.086, 367.517]}, {""candidate_id"": ""C3"", ""bbox_xyxy"": [239.583, 315.014, 295.765, 352.878]}, {""candidate_id"": ""C4"", ""bbox_xyxy"": [288.765, 317.338, 325.05, 345.784]}, {""candidate_id"": ""C5"", ""bbox_xyxy"": [366.947, 320.475, 394.345, 351.65]}, {""candidate_id"": ""C6"", ""bbox_xyxy"": [382.338, 321.05, 434.427, 363.381]}]",data/object_detections/2026_02_25_16_36_23_9c9ad834/masks/FL/2026_02_25_16_36_23_9c9ad834_f000171_fl_car_002.png,suburban,day,clear
P0312,data/camera_splits/2026_02_25_16_36_23_9c9ad834/FL/fl_000678.jpg,data/camera_splits/2026_02_25_16_36_23_9c9ad834/RL/rl_000707.jpg,"[526.092, 349.801, 600.645, 402.324]","[{""candidate_id"": ""C1"", ""bbox_xyxy"": [111.174, 305.436, 277.402, 396.152]}, {""candidate_id"": ""C2"", ""bbox_xyxy"": [344.03, 319.525, 382.357, 346.236]}, {""candidate_id"": ""C3"", ""bbox_xyxy"": [399.614, 324.011, 439.684, 357.444]}]",data/object_detections/2026_02_25_16_36_23_9c9ad834/masks/FL/2026_02_25_16_36_23_9c9ad834_f000678_fl_car_003.png,suburban,day,clear
P0313,data/camera_splits/2026_02_25_16_36_23_9c9ad834/FL/fl_000690.jpg,data/camera_splits/2026_02_25_16_36_23_9c9ad834/RL/rl_000707.jpg,"[535.963, 356.13, 603.653, 400.888]","[{""candidate_id"": ""C1"", ""bbox_xyxy"": [111.174, 305.436, 277.402, 396.152]}, {""candidate_id"": ""C2"", ""bbox_xyxy"": [344.03, 319.525, 382.357, 346.236]}, {""candidate_id"": ""C3"", ""bbox_xyxy"": [399.614, 324.011, 439.684, 357.444]}]",data/object_detections/2026_02_25_16_36_23_9c9ad834/masks/FL/2026_02_25_16_36_23_9c9ad834_f000690_fl_car_002.png,suburban,day,clear
P0314,data/camera_splits/2026_02_25_16_36_23_9c9ad834/FL/fl_000690.jpg,data/camera_splits/2026_02_25_16_36_23_9c9ad834/RL/rl_000712.jpg,"[535.963, 356.13, 603.653, 400.888]","[{""candidate_id"": ""C1"", ""bbox_xyxy"": [272.953, 317.971, 340.62, 360.832]}, {""candidate_id"": ""C2"", ""bbox_xyxy"": [368.349, 321.001, 397.135, 342.65]}, {""candidate_id"": ""C3"", ""bbox_xyxy"": [399.45, 324.193, 440.043, 357.514]}]",data/object_detections/2026_02_25_16_36_23_9c9ad834/masks/FL/2026_02_25_16_36_23_9c9ad834_f000690_fl_car_002.png,suburban,day,clear
P0315,data/camera_splits/2026_02_25_16_36_23_9c9ad834/FL/fl_000822.jpg,data/camera_splits/2026_02_25_16_36_23_9c9ad834/RL/rl_000903.jpg,"[575.884, 353.123, 676.711, 411.974]","[{""candidate_id"": ""C1"", ""bbox_xyxy"": [175.101, 310.772, 269.618, 361.414]}, {""candidate_id"": ""C2"", ""bbox_xyxy"": [353.643, 321.063, 395.486, 354.763]}, {""candidate_id"": ""C3"", ""bbox_xyxy"": [385.144, 310.033, 584.238, 425.094]}]",data/object_detections/2026_02_25_16_36_23_9c9ad834/masks/FL/2026_02_25_16_36_23_9c9ad834_f000822_fl_car_002.png,suburban,day,clear
P0316,data/camera_splits/2026_02_25_16_36_23_9c9ad834/FL/fl_001005.jpg,data/camera_splits/2026_02_25_16_36_23_9c9ad834/RL/rl_001036.jpg,"[680.496, 359.951, 731.828, 388.631]","[{""candidate_id"": ""C1"", ""bbox_xyxy"": [27.599, 307.051, 238.236, 378.702]}, {""candidate_id"": ""C2"", ""bbox_xyxy"": [324.594, 314.798, 449.043, 392.019]}, {""candidate_id"": ""C3"", ""bbox_xyxy"": [448.015, 324.385, 498.316, 362.739]}]",data/object_detections/2026_02_25_16_36_23_9c9ad834/masks/FL/2026_02_25_16_36_23_9c9ad834_f001005_fl_car_001.png,suburban,day,clear
P0317,data/camera_splits/2026_02_25_16_36_23_9c9ad834/FL/fl_001005.jpg,data/camera_splits/2026_02_25_16_36_23_9c9ad834/RL/rl_001087.jpg,"[495.348, 345.223, 655.995, 445.398]","[{""candidate_id"": ""C1"", ""bbox_xyxy"": [0.0, 256.363, 164.818, 415.341]}, {""candidate_id"": ""C2"", ""bbox_xyxy"": [152.105, 314.07, 232.131, 370.584]}, {""candidate_id"": ""C3"", ""bbox_xyxy"": [208.916, 322.607, 324.133, 382.256]}, {""candidate_id"": ""C4"", ""bbox_xyxy"": [340.874, 330.185, 394.151, 361.285]}, {""candidate_id"": ""C5"", ""bbox_xyxy"": [400.641, 333.285, 440.271, 356.211]}, {""candidate_id"": ""C6"", ""bbox_xyxy"": [440.731, 338.262, 466.249, 354.132]}, {""candidate_id"": ""C7"", ""bbox_xyxy"": [472.151, 339.593, 494.939, 354.301]}]",data/object_detections/2026_02_25_16_36_23_9c9ad834/masks/FL/2026_02_25_16_36_23_9c9ad834_f001005_fl_car_003.png,suburban,day,clear
P0318,data/camera_splits/2026_02_25_16_36_23_9c9ad834/FL/fl_001026.jpg,data/camera_splits/2026_02_25_16_36_23_9c9ad834/RL/rl_001113.jpg,"[683.679, 325.792, 960.0, 484.644]","[{""candidate_id"": ""C1"", ""bbox_xyxy"": [0.0, 265.69, 202.195, 414.828]}, {""candidate_id"": ""C2"", ""bbox_xyxy"": [222.391, 321.342, 328.415, 377.438]}, {""candidate_id"": ""C3"", ""bbox_xyxy"": [329.824, 327.839, 380.389, 358.969]}, {""candidate_id"": ""C4"", ""bbox_xyxy"": [381.999, 330.571, 424.076, 354.414]}, {""candidate_id"": ""C5"", ""bbox_xyxy"": [426.02, 335.985, 453.667, 352.626]}, {""candidate_id"": ""C6"", ""bbox_xyxy"": [460.219, 338.04, 482.955, 352.709]}, {""candidate_id"": ""C7"", ""bbox_xyxy"": [490.718, 340.928, 508.192, 353.334]}]",data/object_detections/2026_02_25_16_36_23_9c9ad834/masks/FL/2026_02_25_16_36_23_9c9ad834_f001026_fl_car_001.png,suburban,day,clear
P0319,data/camera_splits/2026_02_25_16_36_23_9c9ad834/FL/fl_001026.jpg,data/camera_splits/2026_02_25_16_36_23_9c9ad834/RL/rl_001194.jpg,"[571.765, 343.135, 673.526, 409.33]","[{""candidate_id"": ""C1"", ""bbox_xyxy"": [46.306, 303.064, 159.676, 362.606]}, {""candidate_id"": ""C2"", ""bbox_xyxy"": [102.47, 299.893, 276.6, 396.937]}, {""candidate_id"": ""C3"", ""bbox_xyxy"": [275.615, 322.647, 336.918, 362.278]}, {""candidate_id"": ""C4"", ""bbox_xyxy"": [330.5, 326.353, 358.359, 353.166]}, {""candidate_id"": ""C5"", ""bbox_xyxy"": [358.22, 329.225, 387.573, 350.384]}, {""candidate_id"": ""C6"", ""bbox_xyxy"": [387.895, 332.833, 412.668, 349.528]}, {""candidate_id"": ""C7"", ""bbox_xyxy"": [417.033, 335.087, 443.634, 350.024]}]",data/object_detections/2026_02_25_16_36_23_9c9ad834/masks/FL/2026_02_25_16_36_23_9c9ad834_f001026_fl_car_004.png,suburban,day,clear
P0320,data/camera_splits/2026_02_25_16_36_23_9c9ad834/FL/fl_001296.jpg,data/camera_splits/2026_02_25_16_36_23_9c9ad834/RL/rl_001333.jpg,"[587.605, 315.028, 718.367, 407.606]","[{""candidate_id"": ""C1"", ""bbox_xyxy"": [0.0, 266.537, 137.29, 417.145]}, {""candidate_id"": ""C2"", ""bbox_xyxy"": [66.434, 295.016, 95.254, 330.249]}, {""candidate_id"": ""C3"", ""bbox_xyxy"": [89.27, 265.726, 288.304, 395.884]}, {""candidate_id"": ""C4"", ""bbox_xyxy"": [178.877, 289.883, 204.826, 313.104]}, {""candidate_id"": ""C5"", ""bbox_xyxy"": [291.087, 301.948, 337.128, 327.793]}, {""candidate_id"": ""C6"", ""bbox_xyxy"": [336.123, 305.034, 355.47, 323.116]}, {""candidate_id"": ""C7"", ""bbox_xyxy"": [408.694, 308.858, 502.965, 351.088]}, {""candidate_id"": ""C8"", ""bbox_xyxy"": [760.055, 338.142, 928.349, 383.844]}]",data/object_detections/2026_02_25_16_36_23_9c9ad834/masks/FL/2026_02_25_16_36_23_9c9ad834_f001296_fl_car_002.png,suburban,day,clear
P0321,data/camera_splits/2026_02_25_16_36_23_9c9ad834/FL/fl_001307.jpg,data/camera_splits/2026_02_25_16_36_23_9c9ad834/RL/rl_001333.jpg,"[583.853, 310.327, 792.515, 434.592]","[{""candidate_id"": ""C1"", ""bbox_xyxy"": [0.0, 266.537, 137.29, 417.145]}, {""candidate_id"": ""C2"", ""bbox_xyxy"": [66.434, 295.016, 95.254, 330.249]}, {""candidate_id"": ""C3"", ""bbox_xyxy"": [89.27, 265.726, 288.304, 395.884]}, {""candidate_id"": ""C4"", ""bbox_xyxy"": [178.877, 289.883, 204.826, 313.104]}, {""candidate_id"": ""C5"", ""bbox_xyxy"": [291.087, 301.948, 337.128, 327.793]}, {""candidate_id"": ""C6"", ""bbox_xyxy"": [336.123, 305.034, 355.47, 323.116]}, {""candidate_id"": ""C7"", ""bbox_xyxy"": [408.694, 308.858, 502.965, 351.088]}, {""candidate_id"": ""C8"", ""bbox_xyxy"": [760.055, 338.142, 928.349, 383.844]}]",data/object_detections/2026_02_25_16_36_23_9c9ad834/masks/FL/2026_02_25_16_36_23_9c9ad834_f001307_fl_car_002.png,suburban,day,clear
P0322,data/camera_splits/2026_02_25_16_36_23_9c9ad834/FL/fl_001591.jpg,data/camera_splits/2026_02_25_16_36_23_9c9ad834/RL/rl_001630.jpg,"[661.838, 343.485, 778.684, 400.635]","[{""candidate_id"": ""C1"", ""bbox_xyxy"": [0.0, 214.503, 79.954, 347.533]}, {""candidate_id"": ""C2"", ""bbox_xyxy"": [130.542, 311.132, 215.251, 348.369]}, {""candidate_id"": ""C3"", ""bbox_xyxy"": [243.493, 314.681, 279.743, 340.126]}]",data/object_detections/2026_02_25_16_36_23_9c9ad834/masks/FL/2026_02_25_16_36_23_9c9ad834_f001591_fl_car_010.png,urban,day,clear
P0323,data/camera_splits/2026_02_25_16_36_23_9c9ad834/FL/fl_001591.jpg,data/camera_splits/2026_02_25_16_36_23_9c9ad834/RL/rl_001632.jpg,"[594.88, 324.958, 663.425, 383.951]","[{""candidate_id"": ""C1"", ""bbox_xyxy"": [0.0, 216.085, 112.741, 345.858]}, {""candidate_id"": ""C2"", ""bbox_xyxy"": [127.935, 319.761, 149.977, 329.069]}, {""candidate_id"": ""C3"", ""bbox_xyxy"": [160.1, 313.565, 231.506, 346.883]}, {""candidate_id"": ""C4"", ""bbox_xyxy"": [249.824, 317.069, 282.052, 339.613]}]",data/object_detections/2026_02_25_16_36_23_9c9ad834/masks/FL/2026_02_25_16_36_23_9c9ad834_f001591_fl_bus_005.png,suburban,day,clear
P0324,data/camera_splits/2026_02_25_16_36_23_9c9ad834/FL/fl_001591.jpg,data/camera_splits/2026_02_25_16_36_23_9c9ad834/RL/rl_001642.jpg,"[594.88, 324.958, 663.425, 383.951]","[{""candidate_id"": ""C1"", ""bbox_xyxy"": [21.451, 249.747, 217.448, 333.097]}, {""candidate_id"": ""C2"", ""bbox_xyxy"": [133.443, 299.306, 226.426, 350.491]}, {""candidate_id"": ""C3"", ""bbox_xyxy"": [242.148, 319.444, 279.575, 340.81]}]",data/object_detections/2026_02_25_16_36_23_9c9ad834/masks/FL/2026_02_25_16_36_23_9c9ad834_f001591_fl_bus_005.png,suburban,day,clear
P0325,data/camera_splits/2026_02_25_16_36_23_9c9ad834/FL/fl_002010.jpg,data/camera_splits/2026_02_25_16_36_23_9c9ad834/RL/rl_002049.jpg,"[796.325, 370.233, 938.432, 418.435]","[{""candidate_id"": ""C1"", ""bbox_xyxy"": [82.222, 316.729, 149.791, 347.559]}, {""candidate_id"": ""C2"", ""bbox_xyxy"": [336.769, 324.823, 361.597, 342.374]}, {""candidate_id"": ""C3"", ""bbox_xyxy"": [374.132, 322.958, 406.884, 351.153]}, {""candidate_id"": ""C4"", ""bbox_xyxy"": [433.109, 327.723, 470.012, 355.076]}]",data/object_detections/2026_02_25_16_36_23_9c9ad834/masks/FL/2026_02_25_16_36_23_9c9ad834_f002010_fl_car_002.png,suburban,day,clear
P0326,data/camera_splits/2026_02_25_16_41_20_c9d855d0/FL/fl_000009.jpg,data/camera_splits/2026_02_25_16_41_20_c9d855d0/RL/rl_000040.jpg,"[660.615, 346.432, 822.898, 430.733]","[{""candidate_id"": ""C1"", ""bbox_xyxy"": [47.415, 302.79, 215.17, 382.328]}, {""candidate_id"": ""C2"", ""bbox_xyxy"": [252.699, 316.193, 258.336, 332.011]}, {""candidate_id"": ""C3"", ""bbox_xyxy"": [296.737, 298.97, 508.305, 417.272]}, {""candidate_id"": ""C4"", ""bbox_xyxy"": [501.66, 324.39, 585.482, 410.709]}, {""candidate_id"": ""C5"", ""bbox_xyxy"": [562.123, 321.594, 956.433, 450.327]}, {""candidate_id"": ""C6"", ""bbox_xyxy"": [824.681, 359.928, 960.0, 433.181]}]",data/object_detections/2026_02_25_16_41_20_c9d855d0/masks/FL/2026_02_25_16_41_20_c9d855d0_f000009_fl_car_002.png,highway,day,clear
P0327,data/camera_splits/2026_02_25_16_41_20_c9d855d0/FL/fl_000051.jpg,data/camera_splits/2026_02_25_16_41_20_c9d855d0/RL/rl_000078.jpg,"[669.565, 349.36, 849.757, 434.194]","[{""candidate_id"": ""C1"", ""bbox_xyxy"": [110.369, 311.386, 233.744, 374.402]}, {""candidate_id"": ""C2"", ""bbox_xyxy"": [263.534, 318.046, 268.94, 332.499]}, {""candidate_id"": ""C3"", ""bbox_xyxy"": [296.488, 299.319, 508.29, 417.296]}, {""candidate_id"": ""C4"", ""bbox_xyxy"": [309.803, 321.794, 339.229, 338.488]}, {""candidate_id"": ""C5"", ""bbox_xyxy"": [309.989, 321.908, 339.379, 338.296]}, {""candidate_id"": ""C6"", ""bbox_xyxy"": [501.957, 324.279, 585.378, 410.61]}, {""candidate_id"": ""C7"", ""bbox_xyxy"": [563.145, 321.51, 950.478, 447.617]}, {""candidate_id"": ""C8"", ""bbox_xyxy"": [706.522, 227.332, 857.026, 437.615]}, {""candidate_id"": ""C9"", ""bbox_xyxy"": [854.121, 363.73, 960.0, 434.552]}, {""candidate_id"": ""C10"", ""bbox_xyxy"": [882.021, 356.041, 891.916, 371.577]}]",data/object_detections/2026_02_25_16_41_20_c9d855d0/masks/FL/2026_02_25_16_41_20_c9d855d0_f000051_fl_car_002.png,highway,day,clear
P0328,data/camera_splits/2026_02_25_16_41_20_c9d855d0/FL/fl_000071.jpg,data/camera_splits/2026_02_25_16_41_20_c9d855d0/RL/rl_000096.jpg,"[660.99, 340.309, 823.407, 432.872]","[{""candidate_id"": ""C1"", ""bbox_xyxy"": [36.075, 294.343, 170.87, 367.12]}, {""candidate_id"": ""C2"", ""bbox_xyxy"": [274.091, 321.547, 314.99, 347.69]}, {""candidate_id"": ""C3"", ""bbox_xyxy"": [274.349, 321.392, 314.989, 347.643]}, {""candidate_id"": ""C4"", ""bbox_xyxy"": [296.627, 299.268, 508.445, 417.425]}, {""candidate_id"": ""C5"", ""bbox_xyxy"": [501.955, 324.792, 572.023, 411.705]}, {""candidate_id"": ""C6"", ""bbox_xyxy"": [558.861, 266.541, 633.092, 424.696]}, {""candidate_id"": ""C7"", ""bbox_xyxy"": [627.126, 321.55, 959.302, 452.84]}, {""candidate_id"": ""C8"", ""bbox_xyxy"": [838.577, 361.811, 959.475, 417.631]}, {""candidate_id"": ""C9"", ""bbox_xyxy"": [936.023, 347.462, 959.553, 400.908]}, {""candidate_id"": ""C10"", ""bbox_xyxy"": [936.225, 357.533, 959.151, 400.948]}]",data/object_detections/2026_02_25_16_41_20_c9d855d0/masks/FL/2026_02_25_16_41_20_c9d855d0_f000071_fl_car_002.png,highway,day,clear
P0329,data/camera_splits/2026_02_25_16_41_20_c9d855d0/FL/fl_000163.jpg,data/camera_splits/2026_02_25_16_41_20_c9d855d0/RL/rl_000200.jpg,"[0.11, 243.961, 200.146, 440.756]","[{""candidate_id"": ""C1"", ""bbox_xyxy"": [183.857, 321.551, 202.384, 335.08]}, {""candidate_id"": ""C2"", ""bbox_xyxy"": [210.862, 323.408, 225.834, 333.681]}, {""candidate_id"": ""C3"", ""bbox_xyxy"": [244.138, 323.7, 256.088, 333.278]}, {""candidate_id"": ""C4"", ""bbox_xyxy"": [257.055, 308.919, 373.698, 404.568]}, {""candidate_id"": ""C5"", ""bbox_xyxy"": [358.833, 323.259, 412.788, 369.569]}, {""candidate_id"": ""C6"", ""bbox_xyxy"": [412.732, 325.491, 473.278, 364.892]}, {""candidate_id"": ""C7"", ""bbox_xyxy"": [481.836, 295.451, 596.544, 389.085]}, {""candidate_id"": ""C8"", ""bbox_xyxy"": [571.198, 311.461, 958.445, 452.692]}]",data/object_detections/2026_02_25_16_41_20_c9d855d0/masks/FL/2026_02_25_16_41_20_c9d855d0_f000163_fl_delivery_van_004.png,highway,day,clear
P0330,data/camera_splits/2026_02_25_16_41_20_c9d855d0/FL/fl_000176.jpg,data/camera_splits/2026_02_25_16_41_20_c9d855d0/RL/rl_000214.jpg,"[0.0, 338.326, 206.875, 450.428]","[{""candidate_id"": ""C1"", ""bbox_xyxy"": [62.519, 310.732, 73.396, 329.726]}, {""candidate_id"": ""C2"", ""bbox_xyxy"": [91.416, 314.511, 129.853, 337.175]}, {""candidate_id"": ""C3"", ""bbox_xyxy"": [133.258, 312.572, 164.184, 334.128]}, {""candidate_id"": ""C4"", ""bbox_xyxy"": [180.178, 317.677, 204.841, 345.439]}, {""candidate_id"": ""C5"", ""bbox_xyxy"": [185.21, 300.757, 330.149, 410.066]}, {""candidate_id"": ""C6"", ""bbox_xyxy"": [297.576, 296.703, 380.924, 357.732]}, {""candidate_id"": ""C7"", ""bbox_xyxy"": [382.663, 321.138, 497.486, 373.955]}, {""candidate_id"": ""C8"", ""bbox_xyxy"": [496.86, 327.894, 561.233, 372.008]}, {""candidate_id"": ""C9"", ""bbox_xyxy"": [536.598, 310.193, 954.775, 450.769]}, {""candidate_id"": ""C10"", ""bbox_xyxy"": [884.511, 343.873, 896.385, 368.758]}, {""candidate_id"": ""C11"", ""bbox_xyxy"": [907.945, 343.227, 915.309, 360.644]}]",data/object_detections/2026_02_25_16_41_20_c9d855d0/masks/FL/2026_02_25_16_41_20_c9d855d0_f000176_fl_car_001.png,highway,day,clear
P0331,data/camera_splits/2026_02_25_16_41_20_c9d855d0/FL/fl_000257.jpg,data/camera_splits/2026_02_25_16_41_20_c9d855d0/RL/rl_000283.jpg,"[639.368, 358.921, 703.945, 394.075]","[{""candidate_id"": ""C1"", ""bbox_xyxy"": [7.82, 299.471, 143.262, 361.862]}, {""candidate_id"": ""C2"", ""bbox_xyxy"": [136.571, 307.652, 214.283, 351.787]}, {""candidate_id"": ""C3"", ""bbox_xyxy"": [203.566, 312.739, 246.258, 345.394]}, {""candidate_id"": ""C4"", ""bbox_xyxy"": [243.024, 320.066, 272.726, 343.386]}, {""candidate_id"": ""C5"", ""bbox_xyxy"": [338.491, 319.435, 393.116, 365.649]}, {""candidate_id"": ""C6"", ""bbox_xyxy"": [397.817, 332.843, 422.388, 350.918]}, {""candidate_id"": ""C7"", ""bbox_xyxy"": [463.334, 325.861, 549.252, 384.521]}, {""candidate_id"": ""C8"", ""bbox_xyxy"": [557.439, 343.623, 588.982, 359.935]}, {""candidate_id"": ""C9"", ""bbox_xyxy"": [588.631, 333.667, 601.174, 367.122]}, {""candidate_id"": ""C10"", ""bbox_xyxy"": [604.762, 333.689, 617.373, 364.484]}, {""candidate_id"": ""C11"", ""bbox_xyxy"": [757.189, 337.454, 773.788, 394.737]}, {""candidate_id"": ""C12"", ""bbox_xyxy"": [803.487, 325.099, 831.388, 411.195]}]",data/object_detections/2026_02_25_16_41_20_c9d855d0/masks/FL/2026_02_25_16_41_20_c9d855d0_f000257_fl_car_001.png,highway,day,clear
P0332,data/camera_splits/2026_02_25_16_41_20_c9d855d0/FL/fl_000257.jpg,data/camera_splits/2026_02_25_16_41_20_c9d855d0/RL/rl_000283.jpg,"[735.781, 347.226, 890.538, 412.076]","[{""candidate_id"": ""C1"", ""bbox_xyxy"": [7.82, 299.471, 143.262, 361.862]}, {""candidate_id"": ""C2"", ""bbox_xyxy"": [136.571, 307.652, 214.283, 351.787]}, {""candidate_id"": ""C3"", ""bbox_xyxy"": [203.566, 312.739, 246.258, 345.394]}, {""candidate_id"": ""C4"", ""bbox_xyxy"": [243.024, 320.066, 272.726, 343.386]}, {""candidate_id"": ""C5"", ""bbox_xyxy"": [338.491, 319.435, 393.116, 365.649]}, {""candidate_id"": ""C6"", ""bbox_xyxy"": [397.817, 332.843, 422.388, 350.918]}, {""candidate_id"": ""C7"", ""bbox_xyxy"": [463.334, 325.861, 549.252, 384.521]}, {""candidate_id"": ""C8"", ""bbox_xyxy"": [557.439, 343.623, 588.982, 359.935]}, {""candidate_id"": ""C9"", ""bbox_xyxy"": [588.631, 333.667, 601.174, 367.122]}, {""candidate_id"": ""C10"", ""bbox_xyxy"": [604.762, 333.689, 617.373, 364.484]}, {""candidate_id"": ""C11"", ""bbox_xyxy"": [757.189, 337.454, 773.788, 394.737]}, {""candidate_id"": ""C12"", ""bbox_xyxy"": [803.487, 325.099, 831.388, 411.195]}]",data/object_detections/2026_02_25_16_41_20_c9d855d0/masks/FL/2026_02_25_16_41_20_c9d855d0_f000257_fl_car_002.png,highway,day,clear
P0333,data/camera_splits/2026_02_25_16_41_20_c9d855d0/FL/fl_000260.jpg,data/camera_splits/2026_02_25_16_41_20_c9d855d0/RL/rl_000285.jpg,"[671.682, 359.551, 759.176, 402.917]","[{""candidate_id"": ""C1"", ""bbox_xyxy"": [0.052, 303.892, 34.109, 326.137]}, {""candidate_id"": ""C2"", ""bbox_xyxy"": [91.05, 304.752, 181.407, 354.027]}, {""candidate_id"": ""C3"", ""bbox_xyxy"": [191.345, 311.285, 237.655, 348.384]}, {""candidate_id"": ""C4"", ""bbox_xyxy"": [259.418, 320.514, 284.124, 342.137]}, {""candidate_id"": ""C5"", ""bbox_xyxy"": [284.051, 329.459, 312.445, 342.404]}, {""candidate_id"": ""C6"", ""bbox_xyxy"": [345.378, 319.896, 397.663, 363.923]}, {""candidate_id"": ""C7"", ""bbox_xyxy"": [464.615, 326.935, 545.058, 384.013]}, {""candidate_id"": ""C8"", ""bbox_xyxy"": [551.769, 343.799, 575.667, 359.142]}, {""candidate_id"": ""C9"", ""bbox_xyxy"": [575.091, 332.61, 585.524, 364.689]}, {""candidate_id"": ""C10"", ""bbox_xyxy"": [586.62, 335.446, 595.767, 358.294]}, {""candidate_id"": ""C11"", ""bbox_xyxy"": [692.874, 343.628, 735.449, 387.342]}, {""candidate_id"": ""C12"", ""bbox_xyxy"": [726.393, 327.239, 746.719, 398.888]}]",data/object_detections/2026_02_25_16_41_20_c9d855d0/masks/FL/2026_02_25_16_41_20_c9d855d0_f000260_fl_car_003.png,highway,day,clear
P0334,data/camera_splits/2026_02_25_16_41_20_c9d855d0/FL/fl_000271.jpg,data/camera_splits/2026_02_25_16_41_20_c9d855d0/RL/rl_000315.jpg,"[861.187, 342.987, 959.913, 385.896]","[{""candidate_id"": ""C1"", ""bbox_xyxy"": [36.218, 304.834, 109.253, 336.841]}, {""candidate_id"": ""C2"", ""bbox_xyxy"": [227.856, 323.018, 265.068, 342.139]}, {""candidate_id"": ""C3"", ""bbox_xyxy"": [378.77, 327.152, 407.131, 351.212]}, {""candidate_id"": ""C4"", ""bbox_xyxy"": [437.566, 330.799, 472.249, 357.613]}, {""candidate_id"": ""C5"", ""bbox_xyxy"": [489.868, 334.383, 495.666, 349.413]}, {""candidate_id"": ""C6"", ""bbox_xyxy"": [513.868, 326.915, 523.284, 355.641]}, {""candidate_id"": ""C7"", ""bbox_xyxy"": [525.42, 331.3, 533.862, 355.743]}, {""candidate_id"": ""C8"", ""bbox_xyxy"": [547.436, 330.696, 560.417, 374.479]}, {""candidate_id"": ""C9"", ""bbox_xyxy"": [569.788, 333.262, 580.355, 366.589]}, {""candidate_id"": ""C10"", ""bbox_xyxy"": [584.994, 303.847, 775.648, 406.787]}]",data/object_detections/2026_02_25_16_41_20_c9d855d0/masks/FL/2026_02_25_16_41_20_c9d855d0_f000271_fl_delivery_van_004.png,highway,day,clear
P0335,data/camera_splits/2026_02_25_16_41_20_c9d855d0/FL/fl_000276.jpg,data/camera_splits/2026_02_25_16_41_20_c9d855d0/RL/rl_000299.jpg,"[770.881, 351.43, 865.774, 388.111]","[{""candidate_id"": ""C1"", ""bbox_xyxy"": [56.302, 304.825, 124.871, 335.016]}, {""candidate_id"": ""C2"", ""bbox_xyxy"": [370.822, 323.271, 407.892, 355.628]}, {""candidate_id"": ""C3"", ""bbox_xyxy"": [453.806, 328.319, 505.144, 365.892]}, {""candidate_id"": ""C4"", ""bbox_xyxy"": [507.318, 328.417, 516.436, 350.112]}, {""candidate_id"": ""C5"", ""bbox_xyxy"": [529.902, 327.652, 538.79, 355.468]}, {""candidate_id"": ""C6"", ""bbox_xyxy"": [689.297, 326.047, 708.424, 395.699]}, {""candidate_id"": ""C7"", ""bbox_xyxy"": [799.177, 309.973, 848.86, 421.006]}, {""candidate_id"": ""C8"", ""bbox_xyxy"": [860.205, 316.393, 916.043, 424.808]}]",data/object_detections/2026_02_25_16_41_20_c9d855d0/masks/FL/2026_02_25_16_41_20_c9d855d0_f000276_fl_car_001.png,highway,day,clear
P0336,data/camera_splits/2026_02_25_16_41_20_c9d855d0/FL/fl_000301.jpg,data/camera_splits/2026_02_25_16_41_20_c9d855d0/RL/rl_000350.jpg,"[0.02, 304.599, 300.068, 472.286]","[{""candidate_id"": ""C1"", ""bbox_xyxy"": [0.001, 291.061, 47.435, 342.739]}, {""candidate_id"": ""C2"", ""bbox_xyxy"": [80.263, 313.855, 139.315, 339.087]}, {""candidate_id"": ""C3"", ""bbox_xyxy"": [137.094, 316.796, 199.179, 344.719]}, {""candidate_id"": ""C4"", ""bbox_xyxy"": [207.413, 319.325, 236.126, 335.801]}, {""candidate_id"": ""C5"", ""bbox_xyxy"": [310.475, 326.833, 330.037, 338.636]}, {""candidate_id"": ""C6"", ""bbox_xyxy"": [334.427, 329.464, 347.13, 336.355]}, {""candidate_id"": ""C7"", ""bbox_xyxy"": [378.22, 327.505, 400.753, 346.146]}, {""candidate_id"": ""C8"", ""bbox_xyxy"": [424.214, 331.739, 456.677, 353.957]}, {""candidate_id"": ""C9"", ""bbox_xyxy"": [599.423, 322.324, 841.836, 432.718]}]",data/object_detections/2026_02_25_16_41_20_c9d855d0/masks/FL/2026_02_25_16_41_20_c9d855d0_f000301_fl_car_001.png,highway,day,clear
P0337,data/camera_splits/2026_02_25_16_41_20_c9d855d0/FL/fl_000347.jpg,data/camera_splits/2026_02_25_16_41_20_c9d855d0/RL/rl_000367.jpg,"[725.526, 348.436, 834.197, 392.664]","[{""candidate_id"": ""C1"", ""bbox_xyxy"": [26.213, 311.56, 104.548, 343.609]}, {""candidate_id"": ""C2"", ""bbox_xyxy"": [102.284, 312.102, 180.991, 348.063]}, {""candidate_id"": ""C3"", ""bbox_xyxy"": [288.574, 326.226, 307.018, 338.171]}, {""candidate_id"": ""C4"", ""bbox_xyxy"": [382.008, 327.452, 403.758, 346.369]}, {""candidate_id"": ""C5"", ""bbox_xyxy"": [446.616, 331.936, 482.292, 355.785]}, {""candidate_id"": ""C6"", ""bbox_xyxy"": [674.291, 322.514, 960.0, 441.219]}]",data/object_detections/2026_02_25_16_41_20_c9d855d0/masks/FL/2026_02_25_16_41_20_c9d855d0_f000347_fl_car_001.png,highway,day,clear
P0338,data/camera_splits/2026_02_25_16_41_20_c9d855d0/FL/fl_000365.jpg,data/camera_splits/2026_02_25_16_41_20_c9d855d0/RL/rl_000386.jpg,"[764.024, 336.272, 916.626, 399.661]","[{""candidate_id"": ""C1"", ""bbox_xyxy"": [33.513, 310.653, 67.892, 342.283]}, {""candidate_id"": ""C2"", ""bbox_xyxy"": [65.262, 298.858, 164.292, 349.58]}, {""candidate_id"": ""C3"", ""bbox_xyxy"": [160.386, 317.868, 183.845, 339.897]}, {""candidate_id"": ""C4"", ""bbox_xyxy"": [218.091, 321.796, 248.942, 336.872]}, {""candidate_id"": ""C5"", ""bbox_xyxy"": [250.486, 322.592, 270.107, 335.421]}, {""candidate_id"": ""C6"", ""bbox_xyxy"": [380.309, 327.211, 403.739, 346.5]}, {""candidate_id"": ""C7"", ""bbox_xyxy"": [480.119, 330.558, 525.627, 360.409]}, {""candidate_id"": ""C8"", ""bbox_xyxy"": [813.612, 316.686, 960.0, 452.464]}, {""candidate_id"": ""C9"", ""bbox_xyxy"": [819.074, 289.457, 932.034, 313.444]}]",data/object_detections/2026_02_25_16_41_20_c9d855d0/masks/FL/2026_02_25_16_41_20_c9d855d0_f000365_fl_delivery_van_002.png,highway,day,clear
P0339,data/camera_splits/2026_02_25_16_41_20_c9d855d0/FL/fl_000370.jpg,data/camera_splits/2026_02_25_16_41_20_c9d855d0/RL/rl_000393.jpg,"[721.66, 351.617, 811.125, 392.661]","[{""candidate_id"": ""C1"", ""bbox_xyxy"": [0.0, 309.194, 32.872, 322.361]}, {""candidate_id"": ""C2"", ""bbox_xyxy"": [40.936, 302.482, 53.094, 331.597]}, {""candidate_id"": ""C3"", ""bbox_xyxy"": [55.78, 310.244, 93.467, 340.052]}, {""candidate_id"": ""C4"", ""bbox_xyxy"": [81.184, 309.183, 159.49, 348.057]}, {""candidate_id"": ""C5"", ""bbox_xyxy"": [152.749, 316.084, 191.05, 338.961]}, {""candidate_id"": ""C6"", ""bbox_xyxy"": [202.878, 310.725, 244.441, 341.241]}, {""candidate_id"": ""C7"", ""bbox_xyxy"": [379.504, 325.865, 404.292, 346.444]}, {""candidate_id"": ""C8"", ""bbox_xyxy"": [493.137, 330.152, 544.109, 362.076]}, {""candidate_id"": ""C9"", ""bbox_xyxy"": [734.075, 297.671, 810.61, 317.929]}, {""candidate_id"": ""C10"", ""bbox_xyxy"": [913.402, 318.28, 959.984, 450.668]}]",data/object_detections/2026_02_25_16_41_20_c9d855d0/masks/FL/2026_02_25_16_41_20_c9d855d0_f000370_fl_car_001.png,highway,day,clear
P0340,data/camera_splits/2026_02_25_16_41_20_c9d855d0/FL/fl_000641.jpg,data/camera_splits/2026_02_25_16_41_20_c9d855d0/RL/rl_000609.jpg,"[640.383, 327.754, 857.819, 452.113]","[{""candidate_id"": ""C1"", ""bbox_xyxy"": [90.906, 300.544, 269.775, 402.268]}, {""candidate_id"": ""C2"", ""bbox_xyxy"": [154.693, 210.779, 181.083, 235.024]}, {""candidate_id"": ""C3"", ""bbox_xyxy"": [476.828, 323.916, 512.241, 376.084]}, {""candidate_id"": ""C4"", ""bbox_xyxy"": [508.758, 304.248, 699.581, 426.085]}, {""candidate_id"": ""C5"", ""bbox_xyxy"": [778.675, 295.457, 959.984, 451.459]}]",data/object_detections/2026_02_25_16_41_20_c9d855d0/masks/FL/2026_02_25_16_41_20_c9d855d0_f000641_fl_car_002.png,suburban,day,clear
P0341,data/camera_splits/2026_02_25_16_41_20_c9d855d0/FL/fl_000906.jpg,data/camera_splits/2026_02_25_16_41_20_c9d855d0/RL/rl_000958.jpg,"[765.813, 348.733, 926.049, 403.059]","[{""candidate_id"": ""C1"", ""bbox_xyxy"": [0.011, 306.048, 72.704, 344.789]}, {""candidate_id"": ""C2"", ""bbox_xyxy"": [154.734, 211.277, 181.563, 235.416]}, {""candidate_id"": ""C3"", ""bbox_xyxy"": [255.987, 323.632, 279.99, 337.879]}, {""candidate_id"": ""C4"", ""bbox_xyxy"": [373.715, 322.791, 439.326, 373.848]}, {""candidate_id"": ""C5"", ""bbox_xyxy"": [434.518, 331.407, 449.314, 344.351]}, {""candidate_id"": ""C6"", ""bbox_xyxy"": [531.502, 297.37, 822.425, 435.865]}]",data/object_detections/2026_02_25_16_41_20_c9d855d0/masks/FL/2026_02_25_16_41_20_c9d855d0_f000906_fl_car_001.png,suburban,day,clear
P0342,data/camera_splits/2026_02_25_16_41_20_c9d855d0/FL/fl_001047.jpg,data/camera_splits/2026_02_25_16_41_20_c9d855d0/RL/rl_001104.jpg,"[782.297, 351.256, 955.329, 405.444]","[{""candidate_id"": ""C1"", ""bbox_xyxy"": [57.352, 312.722, 124.893, 342.058]}, {""candidate_id"": ""C2"", ""bbox_xyxy"": [154.754, 318.387, 195.715, 339.708]}, {""candidate_id"": ""C3"", ""bbox_xyxy"": [154.763, 211.373, 181.426, 235.369]}, {""candidate_id"": ""C4"", ""bbox_xyxy"": [296.768, 301.637, 590.905, 426.383]}, {""candidate_id"": ""C5"", ""bbox_xyxy"": [299.435, 316.834, 357.526, 396.674]}, {""candidate_id"": ""C6"", ""bbox_xyxy"": [558.541, 297.857, 823.159, 435.506]}]",data/object_detections/2026_02_25_16_41_20_c9d855d0/masks/FL/2026_02_25_16_41_20_c9d855d0_f001047_fl_car_001.png,suburban,day,clear
P0343,data/camera_splits/2026_02_25_16_41_20_c9d855d0/FL/fl_001047.jpg,data/camera_splits/2026_02_25_16_41_20_c9d855d0/RL/rl_001119.jpg,"[782.297, 351.256, 955.329, 405.444]","[{""candidate_id"": ""C1"", ""bbox_xyxy"": [19.693, 298.969, 117.883, 342.719]}, {""candidate_id"": ""C2"", ""bbox_xyxy"": [154.58, 211.1, 181.799, 235.722]}, {""candidate_id"": ""C3"", ""bbox_xyxy"": [166.349, 318.625, 205.745, 338.993]}, {""candidate_id"": ""C4"", ""bbox_xyxy"": [214.127, 321.947, 244.438, 337.755]}, {""candidate_id"": ""C5"", ""bbox_xyxy"": [296.878, 301.893, 591.109, 425.692]}, {""candidate_id"": ""C6"", ""bbox_xyxy"": [299.41, 316.397, 357.66, 396.505]}, {""candidate_id"": ""C7"", ""bbox_xyxy"": [560.467, 297.942, 823.358, 435.691]}]",data/object_detections/2026_02_25_16_41_20_c9d855d0/masks/FL/2026_02_25_16_41_20_c9d855d0_f001047_fl_car_001.png,suburban,day,clear
P0344,data/camera_splits/2026_02_25_16_41_20_c9d855d0/FL/fl_001065.jpg,data/camera_splits/2026_02_25_16_41_20_c9d855d0/RL/rl_001119.jpg,"[738.949, 329.782, 960.0, 404.994]","[{""candidate_id"": ""C1"", ""bbox_xyxy"": [19.693, 298.969, 117.883, 342.719]}, {""candidate_id"": ""C2"", ""bbox_xyxy"": [154.58, 211.1, 181.799, 235.722]}, {""candidate_id"": ""C3"", ""bbox_xyxy"": [166.349, 318.625, 205.745, 338.993]}, {""candidate_id"": ""C4"", ""bbox_xyxy"": [214.127, 321.947, 244.438, 337.755]}, {""candidate_id"": ""C5"", ""bbox_xyxy"": [296.878, 301.893, 591.109, 425.692]}, {""candidate_id"": ""C6"", ""bbox_xyxy"": [299.41, 316.397, 357.66, 396.505]}, {""candidate_id"": ""C7"", ""bbox_xyxy"": [560.467, 297.942, 823.358, 435.691]}]",data/object_detections/2026_02_25_16_41_20_c9d855d0/masks/FL/2026_02_25_16_41_20_c9d855d0_f001065_fl_delivery_van_005.png,suburban,day,clear
P0345,data/camera_splits/2026_02_25_16_41_20_c9d855d0/FL/fl_001388.jpg,data/camera_splits/2026_02_25_16_41_20_c9d855d0/RL/rl_001420.jpg,"[760.892, 350.13, 959.799, 423.658]","[{""candidate_id"": ""C1"", ""bbox_xyxy"": [33.332, 309.451, 91.532, 330.686]}, {""candidate_id"": ""C2"", ""bbox_xyxy"": [65.871, 307.711, 189.881, 360.745]}, {""candidate_id"": ""C3"", ""bbox_xyxy"": [191.717, 315.226, 256.808, 351.306]}, {""candidate_id"": ""C4"", ""bbox_xyxy"": [261.006, 317.117, 269.555, 339.092]}, {""candidate_id"": ""C5"", ""bbox_xyxy"": [355.918, 323.094, 363.021, 344.973]}, {""candidate_id"": ""C6"", ""bbox_xyxy"": [368.78, 326.837, 382.873, 354.089]}, {""candidate_id"": ""C7"", ""bbox_xyxy"": [371.562, 322.301, 442.804, 378.888]}, {""candidate_id"": ""C8"", ""bbox_xyxy"": [441.046, 329.007, 487.447, 362.815]}, {""candidate_id"": ""C9"", ""bbox_xyxy"": [534.081, 334.59, 586.723, 355.65]}, {""candidate_id"": ""C10"", ""bbox_xyxy"": [578.563, 336.65, 643.254, 359.768]}, {""candidate_id"": ""C11"", ""bbox_xyxy"": [622.194, 318.305, 635.105, 372.027]}, {""candidate_id"": ""C12"", ""bbox_xyxy"": [654.377, 334.815, 702.851, 356.378]}]",data/object_detections/2026_02_25_16_41_20_c9d855d0/masks/FL/2026_02_25_16_41_20_c9d855d0_f001388_fl_car_002.png,suburban,day,clear
P0346,data/camera_splits/2026_02_25_16_41_20_c9d855d0/FL/fl_001421.jpg,data/camera_splits/2026_02_25_16_41_20_c9d855d0/RL/rl_001457.jpg,"[659.126, 349.947, 756.618, 401.792]","[{""candidate_id"": ""C1"", ""bbox_xyxy"": [0.009, 303.74, 18.328, 363.675]}, {""candidate_id"": ""C2"", ""bbox_xyxy"": [0.011, 307.569, 141.065, 368.307]}, {""candidate_id"": ""C3"", ""bbox_xyxy"": [134.643, 310.738, 219.532, 358.438]}, {""candidate_id"": ""C4"", ""bbox_xyxy"": [208.76, 314.946, 256.645, 348.813]}, {""candidate_id"": ""C5"", ""bbox_xyxy"": [352.262, 324.04, 420.228, 378.219]}, {""candidate_id"": ""C6"", ""bbox_xyxy"": [417.232, 330.879, 434.307, 344.758]}, {""candidate_id"": ""C7"", ""bbox_xyxy"": [461.726, 330.06, 534.569, 374.6]}]",data/object_detections/2026_02_25_16_41_20_c9d855d0/masks/FL/2026_02_25_16_41_20_c9d855d0_f001421_fl_car_008.png,suburban,day,clear
P0347,data/camera_splits/2026_02_25_16_41_20_c9d855d0/FL/fl_001429.jpg,data/camera_splits/2026_02_25_16_41_20_c9d855d0/RL/rl_001461.jpg,"[707.239, 352.328, 801.973, 407.413]","[{""candidate_id"": ""C1"", ""bbox_xyxy"": [0.009, 293.997, 84.678, 377.873]}, {""candidate_id"": ""C2"", ""bbox_xyxy"": [62.206, 311.028, 119.44, 350.597]}, {""candidate_id"": ""C3"", ""bbox_xyxy"": [112.347, 312.352, 201.509, 355.739]}, {""candidate_id"": ""C4"", ""bbox_xyxy"": [192.879, 313.276, 252.147, 350.545]}, {""candidate_id"": ""C5"", ""bbox_xyxy"": [302.113, 323.978, 311.282, 339.533]}, {""candidate_id"": ""C6"", ""bbox_xyxy"": [351.714, 322.596, 418.697, 377.259]}, {""candidate_id"": ""C7"", ""bbox_xyxy"": [415.725, 330.251, 434.32, 344.65]}, {""candidate_id"": ""C8"", ""bbox_xyxy"": [464.929, 329.383, 541.618, 377.439]}]",data/object_detections/2026_02_25_16_41_20_c9d855d0/masks/FL/2026_02_25_16_41_20_c9d855d0_f001429_fl_car_003.png,suburban,day,clear
P0348,data/camera_splits/2026_02_25_16_41_20_c9d855d0/FL/fl_001432.jpg,data/camera_splits/2026_02_25_16_41_20_c9d855d0/RL/rl_001466.jpg,"[645.956, 353.079, 721.414, 394.639]","[{""candidate_id"": ""C1"", ""bbox_xyxy"": [23.029, 310.975, 51.133, 341.559]}, {""candidate_id"": ""C2"", ""bbox_xyxy"": [29.519, 310.75, 98.644, 351.101]}, {""candidate_id"": ""C3"", ""bbox_xyxy"": [80.034, 309.723, 185.063, 362.632]}, {""candidate_id"": ""C4"", ""bbox_xyxy"": [186.492, 318.668, 245.023, 350.325]}, {""candidate_id"": ""C5"", ""bbox_xyxy"": [351.678, 323.697, 418.19, 375.136]}, {""candidate_id"": ""C6"", ""bbox_xyxy"": [468.805, 330.336, 546.724, 376.583]}]",data/object_detections/2026_02_25_16_41_20_c9d855d0/masks/FL/2026_02_25_16_41_20_c9d855d0_f001432_fl_car_002.png,suburban,day,clear
P0349,data/camera_splits/2026_02_25_16_41_20_c9d855d0/FL/fl_001466.jpg,data/camera_splits/2026_02_25_16_41_20_c9d855d0/RL/rl_001350.jpg,"[0.572, 308.033, 341.305, 470.521]","[{""candidate_id"": ""C1"", ""bbox_xyxy"": [340.893, 320.99, 373.13, 364.788]}, {""candidate_id"": ""C2"", ""bbox_xyxy"": [351.217, 318.168, 457.159, 402.549]}, {""candidate_id"": ""C3"", ""bbox_xyxy"": [442.917, 325.161, 481.454, 357.798]}, {""candidate_id"": ""C4"", ""bbox_xyxy"": [512.016, 306.176, 737.481, 425.656]}]",data/object_detections/2026_02_25_16_41_20_c9d855d0/masks/FL/2026_02_25_16_41_20_c9d855d0_f001466_fl_truck_004.png,suburban,day,clear
P0350,data/camera_splits/2026_02_25_16_41_20_c9d855d0/FL/fl_001485.jpg,data/camera_splits/2026_02_25_16_41_20_c9d855d0/RL/rl_001511.jpg,"[678.127, 354.669, 764.964, 391.632]","[{""candidate_id"": ""C1"", ""bbox_xyxy"": [27.81, 301.194, 127.84, 345.542]}, {""candidate_id"": ""C2"", ""bbox_xyxy"": [197.789, 321.641, 247.098, 345.82]}, {""candidate_id"": ""C3"", ""bbox_xyxy"": [267.015, 324.421, 288.119, 337.959]}, {""candidate_id"": ""C4"", ""bbox_xyxy"": [364.943, 325.275, 420.67, 370.647]}, {""candidate_id"": ""C5"", ""bbox_xyxy"": [434.215, 332.526, 454.609, 348.046]}, {""candidate_id"": ""C6"", ""bbox_xyxy"": [464.876, 327.513, 591.294, 407.033]}, {""candidate_id"": ""C7"", ""bbox_xyxy"": [726.546, 320.417, 754.548, 409.063]}]",data/object_detections/2026_02_25_16_41_20_c9d855d0/masks/FL/2026_02_25_16_41_20_c9d855d0_f001485_fl_car_001.png,suburban,day,clear
P0351,data/camera_splits/2026_02_25_16_41_20_c9d855d0/FL/fl_001485.jpg,data/camera_splits/2026_02_25_16_41_20_c9d855d0/RL/rl_001511.jpg,"[746.425, 341.772, 830.083, 387.227]","[{""candidate_id"": ""C1"", ""bbox_xyxy"": [27.81, 301.194, 127.84, 345.542]}, {""candidate_id"": ""C2"", ""bbox_xyxy"": [197.789, 321.641, 247.098, 345.82]}, {""candidate_id"": ""C3"", ""bbox_xyxy"": [267.015, 324.421, 288.119, 337.959]}, {""candidate_id"": ""C4"", ""bbox_xyxy"": [364.943, 325.275, 420.67, 370.647]}, {""candidate_id"": ""C5"", ""bbox_xyxy"": [434.215, 332.526, 454.609, 348.046]}, {""candidate_id"": ""C6"", ""bbox_xyxy"": [464.876, 327.513, 591.294, 407.033]}, {""candidate_id"": ""C7"", ""bbox_xyxy"": [726.546, 320.417, 754.548, 409.063]}]",data/object_detections/2026_02_25_16_41_20_c9d855d0/masks/FL/2026_02_25_16_41_20_c9d855d0_f001485_fl_truck_003.png,suburban,day,clear
P0352,data/camera_splits/2026_02_25_16_41_20_c9d855d0/FL/fl_001565.jpg,data/camera_splits/2026_02_25_16_41_20_c9d855d0/RL/rl_001587.jpg,"[647.111, 361.85, 698.995, 390.281]","[{""candidate_id"": ""C1"", ""bbox_xyxy"": [104.822, 316.735, 182.355, 352.749]}, {""candidate_id"": ""C2"", ""bbox_xyxy"": [214.128, 320.84, 249.607, 344.507]}, {""candidate_id"": ""C3"", ""bbox_xyxy"": [366.111, 326.714, 406.295, 358.582]}, {""candidate_id"": ""C4"", ""bbox_xyxy"": [414.477, 331.064, 437.716, 348.495]}, {""candidate_id"": ""C5"", ""bbox_xyxy"": [506.988, 328.059, 787.692, 434.905]}, {""candidate_id"": ""C6"", ""bbox_xyxy"": [730.88, 290.22, 749.894, 322.919]}]",data/object_detections/2026_02_25_16_41_20_c9d855d0/masks/FL/2026_02_25_16_41_20_c9d855d0_f001565_fl_car_002.png,suburban,day,clear
P0353,data/camera_splits/2026_02_25_16_41_20_c9d855d0/FL/fl_001596.jpg,data/camera_splits/2026_02_25_16_41_20_c9d855d0/RL/rl_001610.jpg,"[740.943, 352.173, 882.349, 411.867]","[{""candidate_id"": ""C1"", ""bbox_xyxy"": [0.0, 298.381, 69.907, 342.04]}, {""candidate_id"": ""C2"", ""bbox_xyxy"": [26.658, 312.584, 152.374, 366.059]}, {""candidate_id"": ""C3"", ""bbox_xyxy"": [159.398, 315.724, 188.051, 347.605]}, {""candidate_id"": ""C4"", ""bbox_xyxy"": [278.679, 328.827, 304.472, 344.697]}, {""candidate_id"": ""C5"", ""bbox_xyxy"": [380.712, 331.933, 419.551, 363.121]}, {""candidate_id"": ""C6"", ""bbox_xyxy"": [423.419, 334.395, 446.43, 352.061]}, {""candidate_id"": ""C7"", ""bbox_xyxy"": [567.392, 317.547, 957.965, 453.341]}, {""candidate_id"": ""C8"", ""bbox_xyxy"": [872.65, 324.133, 959.962, 381.518]}]",data/object_detections/2026_02_25_16_41_20_c9d855d0/masks/FL/2026_02_25_16_41_20_c9d855d0_f001596_fl_car_001.png,suburban,day,clear
P0354,data/camera_splits/2026_02_25_16_41_20_c9d855d0/FL/fl_001601.jpg,data/camera_splits/2026_02_25_16_41_20_c9d855d0/RL/rl_001620.jpg,"[680.136, 356.418, 751.998, 417.386]","[{""candidate_id"": ""C1"", ""bbox_xyxy"": [0.0, 309.496, 164.815, 379.325]}, {""candidate_id"": ""C2"", ""bbox_xyxy"": [177.631, 318.645, 278.829, 363.478]}, {""candidate_id"": ""C3"", ""bbox_xyxy"": [370.49, 328.463, 409.459, 358.997]}, {""candidate_id"": ""C4"", ""bbox_xyxy"": [411.237, 334.002, 434.595, 351.041]}, {""candidate_id"": ""C5"", ""bbox_xyxy"": [623.269, 314.306, 959.945, 453.992]}, {""candidate_id"": ""C6"", ""bbox_xyxy"": [658.2, 311.48, 759.362, 357.21]}]",data/object_detections/2026_02_25_16_41_20_c9d855d0/masks/FL/2026_02_25_16_41_20_c9d855d0_f001601_fl_car_001.png,suburban,day,clear
P0355,data/camera_splits/2026_02_25_16_41_20_c9d855d0/FL/fl_001601.jpg,data/camera_splits/2026_02_25_16_41_20_c9d855d0/RL/rl_001620.jpg,"[741.759, 342.46, 960.0, 463.356]","[{""candidate_id"": ""C1"", ""bbox_xyxy"": [0.0, 309.496, 164.815, 379.325]}, {""candidate_id"": ""C2"", ""bbox_xyxy"": [177.631, 318.645, 278.829, 363.478]}, {""candidate_id"": ""C3"", ""bbox_xyxy"": [370.49, 328.463, 409.459, 358.997]}, {""candidate_id"": ""C4"", ""bbox_xyxy"": [411.237, 334.002, 434.595, 351.041]}, {""candidate_id"": ""C5"", ""bbox_xyxy"": [623.269, 314.306, 959.945, 453.992]}, {""candidate_id"": ""C6"", ""bbox_xyxy"": [658.2, 311.48, 759.362, 357.21]}]",data/object_detections/2026_02_25_16_41_20_c9d855d0/masks/FL/2026_02_25_16_41_20_c9d855d0_f001601_fl_car_002.png,suburban,day,clear
P0356,data/camera_splits/2026_02_25_16_41_20_c9d855d0/FL/fl_001686.jpg,data/camera_splits/2026_02_25_16_41_20_c9d855d0/RL/rl_001517.jpg,"[0.34, 330.777, 336.276, 479.738]","[{""candidate_id"": ""C1"", ""bbox_xyxy"": [0.0, 316.972, 69.972, 361.06]}, {""candidate_id"": ""C2"", ""bbox_xyxy"": [38.509, 320.576, 152.22, 368.167]}, {""candidate_id"": ""C3"", ""bbox_xyxy"": [152.003, 320.588, 210.007, 350.585]}, {""candidate_id"": ""C4"", ""bbox_xyxy"": [257.019, 330.507, 290.71, 348.484]}, {""candidate_id"": ""C5"", ""bbox_xyxy"": [298.005, 331.628, 304.206, 343.233]}, {""candidate_id"": ""C6"", ""bbox_xyxy"": [362.581, 327.66, 419.002, 372.678]}, {""candidate_id"": ""C7"", ""bbox_xyxy"": [432.114, 332.379, 453.324, 348.997]}, {""candidate_id"": ""C8"", ""bbox_xyxy"": [469.01, 327.308, 605.777, 413.494]}, {""candidate_id"": ""C9"", ""bbox_xyxy"": [572.321, 323.331, 585.738, 354.573]}]",data/object_detections/2026_02_25_16_41_20_c9d855d0/masks/FL/2026_02_25_16_41_20_c9d855d0_f001686_fl_car_001.png,suburban,day,clear
P0357,data/camera_splits/2026_02_25_16_41_20_c9d855d0/FL/fl_001686.jpg,data/camera_splits/2026_02_25_16_41_20_c9d855d0/RL/rl_001702.jpg,"[751.185, 363.777, 848.064, 400.028]","[{""candidate_id"": ""C1"", ""bbox_xyxy"": [81.039, 317.616, 157.313, 346.899]}, {""candidate_id"": ""C2"", ""bbox_xyxy"": [359.835, 325.073, 403.82, 358.642]}, {""candidate_id"": ""C3"", ""bbox_xyxy"": [416.956, 331.16, 439.063, 347.019]}]",data/object_detections/2026_02_25_16_41_20_c9d855d0/masks/FL/2026_02_25_16_41_20_c9d855d0_f001686_fl_car_002.png,suburban,day,clear
P0358,data/camera_splits/2026_02_25_16_41_20_c9d855d0/FL/fl_001710.jpg,data/camera_splits/2026_02_25_16_41_20_c9d855d0/RL/rl_001722.jpg,"[732.487, 343.293, 891.182, 398.302]","[{""candidate_id"": ""C1"", ""bbox_xyxy"": [77.113, 307.906, 181.267, 348.419]}, {""candidate_id"": ""C2"", ""bbox_xyxy"": [304.564, 322.852, 322.878, 334.185]}, {""candidate_id"": ""C3"", ""bbox_xyxy"": [359.44, 322.739, 402.859, 358.112]}, {""candidate_id"": ""C4"", ""bbox_xyxy"": [410.979, 327.553, 431.847, 343.119]}]",data/object_detections/2026_02_25_16_41_20_c9d855d0/masks/FL/2026_02_25_16_41_20_c9d855d0_f001710_fl_car_002.png,suburban,day,clear
P0359,data/camera_splits/2026_02_25_16_41_20_c9d855d0/FL/fl_001726.jpg,data/camera_splits/2026_02_25_16_41_20_c9d855d0/RL/rl_001744.jpg,"[728.251, 351.037, 833.672, 400.078]","[{""candidate_id"": ""C1"", ""bbox_xyxy"": [94.879, 305.471, 170.291, 347.168]}, {""candidate_id"": ""C2"", ""bbox_xyxy"": [208.328, 318.613, 259.754, 346.141]}, {""candidate_id"": ""C3"", ""bbox_xyxy"": [360.216, 328.903, 407.825, 367.228]}, {""candidate_id"": ""C4"", ""bbox_xyxy"": [413.131, 332.881, 434.685, 348.025]}]",data/object_detections/2026_02_25_16_41_20_c9d855d0/masks/FL/2026_02_25_16_41_20_c9d855d0_f001726_fl_delivery_van_002.png,suburban,day,clear
P0360,data/camera_splits/2026_02_25_16_41_20_c9d855d0/FL/fl_001767.jpg,data/camera_splits/2026_02_25_16_41_20_c9d855d0/RL/rl_001829.jpg,"[120.239, 333.09, 290.508, 422.917]","[{""candidate_id"": ""C1"", ""bbox_xyxy"": [100.245, 300.564, 112.397, 333.779]}, {""candidate_id"": ""C2"", ""bbox_xyxy"": [281.473, 306.27, 290.815, 332.977]}, {""candidate_id"": ""C3"", ""bbox_xyxy"": [314.677, 324.522, 320.855, 336.359]}, {""candidate_id"": ""C4"", ""bbox_xyxy"": [363.448, 322.064, 445.327, 388.189]}, {""candidate_id"": ""C5"", ""bbox_xyxy"": [434.021, 329.469, 451.899, 354.225]}, {""candidate_id"": ""C6"", ""bbox_xyxy"": [458.229, 332.306, 481.987, 349.752]}, {""candidate_id"": ""C7"", ""bbox_xyxy"": [486.824, 333.862, 534.647, 363.667]}, {""candidate_id"": ""C8"", ""bbox_xyxy"": [568.99, 327.65, 685.928, 391.797]}]",data/object_detections/2026_02_25_16_41_20_c9d855d0/masks/FL/2026_02_25_16_41_20_c9d855d0_f001767_fl_car_001.png,suburban,day,clear
P0361,data/camera_splits/2026_02_25_16_41_20_c9d855d0/FL/fl_001800.jpg,data/camera_splits/2026_02_25_16_41_20_c9d855d0/RL/rl_002025.jpg,"[89.702, 338.467, 259.51, 427.646]","[{""candidate_id"": ""C1"", ""bbox_xyxy"": [6.605, 311.525, 21.0, 319.64]}, {""candidate_id"": ""C2"", ""bbox_xyxy"": [42.772, 315.159, 111.781, 355.476]}, {""candidate_id"": ""C3"", ""bbox_xyxy"": [109.721, 312.322, 240.859, 387.936]}, {""candidate_id"": ""C4"", ""bbox_xyxy"": [216.846, 318.912, 285.23, 367.334]}, {""candidate_id"": ""C5"", ""bbox_xyxy"": [274.999, 318.871, 321.421, 359.559]}, {""candidate_id"": ""C6"", ""bbox_xyxy"": [292.116, 321.809, 452.894, 394.777]}, {""candidate_id"": ""C7"", ""bbox_xyxy"": [424.912, 320.804, 568.327, 392.124]}, {""candidate_id"": ""C8"", ""bbox_xyxy"": [853.368, 317.568, 906.464, 353.941]}]",data/object_detections/2026_02_25_16_41_20_c9d855d0/masks/FL/2026_02_25_16_41_20_c9d855d0_f001800_fl_car_006.png,suburban,day,clear
P0362,data/camera_splits/2026_02_25_16_41_20_c9d855d0/FL/fl_002001.jpg,data/camera_splits/2026_02_25_16_41_20_c9d855d0/RL/rl_002042.jpg,"[404.3, 354.533, 479.013, 411.364]","[{""candidate_id"": ""C1"", ""bbox_xyxy"": [4.133, 300.915, 149.935, 360.315]}, {""candidate_id"": ""C2"", ""bbox_xyxy"": [107.031, 303.636, 157.449, 333.744]}, {""candidate_id"": ""C3"", ""bbox_xyxy"": [152.039, 308.336, 286.865, 358.6]}, {""candidate_id"": ""C4"", ""bbox_xyxy"": [255.453, 307.967, 355.645, 355.269]}, {""candidate_id"": ""C5"", ""bbox_xyxy"": [452.028, 315.397, 582.971, 393.25]}, {""candidate_id"": ""C6"", ""bbox_xyxy"": [554.388, 303.746, 573.432, 319.87]}, {""candidate_id"": ""C7"", ""bbox_xyxy"": [600.862, 303.755, 654.129, 350.958]}]",data/object_detections/2026_02_25_16_41_20_c9d855d0/masks/FL/2026_02_25_16_41_20_c9d855d0_f002001_fl_car_001.png,suburban,day,clear
P0363,data/camera_splits/2026_02_25_16_41_20_c9d855d0/FL/fl_002072.jpg,data/camera_splits/2026_02_25_16_41_20_c9d855d0/RL/rl_002123.jpg,"[370.074, 265.864, 541.948, 358.841]","[{""candidate_id"": ""C1"", ""bbox_xyxy"": [51.41, 288.334, 104.162, 303.14]}, {""candidate_id"": ""C2"", ""bbox_xyxy"": [156.019, 294.564, 216.158, 322.003]}, {""candidate_id"": ""C3"", ""bbox_xyxy"": [233.191, 308.428, 282.871, 320.148]}, {""candidate_id"": ""C4"", ""bbox_xyxy"": [332.045, 322.691, 355.21, 330.668]}, {""candidate_id"": ""C5"", ""bbox_xyxy"": [466.202, 334.068, 494.629, 343.105]}, {""candidate_id"": ""C6"", ""bbox_xyxy"": [495.947, 290.643, 595.916, 366.624]}, {""candidate_id"": ""C7"", ""bbox_xyxy"": [595.67, 288.66, 737.861, 387.625]}, {""candidate_id"": ""C8"", ""bbox_xyxy"": [690.7, 288.09, 959.98, 426.055]}]",data/object_detections/2026_02_25_16_41_20_c9d855d0/masks/FL/2026_02_25_16_41_20_c9d855d0_f002072_fl_truck_001.png,suburban,day,clear
P0364,data/camera_splits/2026_02_25_16_41_20_c9d855d0/FL/fl_002078.jpg,data/camera_splits/2026_02_25_16_41_20_c9d855d0/RL/rl_002128.jpg,"[608.982, 320.034, 687.739, 362.754]","[{""candidate_id"": ""C1"", ""bbox_xyxy"": [74.269, 293.724, 121.425, 305.968]}, {""candidate_id"": ""C2"", ""bbox_xyxy"": [122.835, 297.026, 159.157, 308.922]}, {""candidate_id"": ""C3"", ""bbox_xyxy"": [150.546, 297.431, 201.442, 313.468]}, {""candidate_id"": ""C4"", ""bbox_xyxy"": [222.397, 306.897, 274.701, 331.929]}, {""candidate_id"": ""C5"", ""bbox_xyxy"": [462.667, 334.258, 480.531, 341.493]}, {""candidate_id"": ""C6"", ""bbox_xyxy"": [480.87, 297.376, 551.382, 357.201]}, {""candidate_id"": ""C7"", ""bbox_xyxy"": [604.749, 303.166, 756.116, 388.854]}]",data/object_detections/2026_02_25_16_41_20_c9d855d0/masks/FL/2026_02_25_16_41_20_c9d855d0_f002078_fl_truck_004.png,suburban,day,clear
P0365,data/camera_splits/2026_02_25_16_41_20_c9d855d0/FL/fl_002084.jpg,data/camera_splits/2026_02_25_16_41_20_c9d855d0/RL/rl_002128.jpg,"[0.437, 205.817, 351.704, 424.695]","[{""candidate_id"": ""C1"", ""bbox_xyxy"": [74.269, 293.724, 121.425, 305.968]}, {""candidate_id"": ""C2"", ""bbox_xyxy"": [122.835, 297.026, 159.157, 308.922]}, {""candidate_id"": ""C3"", ""bbox_xyxy"": [150.546, 297.431, 201.442, 313.468]}, {""candidate_id"": ""C4"", ""bbox_xyxy"": [222.397, 306.897, 274.701, 331.929]}, {""candidate_id"": ""C5"", ""bbox_xyxy"": [462.667, 334.258, 480.531, 341.493]}, {""candidate_id"": ""C6"", ""bbox_xyxy"": [480.87, 297.376, 551.382, 357.201]}, {""candidate_id"": ""C7"", ""bbox_xyxy"": [604.749, 303.166, 756.116, 388.854]}]",data/object_detections/2026_02_25_16_41_20_c9d855d0/masks/FL/2026_02_25_16_41_20_c9d855d0_f002084_fl_truck_002.png,suburban,day,clear
P0366,data/camera_splits/2026_02_25_16_41_20_c9d855d0/FL/fl_002122.jpg,data/camera_splits/2026_02_25_16_41_20_c9d855d0/RL/rl_002140.jpg,"[684.599, 351.723, 805.928, 406.51]","[{""candidate_id"": ""C1"", ""bbox_xyxy"": [124.011, 309.784, 227.838, 358.682]}, {""candidate_id"": ""C2"", ""bbox_xyxy"": [241.555, 309.255, 262.845, 316.533]}, {""candidate_id"": ""C3"", ""bbox_xyxy"": [325.642, 320.243, 362.537, 340.349]}, {""candidate_id"": ""C4"", ""bbox_xyxy"": [453.869, 304.923, 498.458, 345.732]}, {""candidate_id"": ""C5"", ""bbox_xyxy"": [485.26, 310.103, 550.152, 360.038]}]",data/object_detections/2026_02_25_16_41_20_c9d855d0/masks/FL/2026_02_25_16_41_20_c9d855d0_f002122_fl_car_001.png,suburban,day,clear
P0367,data/camera_splits/2026_02_25_16_41_20_c9d855d0/FL/fl_002179.jpg,data/camera_splits/2026_02_25_16_41_20_c9d855d0/RL/rl_002227.jpg,"[784.853, 332.152, 875.396, 371.808]","[{""candidate_id"": ""C1"", ""bbox_xyxy"": [24.805, 284.205, 86.805, 325.092]}, {""candidate_id"": ""C2"", ""bbox_xyxy"": [97.35, 310.399, 184.342, 339.377]}, {""candidate_id"": ""C3"", ""bbox_xyxy"": [172.603, 311.151, 222.25, 333.908]}, {""candidate_id"": ""C4"", ""bbox_xyxy"": [276.169, 322.388, 302.77, 339.885]}, {""candidate_id"": ""C5"", ""bbox_xyxy"": [318.937, 325.072, 358.436, 347.245]}, {""candidate_id"": ""C6"", ""bbox_xyxy"": [374.016, 326.426, 392.75, 341.495]}]",data/object_detections/2026_02_25_16_41_20_c9d855d0/masks/FL/2026_02_25_16_41_20_c9d855d0_f002179_fl_delivery_van_003.png,suburban,day,clear
P0368,data/camera_splits/2026_02_25_16_41_20_c9d855d0/FL/fl_002181.jpg,data/camera_splits/2026_02_25_16_41_20_c9d855d0/RL/rl_002210.jpg,"[553.136, 353.334, 660.032, 416.342]","[{""candidate_id"": ""C1"", ""bbox_xyxy"": [143.731, 312.949, 211.868, 348.322]}, {""candidate_id"": ""C2"", ""bbox_xyxy"": [239.92, 318.143, 328.284, 371.439]}, {""candidate_id"": ""C3"", ""bbox_xyxy"": [336.738, 321.898, 352.87, 329.565]}, {""candidate_id"": ""C4"", ""bbox_xyxy"": [371.345, 326.938, 389.292, 341.861]}]",data/object_detections/2026_02_25_16_41_20_c9d855d0/masks/FL/2026_02_25_16_41_20_c9d855d0_f002181_fl_car_001.png,suburban,day,clear
P0369,data/camera_splits/2026_02_25_16_41_20_c9d855d0/FL/fl_002480.jpg,data/camera_splits/2026_02_25_16_41_20_c9d855d0/RL/rl_002510.jpg,"[351.22, 342.965, 414.104, 398.128]","[{""candidate_id"": ""C1"", ""bbox_xyxy"": [372.673, 322.869, 392.354, 340.248]}, {""candidate_id"": ""C2"", ""bbox_xyxy"": [401.799, 325.095, 428.05, 346.918]}, {""candidate_id"": ""C3"", ""bbox_xyxy"": [485.936, 319.976, 625.784, 413.26]}, {""candidate_id"": ""C4"", ""bbox_xyxy"": [568.152, 291.725, 663.485, 371.887]}]",data/object_detections/2026_02_25_16_41_20_c9d855d0/masks/FL/2026_02_25_16_41_20_c9d855d0_f002480_fl_car_004.png,suburban,day,clear
P0370,data/camera_splits/2026_02_25_16_41_20_c9d855d0/FL/fl_002480.jpg,data/camera_splits/2026_02_25_16_41_20_c9d855d0/RL/rl_002510.jpg,"[89.473, 279.712, 261.907, 410.555]","[{""candidate_id"": ""C1"", ""bbox_xyxy"": [372.673, 322.869, 392.354, 340.248]}, {""candidate_id"": ""C2"", ""bbox_xyxy"": [401.799, 325.095, 428.05, 346.918]}, {""candidate_id"": ""C3"", ""bbox_xyxy"": [485.936, 319.976, 625.784, 413.26]}, {""candidate_id"": ""C4"", ""bbox_xyxy"": [568.152, 291.725, 663.485, 371.887]}]",data/object_detections/2026_02_25_16_41_20_c9d855d0/masks/FL/2026_02_25_16_41_20_c9d855d0_f002480_fl_truck_003.png,suburban,day,clear
P0371,data/camera_splits/2026_02_25_16_41_20_c9d855d0/FL/fl_002683.jpg,data/camera_splits/2026_02_25_16_41_20_c9d855d0/RL/rl_002706.jpg,"[536.612, 356.977, 655.621, 414.741]","[{""candidate_id"": ""C1"", ""bbox_xyxy"": [141.556, 308.837, 190.704, 326.671]}, {""candidate_id"": ""C2"", ""bbox_xyxy"": [169.417, 315.566, 266.091, 369.301]}, {""candidate_id"": ""C3"", ""bbox_xyxy"": [340.24, 329.898, 347.21, 349.872]}, {""candidate_id"": ""C4"", ""bbox_xyxy"": [400.45, 328.783, 441.633, 345.92]}]",data/object_detections/2026_02_25_16_41_20_c9d855d0/masks/FL/2026_02_25_16_41_20_c9d855d0_f002683_fl_car_001.png,suburban,day,clear
P0372,data/camera_splits/2026_03_03_12_35_25_c0b72d3f/FL/fl_000176.jpg,data/camera_splits/2026_03_03_12_35_25_c0b72d3f/RL/rl_000131.jpg,"[737.683, 321.692, 959.073, 442.213]","[{""candidate_id"": ""C1"", ""bbox_xyxy"": [0.0, 270.845, 165.482, 412.723]}, {""candidate_id"": ""C2"", ""bbox_xyxy"": [196.753, 320.548, 254.427, 356.125]}, {""candidate_id"": ""C3"", ""bbox_xyxy"": [234.712, 308.376, 373.864, 400.375]}, {""candidate_id"": ""C4"", ""bbox_xyxy"": [372.627, 327.469, 405.752, 359.32]}, {""candidate_id"": ""C5"", ""bbox_xyxy"": [477.363, 326.922, 545.083, 350.159]}, {""candidate_id"": ""C6"", ""bbox_xyxy"": [508.423, 326.666, 519.783, 362.259]}, {""candidate_id"": ""C7"", ""bbox_xyxy"": [527.285, 330.085, 540.516, 361.542]}, {""candidate_id"": ""C8"", ""bbox_xyxy"": [527.392, 330.161, 540.306, 361.449]}]",data/object_detections/2026_03_03_12_35_25_c0b72d3f/masks/FL/2026_03_03_12_35_25_c0b72d3f_f000176_fl_car_002.png,urban,day,overcast
P0373,data/camera_splits/2026_03_03_12_35_25_c0b72d3f/FL/fl_000176.jpg,data/camera_splits/2026_03_03_12_35_25_c0b72d3f/RL/rl_000131.jpg,"[586.733, 335.031, 759.481, 445.071]","[{""candidate_id"": ""C1"", ""bbox_xyxy"": [0.0, 270.845, 165.482, 412.723]}, {""candidate_id"": ""C2"", ""bbox_xyxy"": [196.753, 320.548, 254.427, 356.125]}, {""candidate_id"": ""C3"", ""bbox_xyxy"": [234.712, 308.376, 373.864, 400.375]}, {""candidate_id"": ""C4"", ""bbox_xyxy"": [372.627, 327.469, 405.752, 359.32]}, {""candidate_id"": ""C5"", ""bbox_xyxy"": [477.363, 326.922, 545.083, 350.159]}, {""candidate_id"": ""C6"", ""bbox_xyxy"": [508.423, 326.666, 519.783, 362.259]}, {""candidate_id"": ""C7"", ""bbox_xyxy"": [527.285, 330.085, 540.516, 361.542]}, {""candidate_id"": ""C8"", ""bbox_xyxy"": [527.392, 330.161, 540.306, 361.449]}]",data/object_detections/2026_03_03_12_35_25_c0b72d3f/masks/FL/2026_03_03_12_35_25_c0b72d3f_f000176_fl_car_003.png,urban,day,overcast
P0374,data/camera_splits/2026_03_03_12_35_25_c0b72d3f/FL/fl_000425.jpg,data/camera_splits/2026_03_03_12_35_25_c0b72d3f/RL/rl_000152.jpg,"[802.867, 333.925, 960.0, 457.157]","[{""candidate_id"": ""C1"", ""bbox_xyxy"": [0.0, 262.83, 61.957, 413.92]}, {""candidate_id"": ""C2"", ""bbox_xyxy"": [33.515, 302.329, 184.622, 405.613]}, {""candidate_id"": ""C3"", ""bbox_xyxy"": [226.698, 322.638, 232.819, 340.817]}, {""candidate_id"": ""C4"", ""bbox_xyxy"": [264.694, 334.224, 278.103, 346.555]}, {""candidate_id"": ""C5"", ""bbox_xyxy"": [345.133, 323.703, 417.734, 379.916]}, {""candidate_id"": ""C6"", ""bbox_xyxy"": [424.802, 327.703, 478.039, 346.324]}, {""candidate_id"": ""C7"", ""bbox_xyxy"": [458.546, 329.907, 467.157, 358.288]}, {""candidate_id"": ""C8"", ""bbox_xyxy"": [469.617, 328.836, 478.816, 355.76]}]",data/object_detections/2026_03_03_12_35_25_c0b72d3f/masks/FL/2026_03_03_12_35_25_c0b72d3f_f000425_fl_car_001.png,urban,day,overcast
P0375,data/camera_splits/2026_03_03_12_35_25_c0b72d3f/FL/fl_000645.jpg,data/camera_splits/2026_03_03_12_35_25_c0b72d3f/RL/rl_000700.jpg,"[694.125, 322.193, 832.108, 399.594]","[{""candidate_id"": ""C1"", ""bbox_xyxy"": [0.0, 278.418, 111.403, 414.017]}, {""candidate_id"": ""C2"", ""bbox_xyxy"": [10.659, 247.631, 200.409, 341.056]}, {""candidate_id"": ""C3"", ""bbox_xyxy"": [196.541, 320.684, 217.28, 336.033]}, {""candidate_id"": ""C4"", ""bbox_xyxy"": [225.638, 324.527, 231.631, 335.352]}, {""candidate_id"": ""C5"", ""bbox_xyxy"": [225.782, 291.174, 273.064, 409.691]}, {""candidate_id"": ""C6"", ""bbox_xyxy"": [273.19, 324.746, 288.491, 334.601]}, {""candidate_id"": ""C7"", ""bbox_xyxy"": [296.217, 311.499, 475.933, 415.481]}, {""candidate_id"": ""C8"", ""bbox_xyxy"": [387.199, 302.559, 506.936, 389.932]}]",data/object_detections/2026_03_03_12_35_25_c0b72d3f/masks/FL/2026_03_03_12_35_25_c0b72d3f_f000645_fl_bus_001.png,urban,day,overcast
P0376,data/camera_splits/2026_03_03_12_35_25_c0b72d3f/FL/fl_001218.jpg,data/camera_splits/2026_03_03_12_35_25_c0b72d3f/RL/rl_001258.jpg,"[666.382, 332.192, 757.35, 401.497]","[{""candidate_id"": ""C1"", ""bbox_xyxy"": [0.018, 303.067, 32.342, 335.876]}, {""candidate_id"": ""C2"", ""bbox_xyxy"": [52.731, 304.995, 158.593, 354.678]}, {""candidate_id"": ""C3"", ""bbox_xyxy"": [88.84, 250.751, 217.778, 341.313]}, {""candidate_id"": ""C4"", ""bbox_xyxy"": [217.259, 311.037, 298.099, 362.145]}, {""candidate_id"": ""C5"", ""bbox_xyxy"": [296.072, 318.541, 324.83, 344.986]}, {""candidate_id"": ""C6"", ""bbox_xyxy"": [374.899, 322.055, 420.781, 358.545]}, {""candidate_id"": ""C7"", ""bbox_xyxy"": [463.258, 326.99, 509.055, 344.864]}, {""candidate_id"": ""C8"", ""bbox_xyxy"": [519.464, 326.594, 561.908, 348.652]}, {""candidate_id"": ""C9"", ""bbox_xyxy"": [632.789, 259.57, 685.214, 389.304]}, {""candidate_id"": ""C10"", ""bbox_xyxy"": [632.955, 258.873, 711.287, 392.337]}]",data/object_detections/2026_03_03_12_35_25_c0b72d3f/masks/FL/2026_03_03_12_35_25_c0b72d3f_f001218_fl_truck_001.png,urban,day,overcast
P0377,data/camera_splits/2026_03_03_12_35_25_c0b72d3f/FL/fl_001235.jpg,data/camera_splits/2026_03_03_12_35_25_c0b72d3f/RL/rl_001260.jpg,"[700.382, 362.22, 787.638, 406.345]","[{""candidate_id"": ""C1"", ""bbox_xyxy"": [0.696, 307.819, 81.257, 335.391]}, {""candidate_id"": ""C2"", ""bbox_xyxy"": [108.531, 311.595, 193.229, 352.98]}, {""candidate_id"": ""C3"", ""bbox_xyxy"": [143.911, 263.926, 236.746, 340.371]}, {""candidate_id"": ""C4"", ""bbox_xyxy"": [229.727, 314.436, 303.896, 362.524]}, {""candidate_id"": ""C5"", ""bbox_xyxy"": [302.991, 321.756, 329.587, 346.952]}, {""candidate_id"": ""C6"", ""bbox_xyxy"": [360.741, 318.43, 386.76, 343.091]}, {""candidate_id"": ""C7"", ""bbox_xyxy"": [377.595, 325.63, 422.703, 360.164]}, {""candidate_id"": ""C8"", ""bbox_xyxy"": [469.848, 330.38, 516.386, 347.877]}, {""candidate_id"": ""C9"", ""bbox_xyxy"": [512.441, 336.72, 538.957, 349.011]}]",data/object_detections/2026_03_03_12_35_25_c0b72d3f/masks/FL/2026_03_03_12_35_25_c0b72d3f_f001235_fl_car_001.png,urban,day,overcast
P0378,data/camera_splits/2026_03_03_12_35_25_c0b72d3f/FL/fl_001650.jpg,data/camera_splits/2026_03_03_12_35_25_c0b72d3f/RL/rl_001541.jpg,"[487.538, 316.907, 631.401, 431.325]","[{""candidate_id"": ""C1"", ""bbox_xyxy"": [0.041, 245.365, 222.728, 414.289]}, {""candidate_id"": ""C2"", ""bbox_xyxy"": [219.819, 321.127, 277.464, 382.6]}, {""candidate_id"": ""C3"", ""bbox_xyxy"": [312.49, 300.12, 517.337, 418.815]}, {""candidate_id"": ""C4"", ""bbox_xyxy"": [316.423, 324.493, 343.259, 355.28]}]",data/object_detections/2026_03_03_12_35_25_c0b72d3f/masks/FL/2026_03_03_12_35_25_c0b72d3f_f001650_fl_delivery_van_005.png,urban,day,overcast
P0379,data/camera_splits/2026_03_03_12_35_25_c0b72d3f/FL/fl_001653.jpg,data/camera_splits/2026_03_03_12_35_25_c0b72d3f/RL/rl_001737.jpg,"[275.443, 306.385, 396.195, 424.727]","[{""candidate_id"": ""C1"", ""bbox_xyxy"": [114.151, 306.228, 169.842, 333.877]}, {""candidate_id"": ""C2"", ""bbox_xyxy"": [308.351, 303.875, 328.429, 337.696]}, {""candidate_id"": ""C3"", ""bbox_xyxy"": [375.571, 327.136, 414.16, 358.75]}, {""candidate_id"": ""C4"", ""bbox_xyxy"": [412.183, 329.357, 425.536, 340.654]}, {""candidate_id"": ""C5"", ""bbox_xyxy"": [425.715, 328.001, 443.527, 344.816]}, {""candidate_id"": ""C6"", ""bbox_xyxy"": [455.943, 312.131, 519.754, 367.913]}]",data/object_detections/2026_03_03_12_35_25_c0b72d3f/masks/FL/2026_03_03_12_35_25_c0b72d3f_f001653_fl_delivery_van_003.png,urban,day,overcast
P0380,data/camera_splits/2026_03_03_12_35_25_c0b72d3f/FL/fl_001730.jpg,data/camera_splits/2026_03_03_12_35_25_c0b72d3f/RL/rl_001755.jpg,"[34.587, 352.911, 182.161, 399.845]","[{""candidate_id"": ""C1"", ""bbox_xyxy"": [252.673, 329.417, 275.031, 342.61]}, {""candidate_id"": ""C2"", ""bbox_xyxy"": [378.741, 337.48, 412.978, 365.913]}, {""candidate_id"": ""C3"", ""bbox_xyxy"": [437.975, 330.207, 480.512, 367.952]}, {""candidate_id"": ""C4"", ""bbox_xyxy"": [707.462, 352.696, 813.799, 398.544]}]",data/object_detections/2026_03_03_12_35_25_c0b72d3f/masks/FL/2026_03_03_12_35_25_c0b72d3f_f001730_fl_car_002.png,urban,day,overcast
P0381,data/camera_splits/2026_03_03_12_35_25_c0b72d3f/FL/fl_002123.jpg,data/camera_splits/2026_03_03_12_35_25_c0b72d3f/RL/rl_002146.jpg,"[677.606, 323.279, 847.224, 399.207]","[{""candidate_id"": ""C1"", ""bbox_xyxy"": [23.267, 276.611, 186.378, 352.478]}, {""candidate_id"": ""C2"", ""bbox_xyxy"": [169.247, 303.831, 201.797, 328.359]}, {""candidate_id"": ""C3"", ""bbox_xyxy"": [307.72, 290.405, 469.19, 412.088]}, {""candidate_id"": ""C4"", ""bbox_xyxy"": [453.984, 312.027, 545.317, 391.087]}, {""candidate_id"": ""C5"", ""bbox_xyxy"": [542.279, 334.594, 604.638, 387.037]}, {""candidate_id"": ""C6"", ""bbox_xyxy"": [720.603, 277.641, 959.947, 455.351]}]",data/object_detections/2026_03_03_12_35_25_c0b72d3f/masks/FL/2026_03_03_12_35_25_c0b72d3f_f002123_fl_car_001.png,urban,day,overcast
P0382,data/camera_splits/2026_03_03_12_35_25_c0b72d3f/FL/fl_002313.jpg,data/camera_splits/2026_03_03_12_35_25_c0b72d3f/RL/rl_002281.jpg,"[113.718, 267.202, 367.645, 414.297]","[{""candidate_id"": ""C1"", ""bbox_xyxy"": [0.0, 284.884, 21.458, 319.206]}, {""candidate_id"": ""C2"", ""bbox_xyxy"": [68.021, 293.945, 130.064, 322.946]}, {""candidate_id"": ""C3"", ""bbox_xyxy"": [155.469, 301.776, 209.856, 329.022]}, {""candidate_id"": ""C4"", ""bbox_xyxy"": [269.661, 272.292, 509.006, 415.864]}, {""candidate_id"": ""C5"", ""bbox_xyxy"": [284.249, 303.468, 308.352, 330.652]}, {""candidate_id"": ""C6"", ""bbox_xyxy"": [480.751, 313.523, 499.546, 329.091]}, {""candidate_id"": ""C7"", ""bbox_xyxy"": [512.484, 255.314, 735.874, 412.265]}, {""candidate_id"": ""C8"", ""bbox_xyxy"": [758.123, 347.192, 778.541, 372.719]}]",data/object_detections/2026_03_03_12_35_25_c0b72d3f/masks/FL/2026_03_03_12_35_25_c0b72d3f_f002313_fl_bus_001.png,urban,day,overcast
P0383,data/camera_splits/2026_03_03_12_35_25_c0b72d3f/FL/fl_002691.jpg,data/camera_splits/2026_03_03_12_35_25_c0b72d3f/RL/rl_002420.jpg,"[0.04, 271.556, 296.343, 478.517]","[{""candidate_id"": ""C1"", ""bbox_xyxy"": [0.038, 283.923, 56.57, 315.436]}, {""candidate_id"": ""C2"", ""bbox_xyxy"": [82.949, 292.882, 133.141, 315.539]}, {""candidate_id"": ""C3"", ""bbox_xyxy"": [160.98, 301.117, 186.045, 317.106]}, {""candidate_id"": ""C4"", ""bbox_xyxy"": [266.737, 269.694, 473.473, 414.365]}, {""candidate_id"": ""C5"", ""bbox_xyxy"": [446.445, 304.411, 468.169, 330.326]}, {""candidate_id"": ""C6"", ""bbox_xyxy"": [469.303, 284.552, 719.688, 430.613]}]",data/object_detections/2026_03_03_12_35_25_c0b72d3f/masks/FL/2026_03_03_12_35_25_c0b72d3f_f002691_fl_delivery_van_006.png,urban,day,overcast
P0384,data/camera_splits/2026_03_03_12_35_25_c0b72d3f/FL/fl_002709.jpg,data/camera_splits/2026_03_03_12_35_25_c0b72d3f/RL/rl_002740.jpg,"[579.163, 345.807, 731.918, 421.575]","[{""candidate_id"": ""C1"", ""bbox_xyxy"": [0.0, 291.822, 112.332, 358.13]}, {""candidate_id"": ""C2"", ""bbox_xyxy"": [103.138, 306.741, 146.58, 336.31]}, {""candidate_id"": ""C3"", ""bbox_xyxy"": [250.336, 312.246, 279.671, 338.509]}, {""candidate_id"": ""C4"", ""bbox_xyxy"": [255.021, 287.288, 459.203, 414.356]}, {""candidate_id"": ""C5"", ""bbox_xyxy"": [421.128, 317.035, 477.356, 380.779]}, {""candidate_id"": ""C6"", ""bbox_xyxy"": [516.712, 321.811, 555.809, 342.677]}, {""candidate_id"": ""C7"", ""bbox_xyxy"": [539.184, 312.878, 955.201, 451.897]}]",data/object_detections/2026_03_03_12_35_25_c0b72d3f/masks/FL/2026_03_03_12_35_25_c0b72d3f_f002709_fl_car_004.png,urban,day,overcast
P0385,data/camera_splits/2026_03_03_12_35_25_c0b72d3f/FL/fl_002711.jpg,data/camera_splits/2026_03_03_12_35_25_c0b72d3f/RL/rl_002469.jpg,"[78.348, 343.204, 167.728, 409.16]","[{""candidate_id"": ""C1"", ""bbox_xyxy"": [0.031, 283.838, 56.346, 315.303]}, {""candidate_id"": ""C2"", ""bbox_xyxy"": [82.611, 292.932, 132.238, 315.394]}, {""candidate_id"": ""C3"", ""bbox_xyxy"": [160.333, 300.922, 186.135, 316.965]}, {""candidate_id"": ""C4"", ""bbox_xyxy"": [202.017, 303.914, 241.885, 324.814]}, {""candidate_id"": ""C5"", ""bbox_xyxy"": [265.661, 269.641, 475.748, 414.117]}, {""candidate_id"": ""C6"", ""bbox_xyxy"": [473.683, 304.955, 621.762, 410.882]}, {""candidate_id"": ""C7"", ""bbox_xyxy"": [622.983, 319.129, 656.952, 343.653]}, {""candidate_id"": ""C8"", ""bbox_xyxy"": [676.83, 305.774, 878.546, 435.924]}, {""candidate_id"": ""C9"", ""bbox_xyxy"": [893.72, 207.208, 959.968, 454.796]}]",data/object_detections/2026_03_03_12_35_25_c0b72d3f/masks/FL/2026_03_03_12_35_25_c0b72d3f_f002711_fl_car_005.png,urban,day,overcast
P0386,data/camera_splits/2026_03_03_12_35_25_c0b72d3f/FL/fl_002766.jpg,data/camera_splits/2026_03_03_12_35_25_c0b72d3f/RL/rl_002717.jpg,"[37.516, 312.751, 200.783, 402.572]","[{""candidate_id"": ""C1"", ""bbox_xyxy"": [0.012, 301.834, 13.65, 329.254]}, {""candidate_id"": ""C2"", ""bbox_xyxy"": [32.333, 305.092, 78.777, 328.209]}, {""candidate_id"": ""C3"", ""bbox_xyxy"": [32.472, 305.028, 78.823, 328.197]}, {""candidate_id"": ""C4"", ""bbox_xyxy"": [102.433, 311.424, 134.763, 327.758]}, {""candidate_id"": ""C5"", ""bbox_xyxy"": [255.85, 315.632, 277.701, 330.439]}, {""candidate_id"": ""C6"", ""bbox_xyxy"": [259.431, 288.086, 445.498, 414.317]}, {""candidate_id"": ""C7"", ""bbox_xyxy"": [418.265, 319.576, 475.842, 379.309]}, {""candidate_id"": ""C8"", ""bbox_xyxy"": [517.838, 235.864, 816.271, 417.595]}, {""candidate_id"": ""C9"", ""bbox_xyxy"": [815.283, 332.848, 839.779, 350.704]}]",data/object_detections/2026_03_03_12_35_25_c0b72d3f/masks/FL/2026_03_03_12_35_25_c0b72d3f_f002766_fl_truck_002.png,urban,day,overcast
P0387,data/camera_splits/2026_03_03_12_35_25_c0b72d3f/FL/fl_002842.jpg,data/camera_splits/2026_03_03_12_35_25_c0b72d3f/RL/rl_002868.jpg,"[687.667, 369.501, 799.877, 427.846]","[{""candidate_id"": ""C1"", ""bbox_xyxy"": [0.128, 295.783, 32.696, 313.011]}, {""candidate_id"": ""C2"", ""bbox_xyxy"": [18.484, 297.844, 211.224, 391.837]}, {""candidate_id"": ""C3"", ""bbox_xyxy"": [184.937, 309.112, 262.781, 366.07]}, {""candidate_id"": ""C4"", ""bbox_xyxy"": [257.164, 318.234, 314.877, 341.464]}, {""candidate_id"": ""C5"", ""bbox_xyxy"": [368.116, 319.551, 415.448, 360.195]}, {""candidate_id"": ""C6"", ""bbox_xyxy"": [462.374, 328.081, 527.768, 382.875]}, {""candidate_id"": ""C7"", ""bbox_xyxy"": [641.301, 339.851, 679.673, 376.085]}, {""candidate_id"": ""C8"", ""bbox_xyxy"": [670.985, 357.252, 736.204, 381.151]}, {""candidate_id"": ""C9"", ""bbox_xyxy"": [719.527, 368.152, 796.158, 396.329]}]",data/object_detections/2026_03_03_12_35_25_c0b72d3f/masks/FL/2026_03_03_12_35_25_c0b72d3f_f002842_fl_car_001.png,urban,day,overcast
P0388,data/camera_splits/2026_03_03_12_35_25_c0b72d3f/FL/fl_002842.jpg,data/camera_splits/2026_03_03_12_35_25_c0b72d3f/RL/rl_002868.jpg,"[799.966, 366.09, 959.966, 458.444]","[{""candidate_id"": ""C1"", ""bbox_xyxy"": [0.128, 295.783, 32.696, 313.011]}, {""candidate_id"": ""C2"", ""bbox_xyxy"": [18.484, 297.844, 211.224, 391.837]}, {""candidate_id"": ""C3"", ""bbox_xyxy"": [184.937, 309.112, 262.781, 366.07]}, {""candidate_id"": ""C4"", ""bbox_xyxy"": [257.164, 318.234, 314.877, 341.464]}, {""candidate_id"": ""C5"", ""bbox_xyxy"": [368.116, 319.551, 415.448, 360.195]}, {""candidate_id"": ""C6"", ""bbox_xyxy"": [462.374, 328.081, 527.768, 382.875]}, {""candidate_id"": ""C7"", ""bbox_xyxy"": [641.301, 339.851, 679.673, 376.085]}, {""candidate_id"": ""C8"", ""bbox_xyxy"": [670.985, 357.252, 736.204, 381.151]}, {""candidate_id"": ""C9"", ""bbox_xyxy"": [719.527, 368.152, 796.158, 396.329]}]",data/object_detections/2026_03_03_12_35_25_c0b72d3f/masks/FL/2026_03_03_12_35_25_c0b72d3f_f002842_fl_car_002.png,urban,day,overcast
P0389,data/camera_splits/2026_03_03_12_35_25_c0b72d3f/FL/fl_002874.jpg,data/camera_splits/2026_03_03_12_35_25_c0b72d3f/RL/rl_002907.jpg,"[327.406, 347.447, 396.45, 394.485]","[{""candidate_id"": ""C1"", ""bbox_xyxy"": [133.285, 317.817, 163.654, 329.737]}, {""candidate_id"": ""C2"", ""bbox_xyxy"": [249.345, 324.447, 298.938, 357.269]}, {""candidate_id"": ""C3"", ""bbox_xyxy"": [293.974, 330.693, 315.783, 340.011]}, {""candidate_id"": ""C4"", ""bbox_xyxy"": [321.069, 332.398, 342.768, 347.273]}, {""candidate_id"": ""C5"", ""bbox_xyxy"": [382.785, 329.897, 417.819, 361.465]}, {""candidate_id"": ""C6"", ""bbox_xyxy"": [457.679, 321.232, 490.45, 359.116]}, {""candidate_id"": ""C7"", ""bbox_xyxy"": [489.502, 325.323, 558.961, 374.176]}, {""candidate_id"": ""C8"", ""bbox_xyxy"": [555.104, 321.476, 586.806, 366.763]}, {""candidate_id"": ""C9"", ""bbox_xyxy"": [571.356, 300.539, 933.988, 437.189]}]",data/object_detections/2026_03_03_12_35_25_c0b72d3f/masks/FL/2026_03_03_12_35_25_c0b72d3f_f002874_fl_car_009.png,urban,day,overcast
P0390,data/camera_splits/2026_03_03_12_35_25_c0b72d3f/FL/fl_002884.jpg,data/camera_splits/2026_03_03_12_35_25_c0b72d3f/RL/rl_002910.jpg,"[276.031, 332.305, 365.215, 399.992]","[{""candidate_id"": ""C1"", ""bbox_xyxy"": [0.061, 296.272, 70.449, 324.215]}, {""candidate_id"": ""C2"", ""bbox_xyxy"": [327.403, 335.667, 347.248, 349.976]}, {""candidate_id"": ""C3"", ""bbox_xyxy"": [366.884, 331.776, 389.944, 354.984]}, {""candidate_id"": ""C4"", ""bbox_xyxy"": [384.733, 332.731, 420.718, 365.558]}, {""candidate_id"": ""C5"", ""bbox_xyxy"": [455.857, 325.369, 484.129, 360.156]}, {""candidate_id"": ""C6"", ""bbox_xyxy"": [481.347, 329.875, 537.553, 372.343]}, {""candidate_id"": ""C7"", ""bbox_xyxy"": [536.843, 311.558, 785.422, 414.377]}]",data/object_detections/2026_03_03_12_35_25_c0b72d3f/masks/FL/2026_03_03_12_35_25_c0b72d3f_f002884_fl_car_008.png,urban,day,overcast
P0391,data/camera_splits/2026_03_03_12_35_25_c0b72d3f/FL/fl_002884.jpg,data/camera_splits/2026_03_03_12_35_25_c0b72d3f/RL/rl_002920.jpg,"[276.031, 332.305, 365.215, 399.992]","[{""candidate_id"": ""C1"", ""bbox_xyxy"": [311.205, 338.109, 321.52, 347.106]}, {""candidate_id"": ""C2"", ""bbox_xyxy"": [413.545, 344.882, 439.96, 364.62]}, {""candidate_id"": ""C3"", ""bbox_xyxy"": [440.912, 347.695, 456.809, 359.868]}, {""candidate_id"": ""C4"", ""bbox_xyxy"": [456.493, 348.843, 476.301, 359.29]}, {""candidate_id"": ""C5"", ""bbox_xyxy"": [477.795, 341.045, 520.281, 379.886]}, {""candidate_id"": ""C6"", ""bbox_xyxy"": [518.0, 344.448, 538.559, 360.268]}, {""candidate_id"": ""C7"", ""bbox_xyxy"": [560.214, 341.916, 582.957, 373.676]}, {""candidate_id"": ""C8"", ""bbox_xyxy"": [579.167, 329.543, 716.038, 389.148]}]",data/object_detections/2026_03_03_12_35_25_c0b72d3f/masks/FL/2026_03_03_12_35_25_c0b72d3f_f002884_fl_car_008.png,urban,day,overcast
P0392,data/camera_splits/2026_03_03_12_35_25_c0b72d3f/FL/fl_002885.jpg,data/camera_splits/2026_03_03_12_35_25_c0b72d3f/RL/rl_002927.jpg,"[261.062, 330.367, 356.261, 404.007]","[{""candidate_id"": ""C1"", ""bbox_xyxy"": [101.103, 342.069, 165.898, 361.765]}, {""candidate_id"": ""C2"", ""bbox_xyxy"": [486.538, 350.498, 496.013, 358.759]}, {""candidate_id"": ""C3"", ""bbox_xyxy"": [568.951, 356.676, 587.086, 365.662]}, {""candidate_id"": ""C4"", ""bbox_xyxy"": [585.438, 356.07, 604.228, 371.28]}, {""candidate_id"": ""C5"", ""bbox_xyxy"": [602.309, 343.025, 662.959, 391.015]}, {""candidate_id"": ""C6"", ""bbox_xyxy"": [688.274, 358.059, 709.694, 368.364]}, {""candidate_id"": ""C7"", ""bbox_xyxy"": [715.557, 333.07, 841.803, 384.918]}]",data/object_detections/2026_03_03_12_35_25_c0b72d3f/masks/FL/2026_03_03_12_35_25_c0b72d3f_f002885_fl_car_007.png,urban,day,overcast
P0393,data/camera_splits/2026_03_03_12_35_25_c0b72d3f/FL/fl_002895.jpg,data/camera_splits/2026_03_03_12_35_25_c0b72d3f/RL/rl_002963.jpg,"[233.087, 344.723, 365.207, 387.782]","[{""candidate_id"": ""C1"", ""bbox_xyxy"": [0.0, 287.789, 73.472, 408.271]}, {""candidate_id"": ""C2"", ""bbox_xyxy"": [48.351, 263.258, 156.552, 347.825]}, {""candidate_id"": ""C3"", ""bbox_xyxy"": [119.945, 311.797, 227.871, 366.317]}, {""candidate_id"": ""C4"", ""bbox_xyxy"": [404.64, 320.366, 472.207, 355.691]}, {""candidate_id"": ""C5"", ""bbox_xyxy"": [507.272, 317.367, 561.599, 348.94]}]",data/object_detections/2026_03_03_12_35_25_c0b72d3f/masks/FL/2026_03_03_12_35_25_c0b72d3f_f002895_fl_bus_004.png,urban,day,overcast
P0394,data/camera_splits/2026_03_03_12_35_25_c0b72d3f/FL/fl_002916.jpg,data/camera_splits/2026_03_03_12_35_25_c0b72d3f/RL/rl_002963.jpg,"[171.601, 317.875, 422.998, 406.518]","[{""candidate_id"": ""C1"", ""bbox_xyxy"": [0.0, 287.789, 73.472, 408.271]}, {""candidate_id"": ""C2"", ""bbox_xyxy"": [48.351, 263.258, 156.552, 347.825]}, {""candidate_id"": ""C3"", ""bbox_xyxy"": [119.945, 311.797, 227.871, 366.317]}, {""candidate_id"": ""C4"", ""bbox_xyxy"": [404.64, 320.366, 472.207, 355.691]}, {""candidate_id"": ""C5"", ""bbox_xyxy"": [507.272, 317.367, 561.599, 348.94]}]",data/object_detections/2026_03_03_12_35_25_c0b72d3f/masks/FL/2026_03_03_12_35_25_c0b72d3f_f002916_fl_bus_001.png,urban,day,overcast
P0395,data/camera_splits/2026_03_03_12_35_25_c0b72d3f/FL/fl_002921.jpg,data/camera_splits/2026_03_03_12_35_25_c0b72d3f/RL/rl_002972.jpg,"[56.111, 344.905, 181.262, 402.452]","[{""candidate_id"": ""C1"", ""bbox_xyxy"": [1.49, 282.155, 138.48, 360.913]}, {""candidate_id"": ""C2"", ""bbox_xyxy"": [177.882, 289.063, 234.011, 346.653]}, {""candidate_id"": ""C3"", ""bbox_xyxy"": [183.101, 310.449, 258.552, 363.178]}, {""candidate_id"": ""C4"", ""bbox_xyxy"": [250.432, 320.102, 292.073, 352.299]}, {""candidate_id"": ""C5"", ""bbox_xyxy"": [379.449, 327.093, 419.46, 356.928]}]",data/object_detections/2026_03_03_12_35_25_c0b72d3f/masks/FL/2026_03_03_12_35_25_c0b72d3f_f002921_fl_truck_005.png,urban,day,overcast
P0396,data/camera_splits/2026_03_03_12_35_25_c0b72d3f/FL/fl_002929.jpg,data/camera_splits/2026_03_03_12_35_25_c0b72d3f/RL/rl_002981.jpg,"[286.357, 328.244, 393.623, 388.208]","[{""candidate_id"": ""C1"", ""bbox_xyxy"": [0.038, 288.104, 39.558, 385.236]}, {""candidate_id"": ""C2"", ""bbox_xyxy"": [151.737, 301.864, 221.025, 349.66]}, {""candidate_id"": ""C3"", ""bbox_xyxy"": [227.837, 299.378, 274.236, 341.888]}, {""candidate_id"": ""C4"", ""bbox_xyxy"": [263.372, 317.187, 301.661, 350.335]}, {""candidate_id"": ""C5"", ""bbox_xyxy"": [298.879, 323.931, 317.683, 346.092]}, {""candidate_id"": ""C6"", ""bbox_xyxy"": [358.375, 331.783, 378.143, 341.889]}, {""candidate_id"": ""C7"", ""bbox_xyxy"": [382.803, 327.875, 411.971, 354.058]}]",data/object_detections/2026_03_03_12_35_25_c0b72d3f/masks/FL/2026_03_03_12_35_25_c0b72d3f_f002929_fl_truck_007.png,urban,day,overcast
P0397,data/camera_splits/2026_03_03_12_35_25_c0b72d3f/FL/fl_002948.jpg,data/camera_splits/2026_03_03_12_35_25_c0b72d3f/RL/rl_002967.jpg,"[625.983, 340.143, 813.145, 430.762]","[{""candidate_id"": ""C1"", ""bbox_xyxy"": [0.006, 294.708, 24.774, 369.242]}, {""candidate_id"": ""C2"", ""bbox_xyxy"": [28.086, 292.729, 188.468, 382.978]}, {""candidate_id"": ""C3"", ""bbox_xyxy"": [119.336, 276.66, 203.48, 332.332]}, {""candidate_id"": ""C4"", ""bbox_xyxy"": [187.919, 314.594, 258.527, 357.209]}, {""candidate_id"": ""C5"", ""bbox_xyxy"": [335.349, 333.755, 347.171, 342.706]}, {""candidate_id"": ""C6"", ""bbox_xyxy"": [382.604, 322.119, 438.166, 355.328]}]",data/object_detections/2026_03_03_12_35_25_c0b72d3f/masks/FL/2026_03_03_12_35_25_c0b72d3f_f002948_fl_car_005.png,urban,day,overcast
P0398,data/camera_splits/2026_03_03_12_35_25_c0b72d3f/FL/fl_002970.jpg,data/camera_splits/2026_03_03_12_35_25_c0b72d3f/RL/rl_003010.jpg,"[696.136, 347.104, 802.799, 402.84]","[{""candidate_id"": ""C1"", ""bbox_xyxy"": [27.921, 301.262, 147.421, 364.521]}, {""candidate_id"": ""C2"", ""bbox_xyxy"": [153.041, 322.589, 246.447, 353.48]}, {""candidate_id"": ""C3"", ""bbox_xyxy"": [199.765, 302.901, 267.981, 347.66]}, {""candidate_id"": ""C4"", ""bbox_xyxy"": [299.94, 313.185, 331.684, 339.328]}, {""candidate_id"": ""C5"", ""bbox_xyxy"": [336.548, 325.93, 356.917, 341.622]}, {""candidate_id"": ""C6"", ""bbox_xyxy"": [374.825, 331.895, 392.012, 338.903]}, {""candidate_id"": ""C7"", ""bbox_xyxy"": [403.034, 328.862, 428.325, 352.396]}, {""candidate_id"": ""C8"", ""bbox_xyxy"": [558.032, 317.422, 580.919, 379.079]}]",data/object_detections/2026_03_03_12_35_25_c0b72d3f/masks/FL/2026_03_03_12_35_25_c0b72d3f_f002970_fl_delivery_van_009.png,urban,day,overcast
P0399,data/camera_splits/2026_03_03_12_35_25_c0b72d3f/FL/fl_003002.jpg,data/camera_splits/2026_03_03_12_35_25_c0b72d3f/RL/rl_003094.jpg,"[594.446, 328.291, 741.385, 392.603]","[{""candidate_id"": ""C1"", ""bbox_xyxy"": [0.0, 302.557, 148.544, 360.506]}, {""candidate_id"": ""C2"", ""bbox_xyxy"": [173.036, 288.681, 245.117, 351.834]}, {""candidate_id"": ""C3"", ""bbox_xyxy"": [327.52, 316.483, 371.434, 349.372]}, {""candidate_id"": ""C4"", ""bbox_xyxy"": [373.359, 319.995, 425.203, 367.242]}, {""candidate_id"": ""C5"", ""bbox_xyxy"": [466.267, 259.694, 596.788, 403.553]}]",data/object_detections/2026_03_03_12_35_25_c0b72d3f/masks/FL/2026_03_03_12_35_25_c0b72d3f_f003002_fl_truck_008.png,urban,day,overcast
P0400,data/camera_splits/2026_03_03_12_35_25_c0b72d3f/FL/fl_003016.jpg,data/camera_splits/2026_03_03_12_35_25_c0b72d3f/RL/rl_003094.jpg,"[395.974, 318.241, 454.422, 390.0]","[{""candidate_id"": ""C1"", ""bbox_xyxy"": [0.0, 302.557, 148.544, 360.506]}, {""candidate_id"": ""C2"", ""bbox_xyxy"": [173.036, 288.681, 245.117, 351.834]}, {""candidate_id"": ""C3"", ""bbox_xyxy"": [327.52, 316.483, 371.434, 349.372]}, {""candidate_id"": ""C4"", ""bbox_xyxy"": [373.359, 319.995, 425.203, 367.242]}, {""candidate_id"": ""C5"", ""bbox_xyxy"": [466.267, 259.694, 596.788, 403.553]}]",data/object_detections/2026_03_03_12_35_25_c0b72d3f/masks/FL/2026_03_03_12_35_25_c0b72d3f_f003016_fl_truck_001.png,urban,day,overcast
P0401,data/camera_splits/2026_03_03_12_35_25_c0b72d3f/FL/fl_003016.jpg,data/camera_splits/2026_03_03_12_35_25_c0b72d3f/RL/rl_003094.jpg,"[746.383, 309.806, 960.0, 443.404]","[{""candidate_id"": ""C1"", ""bbox_xyxy"": [0.0, 302.557, 148.544, 360.506]}, {""candidate_id"": ""C2"", ""bbox_xyxy"": [173.036, 288.681, 245.117, 351.834]}, {""candidate_id"": ""C3"", ""bbox_xyxy"": [327.52, 316.483, 371.434, 349.372]}, {""candidate_id"": ""C4"", ""bbox_xyxy"": [373.359, 319.995, 425.203, 367.242]}, {""candidate_id"": ""C5"", ""bbox_xyxy"": [466.267, 259.694, 596.788, 403.553]}]",data/object_detections/2026_03_03_12_35_25_c0b72d3f/masks/FL/2026_03_03_12_35_25_c0b72d3f_f003016_fl_truck_004.png,urban,day,overcast
P0402,data/camera_splits/2026_03_03_12_35_25_c0b72d3f/FL/fl_003025.jpg,data/camera_splits/2026_03_03_12_35_25_c0b72d3f/RL/rl_003094.jpg,"[831.722, 347.94, 960.0, 423.125]","[{""candidate_id"": ""C1"", ""bbox_xyxy"": [0.0, 302.557, 148.544, 360.506]}, {""candidate_id"": ""C2"", ""bbox_xyxy"": [173.036, 288.681, 245.117, 351.834]}, {""candidate_id"": ""C3"", ""bbox_xyxy"": [327.52, 316.483, 371.434, 349.372]}, {""candidate_id"": ""C4"", ""bbox_xyxy"": [373.359, 319.995, 425.203, 367.242]}, {""candidate_id"": ""C5"", ""bbox_xyxy"": [466.267, 259.694, 596.788, 403.553]}]",data/object_detections/2026_03_03_12_35_25_c0b72d3f/masks/FL/2026_03_03_12_35_25_c0b72d3f_f003025_fl_car_004.png,urban,day,overcast
P0403,data/camera_splits/2026_03_03_12_35_25_c0b72d3f/FL/fl_003033.jpg,data/camera_splits/2026_03_03_12_35_25_c0b72d3f/RL/rl_003097.jpg,"[311.487, 275.378, 430.132, 411.496]","[{""candidate_id"": ""C1"", ""bbox_xyxy"": [31.134, 308.622, 168.671, 359.438]}, {""candidate_id"": ""C2"", ""bbox_xyxy"": [185.76, 294.343, 250.465, 351.743]}, {""candidate_id"": ""C3"", ""bbox_xyxy"": [328.721, 320.079, 363.775, 347.513]}, {""candidate_id"": ""C4"", ""bbox_xyxy"": [360.897, 321.208, 411.734, 366.195]}, {""candidate_id"": ""C5"", ""bbox_xyxy"": [409.622, 330.29, 415.892, 337.159]}, {""candidate_id"": ""C6"", ""bbox_xyxy"": [446.084, 273.455, 544.839, 388.753]}, {""candidate_id"": ""C7"", ""bbox_xyxy"": [549.574, 321.986, 562.066, 359.75]}]",data/object_detections/2026_03_03_12_35_25_c0b72d3f/masks/FL/2026_03_03_12_35_25_c0b72d3f_f003033_fl_truck_001.png,urban,day,overcast
P0404,data/camera_splits/2026_03_03_12_35_25_c0b72d3f/FL/fl_003038.jpg,data/camera_splits/2026_03_03_12_35_25_c0b72d3f/RL/rl_003107.jpg,"[261.148, 256.646, 411.403, 422.557]","[{""candidate_id"": ""C1"", ""bbox_xyxy"": [131.359, 318.599, 221.765, 353.367]}, {""candidate_id"": ""C2"", ""bbox_xyxy"": [224.785, 306.739, 271.066, 349.142]}, {""candidate_id"": ""C3"", ""bbox_xyxy"": [345.652, 324.906, 390.195, 364.661]}, {""candidate_id"": ""C4"", ""bbox_xyxy"": [415.537, 297.816, 471.762, 367.67]}]",data/object_detections/2026_03_03_12_35_25_c0b72d3f/masks/FL/2026_03_03_12_35_25_c0b72d3f_f003038_fl_truck_001.png,urban,day,overcast
P0405,data/camera_splits/2026_03_03_12_35_25_c0b72d3f/FL/fl_003060.jpg,data/camera_splits/2026_03_03_12_35_25_c0b72d3f/RL/rl_003091.jpg,"[500.705, 342.139, 614.108, 415.85]","[{""candidate_id"": ""C1"", ""bbox_xyxy"": [0.0, 295.059, 120.736, 364.118]}, {""candidate_id"": ""C2"", ""bbox_xyxy"": [156.18, 281.726, 263.437, 351.919]}, {""candidate_id"": ""C3"", ""bbox_xyxy"": [322.495, 313.602, 375.694, 351.844]}, {""candidate_id"": ""C4"", ""bbox_xyxy"": [386.433, 318.179, 439.581, 367.284]}, {""candidate_id"": ""C5"", ""bbox_xyxy"": [472.961, 326.793, 478.783, 341.33]}, {""candidate_id"": ""C6"", ""bbox_xyxy"": [493.1, 237.508, 679.866, 424.57]}]",data/object_detections/2026_03_03_12_35_25_c0b72d3f/masks/FL/2026_03_03_12_35_25_c0b72d3f_f003060_fl_car_004.png,urban,day,overcast
P0406,data/camera_splits/2026_03_03_12_35_25_c0b72d3f/FL/fl_003078.jpg,data/camera_splits/2026_03_03_12_35_25_c0b72d3f/RL/rl_003146.jpg,"[685.448, 349.936, 819.066, 397.994]","[{""candidate_id"": ""C1"", ""bbox_xyxy"": [0.07, 309.61, 30.097, 338.061]}, {""candidate_id"": ""C2"", ""bbox_xyxy"": [14.319, 297.685, 245.906, 395.515]}, {""candidate_id"": ""C3"", ""bbox_xyxy"": [264.708, 328.631, 355.303, 369.875]}, {""candidate_id"": ""C4"", ""bbox_xyxy"": [430.431, 336.813, 470.568, 354.325]}, {""candidate_id"": ""C5"", ""bbox_xyxy"": [469.326, 328.28, 492.716, 352.228]}, {""candidate_id"": ""C6"", ""bbox_xyxy"": [512.887, 330.563, 576.424, 388.978]}, {""candidate_id"": ""C7"", ""bbox_xyxy"": [574.072, 324.172, 601.237, 359.616]}, {""candidate_id"": ""C8"", ""bbox_xyxy"": [608.256, 336.374, 614.978, 354.036]}]",data/object_detections/2026_03_03_12_35_25_c0b72d3f/masks/FL/2026_03_03_12_35_25_c0b72d3f_f003078_fl_car_002.png,urban,day,overcast
P0407,data/camera_splits/2026_03_03_12_35_25_c0b72d3f/FL/fl_003095.jpg,data/camera_splits/2026_03_03_12_35_25_c0b72d3f/RL/rl_003148.jpg,"[673.784, 342.112, 849.037, 402.214]","[{""candidate_id"": ""C1"", ""bbox_xyxy"": [0.0, 326.122, 54.495, 343.163]}, {""candidate_id"": ""C2"", ""bbox_xyxy"": [54.793, 313.656, 91.339, 341.703]}, {""candidate_id"": ""C3"", ""bbox_xyxy"": [78.037, 303.67, 286.334, 393.737]}, {""candidate_id"": ""C4"", ""bbox_xyxy"": [301.958, 331.417, 387.453, 371.269]}, {""candidate_id"": ""C5"", ""bbox_xyxy"": [461.154, 339.157, 500.726, 356.317]}, {""candidate_id"": ""C6"", ""bbox_xyxy"": [498.954, 330.572, 524.045, 354.421]}, {""candidate_id"": ""C7"", ""bbox_xyxy"": [534.201, 331.14, 602.295, 394.152]}, {""candidate_id"": ""C8"", ""bbox_xyxy"": [604.35, 326.166, 631.553, 361.779]}]",data/object_detections/2026_03_03_12_35_25_c0b72d3f/masks/FL/2026_03_03_12_35_25_c0b72d3f_f003095_fl_delivery_van_002.png,urban,day,overcast
P0408,data/camera_splits/2026_03_03_12_35_25_c0b72d3f/FL/fl_003099.jpg,data/camera_splits/2026_03_03_12_35_25_c0b72d3f/RL/rl_003230.jpg,"[697.13, 338.201, 913.087, 411.498]","[{""candidate_id"": ""C1"", ""bbox_xyxy"": [0.017, 299.905, 68.267, 336.312]}, {""candidate_id"": ""C2"", ""bbox_xyxy"": [203.462, 305.099, 231.666, 327.057]}, {""candidate_id"": ""C3"", ""bbox_xyxy"": [678.924, 313.191, 722.841, 325.146]}, {""candidate_id"": ""C4"", ""bbox_xyxy"": [723.219, 300.804, 852.355, 358.566]}, {""candidate_id"": ""C5"", ""bbox_xyxy"": [930.121, 315.136, 960.0, 354.868]}]",data/object_detections/2026_03_03_12_35_25_c0b72d3f/masks/FL/2026_03_03_12_35_25_c0b72d3f_f003099_fl_delivery_van_003.png,urban,day,overcast
P0409,data/camera_splits/2026_03_03_12_35_25_c0b72d3f/FL/fl_003100.jpg,data/camera_splits/2026_03_03_12_35_25_c0b72d3f/RL/rl_003242.jpg,"[705.389, 336.296, 935.106, 414.123]","[{""candidate_id"": ""C1"", ""bbox_xyxy"": [156.161, 308.764, 206.774, 334.552]}, {""candidate_id"": ""C2"", ""bbox_xyxy"": [278.801, 310.527, 303.741, 330.826]}, {""candidate_id"": ""C3"", ""bbox_xyxy"": [741.646, 309.309, 781.969, 320.616]}, {""candidate_id"": ""C4"", ""bbox_xyxy"": [780.599, 295.777, 915.102, 354.138]}]",data/object_detections/2026_03_03_12_35_25_c0b72d3f/masks/FL/2026_03_03_12_35_25_c0b72d3f_f003100_fl_delivery_van_004.png,urban,day,overcast
P0410,data/camera_splits/2026_03_03_17_44_24_61db98c7/FL/fl_000007.jpg,data/camera_splits/2026_03_03_17_44_24_61db98c7/RL/rl_000046.jpg,"[123.24, 343.396, 331.85, 454.291]","[{""candidate_id"": ""C1"", ""bbox_xyxy"": [71.559, 313.0, 178.043, 360.389]}, {""candidate_id"": ""C2"", ""bbox_xyxy"": [220.174, 321.152, 279.023, 348.972]}, {""candidate_id"": ""C3"", ""bbox_xyxy"": [290.352, 322.773, 321.789, 342.384]}, {""candidate_id"": ""C4"", ""bbox_xyxy"": [318.034, 323.667, 339.697, 340.894]}, {""candidate_id"": ""C5"", ""bbox_xyxy"": [359.452, 327.126, 374.559, 337.818]}, {""candidate_id"": ""C6"", ""bbox_xyxy"": [373.321, 326.612, 394.311, 341.594]}, {""candidate_id"": ""C7"", ""bbox_xyxy"": [396.322, 328.807, 410.912, 338.32]}, {""candidate_id"": ""C8"", ""bbox_xyxy"": [431.879, 332.998, 437.95, 342.525]}, {""candidate_id"": ""C9"", ""bbox_xyxy"": [475.532, 329.199, 521.143, 370.697]}, {""candidate_id"": ""C10"", ""bbox_xyxy"": [508.371, 328.144, 624.513, 405.76]}]",data/object_detections/2026_03_03_17_44_24_61db98c7/masks/FL/2026_03_03_17_44_24_61db98c7_f000007_fl_car_002.png,urban,day,sun_glare
P0411,data/camera_splits/2026_03_03_17_44_24_61db98c7/FL/fl_000031.jpg,data/camera_splits/2026_03_03_17_44_24_61db98c7/RL/rl_000092.jpg,"[665.296, 360.046, 715.406, 391.684]","[{""candidate_id"": ""C1"", ""bbox_xyxy"": [39.246, 324.417, 123.56, 368.122]}, {""candidate_id"": ""C2"", ""bbox_xyxy"": [164.66, 331.602, 212.377, 359.24]}, {""candidate_id"": ""C3"", ""bbox_xyxy"": [256.898, 337.276, 287.36, 358.001]}, {""candidate_id"": ""C4"", ""bbox_xyxy"": [325.051, 340.634, 336.524, 347.341]}, {""candidate_id"": ""C5"", ""bbox_xyxy"": [340.136, 345.096, 347.899, 356.003]}, {""candidate_id"": ""C6"", ""bbox_xyxy"": [371.008, 342.172, 390.886, 357.383]}, {""candidate_id"": ""C7"", ""bbox_xyxy"": [685.698, 176.313, 869.354, 375.648]}]",data/object_detections/2026_03_03_17_44_24_61db98c7/masks/FL/2026_03_03_17_44_24_61db98c7_f000031_fl_car_002.png,urban,day,sun_glare
P0412,data/camera_splits/2026_03_03_17_44_24_61db98c7/FL/fl_000031.jpg,data/camera_splits/2026_03_03_17_44_24_61db98c7/RL/rl_000092.jpg,"[783.895, 353.453, 942.127, 417.484]","[{""candidate_id"": ""C1"", ""bbox_xyxy"": [39.246, 324.417, 123.56, 368.122]}, {""candidate_id"": ""C2"", ""bbox_xyxy"": [164.66, 331.602, 212.377, 359.24]}, {""candidate_id"": ""C3"", ""bbox_xyxy"": [256.898, 337.276, 287.36, 358.001]}, {""candidate_id"": ""C4"", ""bbox_xyxy"": [325.051, 340.634, 336.524, 347.341]}, {""candidate_id"": ""C5"", ""bbox_xyxy"": [340.136, 345.096, 347.899, 356.003]}, {""candidate_id"": ""C6"", ""bbox_xyxy"": [371.008, 342.172, 390.886, 357.383]}, {""candidate_id"": ""C7"", ""bbox_xyxy"": [685.698, 176.313, 869.354, 375.648]}]",data/object_detections/2026_03_03_17_44_24_61db98c7/masks/FL/2026_03_03_17_44_24_61db98c7_f000031_fl_car_004.png,urban,day,sun_glare
P0413,data/camera_splits/2026_03_03_17_44_24_61db98c7/FL/fl_000075.jpg,data/camera_splits/2026_03_03_17_44_24_61db98c7/RL/rl_000105.jpg,"[101.798, 340.585, 297.272, 417.455]","[{""candidate_id"": ""C1"", ""bbox_xyxy"": [176.703, 335.176, 185.241, 355.622]}, {""candidate_id"": ""C2"", ""bbox_xyxy"": [308.587, 338.807, 324.605, 349.877]}, {""candidate_id"": ""C3"", ""bbox_xyxy"": [353.303, 334.847, 361.17, 352.598]}, {""candidate_id"": ""C4"", ""bbox_xyxy"": [353.597, 341.207, 360.302, 352.817]}, {""candidate_id"": ""C5"", ""bbox_xyxy"": [368.541, 338.231, 389.348, 349.537]}, {""candidate_id"": ""C6"", ""bbox_xyxy"": [505.777, 299.413, 686.98, 371.876]}, {""candidate_id"": ""C7"", ""bbox_xyxy"": [554.714, 241.989, 613.172, 299.998]}, {""candidate_id"": ""C8"", ""bbox_xyxy"": [656.923, 248.799, 702.851, 313.619]}, {""candidate_id"": ""C9"", ""bbox_xyxy"": [697.722, 324.641, 850.695, 383.947]}, {""candidate_id"": ""C10"", ""bbox_xyxy"": [743.458, 270.086, 790.187, 331.066]}, {""candidate_id"": ""C11"", ""bbox_xyxy"": [775.359, 253.895, 823.966, 324.676]}, {""candidate_id"": ""C12"", ""bbox_xyxy"": [824.129, 272.831, 874.883, 344.508]}, {""candidate_id"": ""C13"", ""bbox_xyxy"": [943.72, 313.114, 959.956, 334.889]}]",data/object_detections/2026_03_03_17_44_24_61db98c7/masks/FL/2026_03_03_17_44_24_61db98c7_f000075_fl_delivery_van_004.png,construction_zone,day,sun_glare
P0414,data/camera_splits/2026_03_03_17_44_24_61db98c7/FL/fl_000131.jpg,data/camera_splits/2026_03_03_17_44_24_61db98c7/RL/rl_000154.jpg,"[266.74, 351.21, 392.165, 424.712]","[{""candidate_id"": ""C1"", ""bbox_xyxy"": [343.326, 325.656, 362.509, 340.757]}, {""candidate_id"": ""C2"", ""bbox_xyxy"": [363.313, 323.455, 391.02, 337.397]}, {""candidate_id"": ""C3"", ""bbox_xyxy"": [454.498, 329.44, 512.713, 373.616]}]",data/object_detections/2026_03_03_17_44_24_61db98c7/masks/FL/2026_03_03_17_44_24_61db98c7_f000131_fl_car_001.png,urban,day,sun_glare
P0415,data/camera_splits/2026_03_03_17_44_24_61db98c7/FL/fl_000178.jpg,data/camera_splits/2026_03_03_17_44_24_61db98c7/RL/rl_000199.jpg,"[657.277, 343.201, 761.23, 407.665]","[{""candidate_id"": ""C1"", ""bbox_xyxy"": [183.838, 308.821, 254.687, 356.065]}, {""candidate_id"": ""C2"", ""bbox_xyxy"": [343.502, 337.362, 356.633, 345.146]}, {""candidate_id"": ""C3"", ""bbox_xyxy"": [378.471, 336.657, 396.326, 349.91]}]",data/object_detections/2026_03_03_17_44_24_61db98c7/masks/FL/2026_03_03_17_44_24_61db98c7_f000178_fl_delivery_van_001.png,urban,day,sun_glare
P0416,data/camera_splits/2026_03_03_17_44_24_61db98c7/FL/fl_000621.jpg,data/camera_splits/2026_03_03_17_44_24_61db98c7/RL/rl_000657.jpg,"[694.135, 356.718, 881.444, 430.883]","[{""candidate_id"": ""C1"", ""bbox_xyxy"": [0.034, 314.997, 36.617, 414.633]}, {""candidate_id"": ""C2"", ""bbox_xyxy"": [33.287, 313.863, 155.846, 383.569]}, {""candidate_id"": ""C3"", ""bbox_xyxy"": [149.419, 279.612, 329.382, 413.454]}, {""candidate_id"": ""C4"", ""bbox_xyxy"": [330.323, 334.279, 340.7, 341.332]}, {""candidate_id"": ""C5"", ""bbox_xyxy"": [361.453, 327.263, 376.217, 350.424]}, {""candidate_id"": ""C6"", ""bbox_xyxy"": [367.865, 325.438, 417.468, 364.278]}, {""candidate_id"": ""C7"", ""bbox_xyxy"": [685.307, 312.463, 750.8, 433.184]}, {""candidate_id"": ""C8"", ""bbox_xyxy"": [806.418, 289.46, 923.87, 397.321]}]",data/object_detections/2026_03_03_17_44_24_61db98c7/masks/FL/2026_03_03_17_44_24_61db98c7_f000621_fl_car_003.png,construction_zone,day,sun_glare
P0417,data/camera_splits/2026_03_03_17_44_24_61db98c7/FL/fl_000645.jpg,data/camera_splits/2026_03_03_17_44_24_61db98c7/RL/rl_000674.jpg,"[617.455, 327.075, 842.185, 445.576]","[{""candidate_id"": ""C1"", ""bbox_xyxy"": [0.009, 318.566, 31.43, 399.806]}, {""candidate_id"": ""C2"", ""bbox_xyxy"": [16.138, 324.336, 66.15, 382.943]}, {""candidate_id"": ""C3"", ""bbox_xyxy"": [61.483, 283.245, 253.14, 403.486]}, {""candidate_id"": ""C4"", ""bbox_xyxy"": [250.276, 324.831, 275.554, 366.463]}, {""candidate_id"": ""C5"", ""bbox_xyxy"": [268.0, 294.0, 395.0, 408.0]}, {""candidate_id"": ""C6"", ""bbox_xyxy"": [390.428, 333.152, 425.394, 367.049]}, {""candidate_id"": ""C7"", ""bbox_xyxy"": [467.475, 324.776, 484.009, 373.221]}, {""candidate_id"": ""C8"", ""bbox_xyxy"": [588.344, 101.38, 635.271, 170.95]}, {""candidate_id"": ""C9"", ""bbox_xyxy"": [606.0, 273.0, 959.0, 450.0]}]",data/object_detections/2026_03_03_17_44_24_61db98c7/masks/FL/2026_03_03_17_44_24_61db98c7_f000645_fl_delivery_van_006.png,urban,day,sun_glare
P0418,data/camera_splits/2026_03_03_17_44_24_61db98c7/FL/fl_000677.jpg,data/camera_splits/2026_03_03_17_44_24_61db98c7/RL/rl_000782.jpg,"[753.597, 354.331, 900.556, 402.358]","[{""candidate_id"": ""C1"", ""bbox_xyxy"": [24.0, 303.0, 160.0, 362.0]}, {""candidate_id"": ""C2"", ""bbox_xyxy"": [261.749, 333.445, 309.447, 356.975]}, {""candidate_id"": ""C3"", ""bbox_xyxy"": [261.765, 333.504, 309.487, 356.967]}, {""candidate_id"": ""C4"", ""bbox_xyxy"": [385.0, 310.0, 450.0, 378.0]}, {""candidate_id"": ""C5"", ""bbox_xyxy"": [439.431, 327.332, 454.41, 362.627]}, {""candidate_id"": ""C6"", ""bbox_xyxy"": [452.828, 335.63, 471.586, 354.178]}, {""candidate_id"": ""C7"", ""bbox_xyxy"": [461.599, 333.888, 471.299, 359.637]}, {""candidate_id"": ""C8"", ""bbox_xyxy"": [543.13, 333.412, 550.951, 358.57]}]",data/object_detections/2026_03_03_17_44_24_61db98c7/masks/FL/2026_03_03_17_44_24_61db98c7_f000677_fl_car_004.png,urban,day,sun_glare
P0419,data/camera_splits/2026_03_03_17_44_24_61db98c7/FL/fl_000681.jpg,data/camera_splits/2026_03_03_17_44_24_61db98c7/RL/rl_000710.jpg,"[617.938, 352.863, 775.163, 434.223]","[{""candidate_id"": ""C1"", ""bbox_xyxy"": [65.211, 289.626, 207.358, 365.752]}, {""candidate_id"": ""C2"", ""bbox_xyxy"": [82.801, 273.013, 104.834, 296.677]}, {""candidate_id"": ""C3"", ""bbox_xyxy"": [191.405, 300.226, 235.633, 336.354]}, {""candidate_id"": ""C4"", ""bbox_xyxy"": [247.246, 303.252, 293.356, 330.956]}, {""candidate_id"": ""C5"", ""bbox_xyxy"": [311.0, 270.0, 417.0, 378.0]}, {""candidate_id"": ""C6"", ""bbox_xyxy"": [447.846, 307.053, 499.879, 344.643]}, {""candidate_id"": ""C7"", ""bbox_xyxy"": [549.959, 142.833, 586.249, 204.406]}]",data/object_detections/2026_03_03_17_44_24_61db98c7/masks/FL/2026_03_03_17_44_24_61db98c7_f000681_fl_car_001.png,urban,day,sun_glare
P0420,data/camera_splits/2026_03_03_17_44_24_61db98c7/FL/fl_000851.jpg,data/camera_splits/2026_03_03_17_44_24_61db98c7/RL/rl_000894.jpg,"[768.427, 370.496, 874.02, 419.182]","[{""candidate_id"": ""C1"", ""bbox_xyxy"": [43.806, 336.846, 145.431, 383.243]}, {""candidate_id"": ""C2"", ""bbox_xyxy"": [305.951, 330.498, 319.36, 363.7]}, {""candidate_id"": ""C3"", ""bbox_xyxy"": [316.34, 297.682, 432.571, 397.578]}, {""candidate_id"": ""C4"", ""bbox_xyxy"": [607.424, 296.178, 636.676, 355.86]}, {""candidate_id"": ""C5"", ""bbox_xyxy"": [780.729, 281.78, 812.897, 371.233]}]",data/object_detections/2026_03_03_17_44_24_61db98c7/masks/FL/2026_03_03_17_44_24_61db98c7_f000851_fl_car_001.png,urban,day,sun_glare
P0421,data/camera_splits/2026_03_03_17_44_24_61db98c7/FL/fl_000870.jpg,data/camera_splits/2026_03_03_17_44_24_61db98c7/RL/rl_000923.jpg,"[747.146, 362.021, 862.098, 419.681]","[{""candidate_id"": ""C1"", ""bbox_xyxy"": [15.777, 322.805, 141.504, 377.939]}, {""candidate_id"": ""C2"", ""bbox_xyxy"": [268.762, 337.534, 295.268, 353.303]}, {""candidate_id"": ""C3"", ""bbox_xyxy"": [299.264, 295.492, 443.992, 412.858]}, {""candidate_id"": ""C4"", ""bbox_xyxy"": [588.924, 292.09, 613.114, 360.532]}, {""candidate_id"": ""C5"", ""bbox_xyxy"": [623.214, 290.307, 639.845, 352.802]}]",data/object_detections/2026_03_03_17_44_24_61db98c7/masks/FL/2026_03_03_17_44_24_61db98c7_f000870_fl_car_007.png,urban,day,sun_glare
P0422,data/camera_splits/2026_03_03_17_44_24_61db98c7/FL/fl_000988.jpg,data/camera_splits/2026_03_03_17_44_24_61db98c7/RL/rl_001044.jpg,"[786.509, 369.648, 958.13, 439.108]","[{""candidate_id"": ""C1"", ""bbox_xyxy"": [14.412, 329.226, 129.886, 380.732]}, {""candidate_id"": ""C2"", ""bbox_xyxy"": [229.767, 277.61, 462.164, 413.705]}, {""candidate_id"": ""C3"", ""bbox_xyxy"": [672.317, 323.822, 703.721, 343.763]}, {""candidate_id"": ""C4"", ""bbox_xyxy"": [785.364, 260.535, 834.837, 378.119]}]",data/object_detections/2026_03_03_17_44_24_61db98c7/masks/FL/2026_03_03_17_44_24_61db98c7_f000988_fl_car_003.png,urban,day,sun_glare
P0423,data/camera_splits/2026_03_03_17_46_14_ccc2c850/FL/fl_000563.jpg,data/camera_splits/2026_03_03_17_46_14_ccc2c850/RL/rl_000615.jpg,"[7.366, 277.778, 298.17, 419.987]","[{""candidate_id"": ""C1"", ""bbox_xyxy"": [2.603, 314.023, 13.813, 337.683]}, {""candidate_id"": ""C2"", ""bbox_xyxy"": [14.682, 317.405, 104.682, 356.156]}, {""candidate_id"": ""C3"", ""bbox_xyxy"": [126.683, 310.666, 185.022, 340.407]}, {""candidate_id"": ""C4"", ""bbox_xyxy"": [162.755, 327.655, 191.714, 343.474]}, {""candidate_id"": ""C5"", ""bbox_xyxy"": [228.089, 330.15, 250.946, 342.934]}, {""candidate_id"": ""C6"", ""bbox_xyxy"": [385.906, 334.937, 404.277, 345.708]}, {""candidate_id"": ""C7"", ""bbox_xyxy"": [416.236, 333.587, 423.433, 352.16]}, {""candidate_id"": ""C8"", ""bbox_xyxy"": [453.571, 338.465, 467.631, 351.313]}, {""candidate_id"": ""C9"", ""bbox_xyxy"": [500.549, 306.257, 597.709, 369.307]}, {""candidate_id"": ""C10"", ""bbox_xyxy"": [537.479, 326.596, 772.03, 432.008]}, {""candidate_id"": ""C11"", ""bbox_xyxy"": [615.358, 238.46, 959.868, 441.775]}]",data/object_detections/2026_03_03_17_46_14_ccc2c850/masks/FL/2026_03_03_17_46_14_ccc2c850_f000563_fl_bus_001.png,urban,day,overcast
P0424,data/camera_splits/2026_03_03_17_46_14_ccc2c850/FL/fl_000563.jpg,data/camera_splits/2026_03_03_17_46_14_ccc2c850/RL/rl_000615.jpg,"[299.243, 327.05, 381.679, 384.833]","[{""candidate_id"": ""C1"", ""bbox_xyxy"": [2.603, 314.023, 13.813, 337.683]}, {""candidate_id"": ""C2"", ""bbox_xyxy"": [14.682, 317.405, 104.682, 356.156]}, {""candidate_id"": ""C3"", ""bbox_xyxy"": [126.683, 310.666, 185.022, 340.407]}, {""candidate_id"": ""C4"", ""bbox_xyxy"": [162.755, 327.655, 191.714, 343.474]}, {""candidate_id"": ""C5"", ""bbox_xyxy"": [228.089, 330.15, 250.946, 342.934]}, {""candidate_id"": ""C6"", ""bbox_xyxy"": [385.906, 334.937, 404.277, 345.708]}, {""candidate_id"": ""C7"", ""bbox_xyxy"": [416.236, 333.587, 423.433, 352.16]}, {""candidate_id"": ""C8"", ""bbox_xyxy"": [453.571, 338.465, 467.631, 351.313]}, {""candidate_id"": ""C9"", ""bbox_xyxy"": [500.549, 306.257, 597.709, 369.307]}, {""candidate_id"": ""C10"", ""bbox_xyxy"": [537.479, 326.596, 772.03, 432.008]}, {""candidate_id"": ""C11"", ""bbox_xyxy"": [615.358, 238.46, 959.868, 441.775]}]",data/object_detections/2026_03_03_17_46_14_ccc2c850/masks/FL/2026_03_03_17_46_14_ccc2c850_f000563_fl_bus_003.png,urban,day,overcast
P0425,data/camera_splits/2026_03_03_17_46_14_ccc2c850/FL/fl_000581.jpg,data/camera_splits/2026_03_03_17_46_14_ccc2c850/RL/rl_000624.jpg,"[338.386, 348.88, 408.563, 401.98]","[{""candidate_id"": ""C1"", ""bbox_xyxy"": [35.462, 314.178, 42.394, 333.96]}, {""candidate_id"": ""C2"", ""bbox_xyxy"": [56.875, 314.878, 66.049, 334.252]}, {""candidate_id"": ""C3"", ""bbox_xyxy"": [136.204, 320.188, 185.758, 346.161]}, {""candidate_id"": ""C4"", ""bbox_xyxy"": [332.113, 318.616, 376.767, 355.295]}, {""candidate_id"": ""C5"", ""bbox_xyxy"": [411.752, 327.864, 419.945, 347.815]}, {""candidate_id"": ""C6"", ""bbox_xyxy"": [447.824, 332.965, 460.695, 344.807]}, {""candidate_id"": ""C7"", ""bbox_xyxy"": [477.475, 325.228, 575.317, 397.764]}, {""candidate_id"": ""C8"", ""bbox_xyxy"": [484.592, 305.802, 550.892, 336.196]}, {""candidate_id"": ""C9"", ""bbox_xyxy"": [550.768, 272.245, 745.788, 375.43]}, {""candidate_id"": ""C10"", ""bbox_xyxy"": [608.11, 322.921, 949.834, 449.0]}]",data/object_detections/2026_03_03_17_46_14_ccc2c850/masks/FL/2026_03_03_17_46_14_ccc2c850_f000581_fl_car_006.png,urban,day,overcast
P0426,data/camera_splits/2026_03_03_17_46_14_ccc2c850/FL/fl_000980.jpg,data/camera_splits/2026_03_03_17_46_14_ccc2c850/RL/rl_001017.jpg,"[190.937, 279.772, 361.423, 423.475]","[{""candidate_id"": ""C1"", ""bbox_xyxy"": [84.906, 314.588, 126.243, 342.564]}, {""candidate_id"": ""C2"", ""bbox_xyxy"": [114.328, 310.695, 214.814, 358.24]}, {""candidate_id"": ""C3"", ""bbox_xyxy"": [201.076, 295.547, 260.609, 333.437]}, {""candidate_id"": ""C4"", ""bbox_xyxy"": [230.501, 296.455, 260.762, 332.339]}, {""candidate_id"": ""C5"", ""bbox_xyxy"": [237.558, 318.636, 289.531, 348.961]}, {""candidate_id"": ""C6"", ""bbox_xyxy"": [289.273, 310.046, 301.173, 348.132]}, {""candidate_id"": ""C7"", ""bbox_xyxy"": [299.881, 322.314, 319.769, 338.396]}, {""candidate_id"": ""C8"", ""bbox_xyxy"": [384.302, 324.147, 430.279, 360.731]}, {""candidate_id"": ""C9"", ""bbox_xyxy"": [499.967, 330.466, 512.21, 344.977]}, {""candidate_id"": ""C10"", ""bbox_xyxy"": [511.873, 276.389, 714.679, 412.995]}, {""candidate_id"": ""C11"", ""bbox_xyxy"": [800.454, 307.699, 839.509, 419.623]}, {""candidate_id"": ""C12"", ""bbox_xyxy"": [893.145, 306.613, 953.275, 415.031]}]",data/object_detections/2026_03_03_17_46_14_ccc2c850/masks/FL/2026_03_03_17_46_14_ccc2c850_f000980_fl_delivery_van_003.png,urban,day,overcast
P0427,data/camera_splits/2026_03_03_17_46_14_ccc2c850/FL/fl_001005.jpg,data/camera_splits/2026_03_03_17_46_14_ccc2c850/RL/rl_001040.jpg,"[256.87, 350.427, 346.624, 406.366]","[{""candidate_id"": ""C1"", ""bbox_xyxy"": [100.763, 315.24, 165.68, 343.684]}, {""candidate_id"": ""C2"", ""bbox_xyxy"": [213.481, 321.661, 271.384, 349.854]}, {""candidate_id"": ""C3"", ""bbox_xyxy"": [267.417, 321.262, 301.708, 342.404]}, {""candidate_id"": ""C4"", ""bbox_xyxy"": [345.603, 324.855, 353.141, 341.552]}, {""candidate_id"": ""C5"", ""bbox_xyxy"": [372.899, 326.612, 412.339, 357.232]}, {""candidate_id"": ""C6"", ""bbox_xyxy"": [438.155, 312.958, 483.52, 355.103]}, {""candidate_id"": ""C7"", ""bbox_xyxy"": [483.316, 328.159, 549.927, 378.544]}, {""candidate_id"": ""C8"", ""bbox_xyxy"": [543.407, 327.782, 693.538, 424.543]}]",data/object_detections/2026_03_03_17_46_14_ccc2c850/masks/FL/2026_03_03_17_46_14_ccc2c850_f001005_fl_car_005.png,urban,day,overcast
P0428,data/camera_splits/2026_03_03_17_46_14_ccc2c850/FL/fl_001031.jpg,data/camera_splits/2026_03_03_17_46_14_ccc2c850/RL/rl_001054.jpg,"[324.081, 343.492, 397.582, 409.862]","[{""candidate_id"": ""C1"", ""bbox_xyxy"": [27.035, 308.861, 98.78, 339.942]}, {""candidate_id"": ""C2"", ""bbox_xyxy"": [251.226, 320.489, 277.844, 337.596]}, {""candidate_id"": ""C3"", ""bbox_xyxy"": [328.034, 322.674, 364.946, 348.909]}, {""candidate_id"": ""C4"", ""bbox_xyxy"": [388.856, 314.536, 416.57, 342.578]}, {""candidate_id"": ""C5"", ""bbox_xyxy"": [408.471, 326.303, 430.134, 351.578]}, {""candidate_id"": ""C6"", ""bbox_xyxy"": [423.742, 326.947, 462.917, 360.586]}, {""candidate_id"": ""C7"", ""bbox_xyxy"": [464.711, 325.793, 511.897, 384.858]}, {""candidate_id"": ""C8"", ""bbox_xyxy"": [504.297, 315.144, 613.723, 416.829]}]",data/object_detections/2026_03_03_17_46_14_ccc2c850/masks/FL/2026_03_03_17_46_14_ccc2c850_f001031_fl_ambulance_009.png,urban,day,overcast
P0429,data/camera_splits/2026_03_03_17_46_14_ccc2c850/FL/fl_001053.jpg,data/camera_splits/2026_03_03_17_46_14_ccc2c850/RL/rl_001074.jpg,"[102.414, 342.6, 283.74, 440.281]","[{""candidate_id"": ""C1"", ""bbox_xyxy"": [84.204, 311.025, 137.498, 335.148]}, {""candidate_id"": ""C2"", ""bbox_xyxy"": [121.864, 311.747, 211.605, 343.155]}, {""candidate_id"": ""C3"", ""bbox_xyxy"": [251.976, 317.942, 277.572, 334.19]}, {""candidate_id"": ""C4"", ""bbox_xyxy"": [353.705, 321.424, 381.653, 342.535]}, {""candidate_id"": ""C5"", ""bbox_xyxy"": [381.204, 321.92, 399.924, 338.5]}, {""candidate_id"": ""C6"", ""bbox_xyxy"": [401.703, 316.456, 420.376, 334.977]}, {""candidate_id"": ""C7"", ""bbox_xyxy"": [413.934, 325.039, 435.791, 341.113]}, {""candidate_id"": ""C8"", ""bbox_xyxy"": [464.53, 326.061, 473.975, 355.24]}, {""candidate_id"": ""C9"", ""bbox_xyxy"": [528.237, 327.261, 628.019, 384.866]}, {""candidate_id"": ""C10"", ""bbox_xyxy"": [620.546, 318.304, 635.375, 369.07]}, {""candidate_id"": ""C11"", ""bbox_xyxy"": [635.469, 323.161, 654.901, 351.267]}]",data/object_detections/2026_03_03_17_46_14_ccc2c850/masks/FL/2026_03_03_17_46_14_ccc2c850_f001053_fl_car_001.png,urban,day,overcast
P0430,data/camera_splits/2026_03_03_17_46_14_ccc2c850/FL/fl_001105.jpg,data/camera_splits/2026_03_03_17_46_14_ccc2c850/RL/rl_001129.jpg,"[0.0, 328.727, 203.889, 438.9]","[{""candidate_id"": ""C1"", ""bbox_xyxy"": [381.495, 326.426, 400.763, 341.327]}, {""candidate_id"": ""C2"", ""bbox_xyxy"": [474.503, 332.648, 492.804, 350.32]}, {""candidate_id"": ""C3"", ""bbox_xyxy"": [487.77, 332.635, 521.937, 355.713]}, {""candidate_id"": ""C4"", ""bbox_xyxy"": [541.525, 327.955, 549.114, 355.174]}, {""candidate_id"": ""C5"", ""bbox_xyxy"": [561.907, 325.411, 666.624, 384.718]}, {""candidate_id"": ""C6"", ""bbox_xyxy"": [654.515, 321.138, 960.0, 452.433]}]",data/object_detections/2026_03_03_17_46_14_ccc2c850/masks/FL/2026_03_03_17_46_14_ccc2c850_f001105_fl_car_007.png,urban,day,overcast
P0431,data/camera_splits/2026_03_03_17_46_14_ccc2c850/FL/fl_001245.jpg,data/camera_splits/2026_03_03_17_46_14_ccc2c850/RL/rl_001207.jpg,"[174.943, 355.701, 301.588, 417.182]","[{""candidate_id"": ""C1"", ""bbox_xyxy"": [0.008, 302.663, 78.055, 353.11]}, {""candidate_id"": ""C2"", ""bbox_xyxy"": [197.2, 322.067, 238.815, 344.611]}, {""candidate_id"": ""C3"", ""bbox_xyxy"": [244.478, 324.808, 284.524, 347.695]}, {""candidate_id"": ""C4"", ""bbox_xyxy"": [361.34, 325.948, 411.943, 366.614]}, {""candidate_id"": ""C5"", ""bbox_xyxy"": [419.762, 333.056, 445.463, 351.457]}, {""candidate_id"": ""C6"", ""bbox_xyxy"": [578.38, 340.394, 604.902, 353.611]}, {""candidate_id"": ""C7"", ""bbox_xyxy"": [591.41, 339.192, 776.389, 423.335]}]",data/object_detections/2026_03_03_17_46_14_ccc2c850/masks/FL/2026_03_03_17_46_14_ccc2c850_f001245_fl_car_002.png,urban,day,overcast
P0432,data/camera_splits/2026_03_03_17_46_14_ccc2c850/FL/fl_001287.jpg,data/camera_splits/2026_03_03_17_46_14_ccc2c850/RL/rl_001323.jpg,"[608.081, 330.044, 700.342, 381.843]","[{""candidate_id"": ""C1"", ""bbox_xyxy"": [0.036, 248.634, 202.809, 346.614]}, {""candidate_id"": ""C2"", ""bbox_xyxy"": [179.54, 319.873, 242.795, 350.683]}, {""candidate_id"": ""C3"", ""bbox_xyxy"": [247.97, 321.994, 265.74, 333.68]}, {""candidate_id"": ""C4"", ""bbox_xyxy"": [366.081, 326.638, 399.98, 353.849]}, {""candidate_id"": ""C5"", ""bbox_xyxy"": [433.213, 331.033, 472.912, 359.467]}, {""candidate_id"": ""C6"", ""bbox_xyxy"": [500.451, 328.651, 665.638, 423.213]}, {""candidate_id"": ""C7"", ""bbox_xyxy"": [859.452, 349.09, 960.0, 431.045]}]",data/object_detections/2026_03_03_17_46_14_ccc2c850/masks/FL/2026_03_03_17_46_14_ccc2c850_f001287_fl_bus_001.png,urban,day,overcast
P0433,data/camera_splits/2026_03_03_17_46_14_ccc2c850/FL/fl_001292.jpg,data/camera_splits/2026_03_03_17_46_14_ccc2c850/RL/rl_001329.jpg,"[637.76, 317.368, 777.885, 387.306]","[{""candidate_id"": ""C1"", ""bbox_xyxy"": [5.111, 300.667, 91.458, 335.963]}, {""candidate_id"": ""C2"", ""bbox_xyxy"": [148.091, 276.312, 254.489, 337.115]}, {""candidate_id"": ""C3"", ""bbox_xyxy"": [257.726, 320.029, 288.838, 340.202]}, {""candidate_id"": ""C4"", ""bbox_xyxy"": [366.326, 323.364, 399.81, 350.175]}, {""candidate_id"": ""C5"", ""bbox_xyxy"": [433.961, 327.829, 474.734, 356.841]}, {""candidate_id"": ""C6"", ""bbox_xyxy"": [505.991, 327.16, 679.51, 421.949]}, {""candidate_id"": ""C7"", ""bbox_xyxy"": [828.493, 349.556, 946.936, 413.427]}]",data/object_detections/2026_03_03_17_46_14_ccc2c850/masks/FL/2026_03_03_17_46_14_ccc2c850_f001292_fl_bus_001.png,urban,day,overcast
P0434,data/camera_splits/2026_03_03_17_49_08_d7aacfa3/FL/fl_000065.jpg,data/camera_splits/2026_03_03_17_49_08_d7aacfa3/RL/rl_000088.jpg,"[747.913, 340.302, 930.906, 427.708]","[{""candidate_id"": ""C1"", ""bbox_xyxy"": [6.703, 315.898, 43.629, 347.032]}, {""candidate_id"": ""C2"", ""bbox_xyxy"": [37.477, 307.911, 89.876, 351.588]}, {""candidate_id"": ""C3"", ""bbox_xyxy"": [68.625, 304.747, 209.119, 373.904]}, {""candidate_id"": ""C4"", ""bbox_xyxy"": [255.071, 325.56, 279.032, 345.473]}, {""candidate_id"": ""C5"", ""bbox_xyxy"": [341.931, 323.199, 404.85, 372.408]}, {""candidate_id"": ""C6"", ""bbox_xyxy"": [399.24, 325.606, 440.492, 355.993]}, {""candidate_id"": ""C7"", ""bbox_xyxy"": [458.411, 324.705, 551.35, 389.111]}, {""candidate_id"": ""C8"", ""bbox_xyxy"": [604.359, 340.39, 694.374, 429.578]}, {""candidate_id"": ""C9"", ""bbox_xyxy"": [613.744, 305.294, 678.855, 424.184]}, {""candidate_id"": ""C10"", ""bbox_xyxy"": [678.086, 314.598, 960.0, 447.011]}]",data/object_detections/2026_03_03_17_49_08_d7aacfa3/masks/FL/2026_03_03_17_49_08_d7aacfa3_f000065_fl_car_005.png,urban,day,sun_glare
P0435,data/camera_splits/2026_03_03_17_49_08_d7aacfa3/FL/fl_000114.jpg,data/camera_splits/2026_03_03_17_49_08_d7aacfa3/RL/rl_000134.jpg,"[710.943, 316.955, 889.179, 414.954]","[{""candidate_id"": ""C1"", ""bbox_xyxy"": [0.0, 253.6, 139.042, 369.887]}, {""candidate_id"": ""C2"", ""bbox_xyxy"": [124.362, 316.03, 152.643, 343.976]}, {""candidate_id"": ""C3"", ""bbox_xyxy"": [144.919, 315.946, 180.659, 341.345]}, {""candidate_id"": ""C4"", ""bbox_xyxy"": [193.534, 305.929, 245.613, 345.764]}, {""candidate_id"": ""C5"", ""bbox_xyxy"": [244.055, 317.936, 262.447, 338.316]}, {""candidate_id"": ""C6"", ""bbox_xyxy"": [323.328, 328.093, 345.883, 347.139]}, {""candidate_id"": ""C7"", ""bbox_xyxy"": [341.162, 328.074, 381.645, 357.985]}, {""candidate_id"": ""C8"", ""bbox_xyxy"": [375.738, 330.161, 394.922, 349.653]}, {""candidate_id"": ""C9"", ""bbox_xyxy"": [414.689, 330.779, 460.028, 362.883]}, {""candidate_id"": ""C10"", ""bbox_xyxy"": [464.589, 316.6, 491.567, 374.111]}, {""candidate_id"": ""C11"", ""bbox_xyxy"": [464.798, 342.946, 491.769, 387.265]}, {""candidate_id"": ""C12"", ""bbox_xyxy"": [517.055, 317.683, 738.31, 431.956]}, {""candidate_id"": ""C13"", ""bbox_xyxy"": [683.091, 338.919, 691.453, 355.644]}, {""candidate_id"": ""C14"", ""bbox_xyxy"": [743.676, 350.824, 807.676, 379.055]}, {""candidate_id"": ""C15"", ""bbox_xyxy"": [823.551, 355.874, 952.045, 408.985]}]",data/object_detections/2026_03_03_17_49_08_d7aacfa3/masks/FL/2026_03_03_17_49_08_d7aacfa3_f000114_fl_truck_006.png,urban,day,sun_glare
P0436,data/camera_splits/2026_03_03_17_49_08_d7aacfa3/FL/fl_000122.jpg,data/camera_splits/2026_03_03_17_49_08_d7aacfa3/RL/rl_000141.jpg,"[669.973, 322.789, 853.318, 425.288]","[{""candidate_id"": ""C1"", ""bbox_xyxy"": [38.261, 261.596, 95.142, 411.481]}, {""candidate_id"": ""C2"", ""bbox_xyxy"": [95.629, 285.725, 237.001, 377.49]}, {""candidate_id"": ""C3"", ""bbox_xyxy"": [320.455, 327.824, 342.54, 345.809]}, {""candidate_id"": ""C4"", ""bbox_xyxy"": [337.889, 328.142, 376.427, 355.271]}, {""candidate_id"": ""C5"", ""bbox_xyxy"": [369.57, 329.446, 387.407, 347.297]}, {""candidate_id"": ""C6"", ""bbox_xyxy"": [408.977, 329.41, 448.267, 357.742]}, {""candidate_id"": ""C7"", ""bbox_xyxy"": [409.06, 329.373, 448.156, 357.772]}, {""candidate_id"": ""C8"", ""bbox_xyxy"": [446.289, 340.477, 469.615, 377.686]}, {""candidate_id"": ""C9"", ""bbox_xyxy"": [446.375, 324.865, 469.879, 376.841]}, {""candidate_id"": ""C10"", ""bbox_xyxy"": [486.395, 320.368, 641.316, 417.15]}, {""candidate_id"": ""C11"", ""bbox_xyxy"": [648.359, 342.251, 717.959, 373.058]}]",data/object_detections/2026_03_03_17_49_08_d7aacfa3/masks/FL/2026_03_03_17_49_08_d7aacfa3_f000122_fl_delivery_van_006.png,urban,day,sun_glare
P0437,data/camera_splits/2026_03_03_17_49_08_d7aacfa3/FL/fl_000140.jpg,data/camera_splits/2026_03_03_17_49_08_d7aacfa3/RL/rl_000211.jpg,"[144.491, 344.518, 373.595, 456.944]","[{""candidate_id"": ""C1"", ""bbox_xyxy"": [0.068, 290.488, 103.414, 370.923]}, {""candidate_id"": ""C2"", ""bbox_xyxy"": [94.881, 314.932, 124.532, 345.4]}, {""candidate_id"": ""C3"", ""bbox_xyxy"": [109.762, 317.373, 198.293, 353.428]}, {""candidate_id"": ""C4"", ""bbox_xyxy"": [203.605, 319.55, 236.377, 339.772]}, {""candidate_id"": ""C5"", ""bbox_xyxy"": [330.071, 327.604, 346.617, 338.653]}, {""candidate_id"": ""C6"", ""bbox_xyxy"": [348.933, 328.331, 362.524, 340.67]}, {""candidate_id"": ""C7"", ""bbox_xyxy"": [359.688, 328.332, 383.265, 345.638]}, {""candidate_id"": ""C8"", ""bbox_xyxy"": [393.443, 329.691, 414.744, 345.333]}, {""candidate_id"": ""C9"", ""bbox_xyxy"": [422.072, 327.458, 463.996, 357.267]}, {""candidate_id"": ""C10"", ""bbox_xyxy"": [497.172, 332.509, 631.641, 411.382]}]",data/object_detections/2026_03_03_17_49_08_d7aacfa3/masks/FL/2026_03_03_17_49_08_d7aacfa3_f000140_fl_car_005.png,urban,day,sun_glare
P0438,data/camera_splits/2026_03_03_17_49_08_d7aacfa3/FL/fl_000154.jpg,data/camera_splits/2026_03_03_17_49_08_d7aacfa3/RL/rl_000249.jpg,"[272.638, 350.95, 385.639, 404.831]","[{""candidate_id"": ""C1"", ""bbox_xyxy"": [45.143, 316.84, 236.55, 376.541]}, {""candidate_id"": ""C2"", ""bbox_xyxy"": [162.504, 289.447, 259.062, 343.108]}, {""candidate_id"": ""C3"", ""bbox_xyxy"": [278.604, 326.407, 292.264, 343.621]}, {""candidate_id"": ""C4"", ""bbox_xyxy"": [301.725, 325.337, 309.354, 342.367]}, {""candidate_id"": ""C5"", ""bbox_xyxy"": [380.147, 329.565, 399.389, 343.605]}, {""candidate_id"": ""C6"", ""bbox_xyxy"": [399.556, 329.429, 412.791, 338.857]}, {""candidate_id"": ""C7"", ""bbox_xyxy"": [435.99, 331.251, 474.719, 358.671]}, {""candidate_id"": ""C8"", ""bbox_xyxy"": [523.293, 320.06, 775.456, 434.36]}, {""candidate_id"": ""C9"", ""bbox_xyxy"": [715.206, 334.308, 871.507, 377.954]}]",data/object_detections/2026_03_03_17_49_08_d7aacfa3/masks/FL/2026_03_03_17_49_08_d7aacfa3_f000154_fl_car_001.png,urban,day,sun_glare
P0439,data/camera_splits/2026_03_03_17_49_08_d7aacfa3/FL/fl_000217.jpg,data/camera_splits/2026_03_03_17_49_08_d7aacfa3/RL/rl_000260.jpg,"[612.932, 326.842, 713.832, 381.773]","[{""candidate_id"": ""C1"", ""bbox_xyxy"": [0.0, 243.523, 121.704, 344.951]}, {""candidate_id"": ""C2"", ""bbox_xyxy"": [0.01, 307.115, 87.762, 367.245]}, {""candidate_id"": ""C3"", ""bbox_xyxy"": [183.917, 320.346, 237.093, 349.082]}, {""candidate_id"": ""C4"", ""bbox_xyxy"": [252.116, 323.952, 327.953, 349.732]}, {""candidate_id"": ""C5"", ""bbox_xyxy"": [383.195, 329.529, 400.212, 342.98]}, {""candidate_id"": ""C6"", ""bbox_xyxy"": [402.05, 329.568, 415.644, 338.711]}, {""candidate_id"": ""C7"", ""bbox_xyxy"": [434.436, 332.176, 466.585, 355.219]}, {""candidate_id"": ""C8"", ""bbox_xyxy"": [520.064, 325.168, 756.909, 433.068]}]",data/object_detections/2026_03_03_17_49_08_d7aacfa3/masks/FL/2026_03_03_17_49_08_d7aacfa3_f000217_fl_bus_002.png,urban,day,sun_glare
P0440,data/camera_splits/2026_03_03_17_49_08_d7aacfa3/FL/fl_000223.jpg,data/camera_splits/2026_03_03_17_49_08_d7aacfa3/RL/rl_000248.jpg,"[138.273, 352.464, 243.784, 431.003]","[{""candidate_id"": ""C1"", ""bbox_xyxy"": [0.0, 314.688, 215.783, 382.034]}, {""candidate_id"": ""C2"", ""bbox_xyxy"": [143.048, 285.891, 250.423, 343.831]}, {""candidate_id"": ""C3"", ""bbox_xyxy"": [272.744, 326.246, 303.103, 343.938]}, {""candidate_id"": ""C4"", ""bbox_xyxy"": [379.971, 329.395, 399.165, 343.373]}, {""candidate_id"": ""C5"", ""bbox_xyxy"": [436.096, 331.572, 475.176, 358.717]}, {""candidate_id"": ""C6"", ""bbox_xyxy"": [523.981, 319.468, 779.038, 433.989]}, {""candidate_id"": ""C7"", ""bbox_xyxy"": [730.87, 334.646, 902.32, 382.151]}]",data/object_detections/2026_03_03_17_49_08_d7aacfa3/masks/FL/2026_03_03_17_49_08_d7aacfa3_f000223_fl_car_002.png,urban,day,sun_glare
P0441,data/camera_splits/2026_03_03_17_49_08_d7aacfa3/FL/fl_000331.jpg,data/camera_splits/2026_03_03_17_49_08_d7aacfa3/RL/rl_000356.jpg,"[730.147, 318.569, 918.462, 409.147]","[{""candidate_id"": ""C1"", ""bbox_xyxy"": [0.0, 273.764, 157.133, 357.89]}, {""candidate_id"": ""C2"", ""bbox_xyxy"": [371.507, 328.103, 400.582, 351.923]}, {""candidate_id"": ""C3"", ""bbox_xyxy"": [405.92, 332.44, 425.429, 344.384]}, {""candidate_id"": ""C4"", ""bbox_xyxy"": [428.367, 331.199, 457.528, 356.155]}, {""candidate_id"": ""C5"", ""bbox_xyxy"": [457.848, 335.079, 530.507, 386.287]}, {""candidate_id"": ""C6"", ""bbox_xyxy"": [606.632, 327.275, 615.982, 359.062]}]",data/object_detections/2026_03_03_17_49_08_d7aacfa3/masks/FL/2026_03_03_17_49_08_d7aacfa3_f000331_fl_delivery_van_003.png,urban,day,sun_glare
P0442,data/camera_splits/2026_03_03_17_49_08_d7aacfa3/FL/fl_000656.jpg,data/camera_splits/2026_03_03_17_49_08_d7aacfa3/RL/rl_000676.jpg,"[702.99, 356.702, 787.458, 399.519]","[{""candidate_id"": ""C1"", ""bbox_xyxy"": [29.948, 322.333, 117.407, 357.109]}, {""candidate_id"": ""C2"", ""bbox_xyxy"": [210.043, 327.129, 244.693, 351.763]}, {""candidate_id"": ""C3"", ""bbox_xyxy"": [280.007, 330.673, 293.844, 339.436]}, {""candidate_id"": ""C4"", ""bbox_xyxy"": [380.202, 336.674, 396.754, 348.171]}, {""candidate_id"": ""C5"", ""bbox_xyxy"": [426.148, 336.301, 456.663, 360.11]}]",data/object_detections/2026_03_03_17_49_08_d7aacfa3/masks/FL/2026_03_03_17_49_08_d7aacfa3_f000656_fl_car_001.png,urban,day,sun_glare
P0443,data/camera_splits/2026_03_03_17_49_08_d7aacfa3/FL/fl_000658.jpg,data/camera_splits/2026_03_03_17_49_08_d7aacfa3/RL/rl_000673.jpg,"[788.056, 354.44, 933.377, 417.103]","[{""candidate_id"": ""C1"", ""bbox_xyxy"": [143.604, 321.171, 203.799, 353.577]}, {""candidate_id"": ""C2"", ""bbox_xyxy"": [380.398, 334.654, 396.261, 346.186]}, {""candidate_id"": ""C3"", ""bbox_xyxy"": [404.639, 337.16, 418.031, 347.135]}, {""candidate_id"": ""C4"", ""bbox_xyxy"": [425.756, 334.477, 455.598, 357.903]}]",data/object_detections/2026_03_03_17_49_08_d7aacfa3/masks/FL/2026_03_03_17_49_08_d7aacfa3_f000658_fl_car_002.png,urban,day,sun_glare
P0444,data/camera_splits/2026_03_03_17_49_08_d7aacfa3/FL/fl_000658.jpg,data/camera_splits/2026_03_03_17_49_08_d7aacfa3/RL/rl_000676.jpg,"[728.292, 363.779, 789.226, 396.203]","[{""candidate_id"": ""C1"", ""bbox_xyxy"": [29.948, 322.333, 117.407, 357.109]}, {""candidate_id"": ""C2"", ""bbox_xyxy"": [210.043, 327.129, 244.693, 351.763]}, {""candidate_id"": ""C3"", ""bbox_xyxy"": [280.007, 330.673, 293.844, 339.436]}, {""candidate_id"": ""C4"", ""bbox_xyxy"": [380.202, 336.674, 396.754, 348.171]}, {""candidate_id"": ""C5"", ""bbox_xyxy"": [426.148, 336.301, 456.663, 360.11]}]",data/object_detections/2026_03_03_17_49_08_d7aacfa3/masks/FL/2026_03_03_17_49_08_d7aacfa3_f000658_fl_car_001.png,urban,day,sun_glare
P0445,data/camera_splits/2026_03_03_17_49_08_d7aacfa3/FL/fl_000689.jpg,data/camera_splits/2026_03_03_17_49_08_d7aacfa3/RL/rl_000748.jpg,"[810.128, 363.165, 920.027, 401.109]","[{""candidate_id"": ""C1"", ""bbox_xyxy"": [17.785, 294.664, 44.454, 343.168]}, {""candidate_id"": ""C2"", ""bbox_xyxy"": [59.421, 310.576, 92.956, 336.121]}, {""candidate_id"": ""C3"", ""bbox_xyxy"": [59.444, 310.674, 93.19, 336.015]}, {""candidate_id"": ""C4"", ""bbox_xyxy"": [149.688, 314.25, 222.665, 340.868]}, {""candidate_id"": ""C5"", ""bbox_xyxy"": [373.48, 333.667, 393.942, 349.86]}, {""candidate_id"": ""C6"", ""bbox_xyxy"": [398.427, 342.396, 408.109, 349.882]}, {""candidate_id"": ""C7"", ""bbox_xyxy"": [407.789, 339.2, 423.835, 352.101]}, {""candidate_id"": ""C8"", ""bbox_xyxy"": [464.411, 335.33, 548.88, 394.345]}]",data/object_detections/2026_03_03_17_49_08_d7aacfa3/masks/FL/2026_03_03_17_49_08_d7aacfa3_f000689_fl_car_006.png,urban,day,sun_glare
P0446,data/camera_splits/2026_03_03_17_49_08_d7aacfa3/FL/fl_000717.jpg,data/camera_splits/2026_03_03_17_49_08_d7aacfa3/RL/rl_000790.jpg,"[686.77, 356.996, 727.317, 383.524]","[{""candidate_id"": ""C1"", ""bbox_xyxy"": [0.022, 292.979, 73.703, 345.306]}, {""candidate_id"": ""C2"", ""bbox_xyxy"": [64.383, 295.015, 139.792, 342.176]}, {""candidate_id"": ""C3"", ""bbox_xyxy"": [136.753, 308.551, 186.01, 341.08]}, {""candidate_id"": ""C4"", ""bbox_xyxy"": [297.757, 326.263, 331.843, 341.183]}, {""candidate_id"": ""C5"", ""bbox_xyxy"": [388.442, 332.625, 417.161, 355.383]}, {""candidate_id"": ""C6"", ""bbox_xyxy"": [416.453, 338.151, 427.841, 347.813]}, {""candidate_id"": ""C7"", ""bbox_xyxy"": [444.698, 338.688, 474.442, 360.784]}, {""candidate_id"": ""C8"", ""bbox_xyxy"": [880.909, 344.473, 899.548, 403.58]}, {""candidate_id"": ""C9"", ""bbox_xyxy"": [895.608, 345.867, 912.062, 405.637]}]",data/object_detections/2026_03_03_17_49_08_d7aacfa3/masks/FL/2026_03_03_17_49_08_d7aacfa3_f000717_fl_car_004.png,urban,day,sun_glare
P0447,data/camera_splits/2026_03_03_17_49_08_d7aacfa3/FL/fl_000717.jpg,data/camera_splits/2026_03_03_17_49_08_d7aacfa3/RL/rl_000790.jpg,"[726.988, 348.965, 801.581, 389.418]","[{""candidate_id"": ""C1"", ""bbox_xyxy"": [0.022, 292.979, 73.703, 345.306]}, {""candidate_id"": ""C2"", ""bbox_xyxy"": [64.383, 295.015, 139.792, 342.176]}, {""candidate_id"": ""C3"", ""bbox_xyxy"": [136.753, 308.551, 186.01, 341.08]}, {""candidate_id"": ""C4"", ""bbox_xyxy"": [297.757, 326.263, 331.843, 341.183]}, {""candidate_id"": ""C5"", ""bbox_xyxy"": [388.442, 332.625, 417.161, 355.383]}, {""candidate_id"": ""C6"", ""bbox_xyxy"": [416.453, 338.151, 427.841, 347.813]}, {""candidate_id"": ""C7"", ""bbox_xyxy"": [444.698, 338.688, 474.442, 360.784]}, {""candidate_id"": ""C8"", ""bbox_xyxy"": [880.909, 344.473, 899.548, 403.58]}, {""candidate_id"": ""C9"", ""bbox_xyxy"": [895.608, 345.867, 912.062, 405.637]}]",data/object_detections/2026_03_03_17_49_08_d7aacfa3/masks/FL/2026_03_03_17_49_08_d7aacfa3_f000717_fl_delivery_van_003.png,urban,day,sun_glare
P0448,data/camera_splits/2026_03_03_17_49_08_d7aacfa3/FL/fl_000717.jpg,data/camera_splits/2026_03_03_17_49_08_d7aacfa3/RL/rl_000790.jpg,"[810.484, 349.215, 885.556, 396.203]","[{""candidate_id"": ""C1"", ""bbox_xyxy"": [0.022, 292.979, 73.703, 345.306]}, {""candidate_id"": ""C2"", ""bbox_xyxy"": [64.383, 295.015, 139.792, 342.176]}, {""candidate_id"": ""C3"", ""bbox_xyxy"": [136.753, 308.551, 186.01, 341.08]}, {""candidate_id"": ""C4"", ""bbox_xyxy"": [297.757, 326.263, 331.843, 341.183]}, {""candidate_id"": ""C5"", ""bbox_xyxy"": [388.442, 332.625, 417.161, 355.383]}, {""candidate_id"": ""C6"", ""bbox_xyxy"": [416.453, 338.151, 427.841, 347.813]}, {""candidate_id"": ""C7"", ""bbox_xyxy"": [444.698, 338.688, 474.442, 360.784]}, {""candidate_id"": ""C8"", ""bbox_xyxy"": [880.909, 344.473, 899.548, 403.58]}, {""candidate_id"": ""C9"", ""bbox_xyxy"": [895.608, 345.867, 912.062, 405.637]}]",data/object_detections/2026_03_03_17_49_08_d7aacfa3/masks/FL/2026_03_03_17_49_08_d7aacfa3_f000717_fl_delivery_van_005.png,urban,day,sun_glare
P0449,data/camera_splits/2026_03_03_17_49_08_d7aacfa3/FL/fl_000723.jpg,data/camera_splits/2026_03_03_17_49_08_d7aacfa3/RL/rl_000787.jpg,"[782.02, 347.229, 888.759, 398.184]","[{""candidate_id"": ""C1"", ""bbox_xyxy"": [0.004, 293.548, 41.894, 344.771]}, {""candidate_id"": ""C2"", ""bbox_xyxy"": [34.337, 291.838, 118.62, 342.091]}, {""candidate_id"": ""C3"", ""bbox_xyxy"": [114.562, 304.624, 165.647, 339.891]}, {""candidate_id"": ""C4"", ""bbox_xyxy"": [285.001, 324.793, 323.423, 339.132]}, {""candidate_id"": ""C5"", ""bbox_xyxy"": [306.455, 325.577, 323.09, 339.302]}, {""candidate_id"": ""C6"", ""bbox_xyxy"": [384.541, 331.363, 411.658, 353.39]}, {""candidate_id"": ""C7"", ""bbox_xyxy"": [411.001, 336.799, 421.546, 346.262]}, {""candidate_id"": ""C8"", ""bbox_xyxy"": [436.188, 337.293, 463.303, 357.837]}, {""candidate_id"": ""C9"", ""bbox_xyxy"": [911.108, 341.821, 959.549, 409.536]}, {""candidate_id"": ""C10"", ""bbox_xyxy"": [933.145, 342.779, 959.778, 410.037]}]",data/object_detections/2026_03_03_17_49_08_d7aacfa3/masks/FL/2026_03_03_17_49_08_d7aacfa3_f000723_fl_delivery_van_003.png,urban,day,sun_glare
P0450,data/camera_splits/2026_03_03_17_49_08_d7aacfa3/FL/fl_000730.jpg,data/camera_splits/2026_03_03_17_49_08_d7aacfa3/RL/rl_000800.jpg,"[730.384, 353.697, 792.112, 388.383]","[{""candidate_id"": ""C1"", ""bbox_xyxy"": [0.0, 292.258, 57.896, 346.595]}, {""candidate_id"": ""C2"", ""bbox_xyxy"": [53.901, 302.138, 124.586, 344.095]}, {""candidate_id"": ""C3"", ""bbox_xyxy"": [178.478, 312.136, 219.184, 341.087]}, {""candidate_id"": ""C4"", ""bbox_xyxy"": [259.661, 324.419, 265.349, 339.504]}, {""candidate_id"": ""C5"", ""bbox_xyxy"": [394.754, 332.526, 428.393, 359.46]}, {""candidate_id"": ""C6"", ""bbox_xyxy"": [429.298, 337.875, 442.828, 348.14]}, {""candidate_id"": ""C7"", ""bbox_xyxy"": [469.295, 340.915, 509.709, 369.75]}, {""candidate_id"": ""C8"", ""bbox_xyxy"": [786.003, 341.168, 796.728, 388.606]}, {""candidate_id"": ""C9"", ""bbox_xyxy"": [795.257, 344.946, 807.181, 389.831]}]",data/object_detections/2026_03_03_17_49_08_d7aacfa3/masks/FL/2026_03_03_17_49_08_d7aacfa3_f000730_fl_delivery_van_005.png,urban,day,sun_glare
P0451,data/camera_splits/2026_03_03_17_49_08_d7aacfa3/FL/fl_000736.jpg,data/camera_splits/2026_03_03_17_49_08_d7aacfa3/RL/rl_000800.jpg,"[878.526, 341.693, 920.721, 394.68]","[{""candidate_id"": ""C1"", ""bbox_xyxy"": [0.0, 292.258, 57.896, 346.595]}, {""candidate_id"": ""C2"", ""bbox_xyxy"": [53.901, 302.138, 124.586, 344.095]}, {""candidate_id"": ""C3"", ""bbox_xyxy"": [178.478, 312.136, 219.184, 341.087]}, {""candidate_id"": ""C4"", ""bbox_xyxy"": [259.661, 324.419, 265.349, 339.504]}, {""candidate_id"": ""C5"", ""bbox_xyxy"": [394.754, 332.526, 428.393, 359.46]}, {""candidate_id"": ""C6"", ""bbox_xyxy"": [429.298, 337.875, 442.828, 348.14]}, {""candidate_id"": ""C7"", ""bbox_xyxy"": [469.295, 340.915, 509.709, 369.75]}, {""candidate_id"": ""C8"", ""bbox_xyxy"": [786.003, 341.168, 796.728, 388.606]}, {""candidate_id"": ""C9"", ""bbox_xyxy"": [795.257, 344.946, 807.181, 389.831]}]",data/object_detections/2026_03_03_17_49_08_d7aacfa3/masks/FL/2026_03_03_17_49_08_d7aacfa3_f000736_fl_car_008.png,urban,day,sun_glare
P0452,data/camera_splits/2026_03_03_17_49_08_d7aacfa3/FL/fl_000833.jpg,data/camera_splits/2026_03_03_17_49_08_d7aacfa3/RL/rl_000872.jpg,"[594.863, 344.411, 742.553, 398.043]","[{""candidate_id"": ""C1"", ""bbox_xyxy"": [7.166, 293.595, 162.423, 356.901]}, {""candidate_id"": ""C2"", ""bbox_xyxy"": [290.574, 325.138, 307.973, 337.812]}, {""candidate_id"": ""C3"", ""bbox_xyxy"": [323.388, 316.188, 477.883, 414.798]}, {""candidate_id"": ""C4"", ""bbox_xyxy"": [325.998, 326.091, 338.672, 338.17]}, {""candidate_id"": ""C5"", ""bbox_xyxy"": [476.125, 337.029, 513.507, 364.754]}, {""candidate_id"": ""C6"", ""bbox_xyxy"": [531.505, 331.748, 549.934, 376.048]}, {""candidate_id"": ""C7"", ""bbox_xyxy"": [531.548, 331.855, 549.424, 368.297]}, {""candidate_id"": ""C8"", ""bbox_xyxy"": [532.115, 347.399, 550.463, 377.232]}, {""candidate_id"": ""C9"", ""bbox_xyxy"": [705.239, 337.568, 717.109, 372.647]}, {""candidate_id"": ""C10"", ""bbox_xyxy"": [713.547, 349.201, 960.0, 446.11]}]",data/object_detections/2026_03_03_17_49_08_d7aacfa3/masks/FL/2026_03_03_17_49_08_d7aacfa3_f000833_fl_car_004.png,urban,day,sun_glare
P0453,data/camera_splits/2026_03_03_17_49_08_d7aacfa3/FL/fl_000833.jpg,data/camera_splits/2026_03_03_17_49_08_d7aacfa3/RL/rl_000880.jpg,"[594.863, 344.411, 742.553, 398.043]","[{""candidate_id"": ""C1"", ""bbox_xyxy"": [20.868, 296.547, 122.686, 343.607]}, {""candidate_id"": ""C2"", ""bbox_xyxy"": [163.166, 308.593, 229.383, 348.608]}, {""candidate_id"": ""C3"", ""bbox_xyxy"": [270.684, 318.74, 302.407, 342.958]}, {""candidate_id"": ""C4"", ""bbox_xyxy"": [323.344, 316.2, 476.861, 414.332]}, {""candidate_id"": ""C5"", ""bbox_xyxy"": [505.818, 340.006, 570.793, 376.886]}, {""candidate_id"": ""C6"", ""bbox_xyxy"": [588.04, 331.298, 596.919, 360.706]}, {""candidate_id"": ""C7"", ""bbox_xyxy"": [592.985, 356.629, 629.131, 401.784]}, {""candidate_id"": ""C8"", ""bbox_xyxy"": [596.258, 333.148, 624.236, 386.157]}, {""candidate_id"": ""C9"", ""bbox_xyxy"": [596.542, 332.932, 624.368, 386.675]}, {""candidate_id"": ""C10"", ""bbox_xyxy"": [705.233, 337.522, 716.475, 372.792]}]",data/object_detections/2026_03_03_17_49_08_d7aacfa3/masks/FL/2026_03_03_17_49_08_d7aacfa3_f000833_fl_car_004.png,urban,day,sun_glare
P0454,data/camera_splits/2026_03_03_17_51_02_6131dcf9/FL/fl_000063.jpg,data/camera_splits/2026_03_03_17_51_02_6131dcf9/RL/rl_000092.jpg,"[632.411, 336.775, 792.288, 419.49]","[{""candidate_id"": ""C1"", ""bbox_xyxy"": [61.905, 299.509, 241.39, 387.3]}, {""candidate_id"": ""C2"", ""bbox_xyxy"": [229.804, 328.083, 253.867, 346.304]}, {""candidate_id"": ""C3"", ""bbox_xyxy"": [368.072, 330.088, 413.139, 364.198]}, {""candidate_id"": ""C4"", ""bbox_xyxy"": [411.204, 337.619, 423.535, 346.632]}, {""candidate_id"": ""C5"", ""bbox_xyxy"": [425.005, 335.645, 438.205, 354.768]}, {""candidate_id"": ""C6"", ""bbox_xyxy"": [434.545, 330.125, 469.403, 361.025]}, {""candidate_id"": ""C7"", ""bbox_xyxy"": [464.28, 331.792, 555.098, 393.382]}, {""candidate_id"": ""C8"", ""bbox_xyxy"": [612.874, 343.801, 678.847, 366.863]}, {""candidate_id"": ""C9"", ""bbox_xyxy"": [672.34, 326.98, 960.0, 449.588]}]",data/object_detections/2026_03_03_17_51_02_6131dcf9/masks/FL/2026_03_03_17_51_02_6131dcf9_f000063_fl_car_007.png,urban,day,sun_glare
P0455,data/camera_splits/2026_03_03_17_51_02_6131dcf9/FL/fl_000075.jpg,data/camera_splits/2026_03_03_17_51_02_6131dcf9/RL/rl_000109.jpg,"[629.642, 344.888, 754.043, 415.423]","[{""candidate_id"": ""C1"", ""bbox_xyxy"": [26.292, 303.708, 208.796, 392.434]}, {""candidate_id"": ""C2"", ""bbox_xyxy"": [218.725, 311.819, 303.57, 358.975]}, {""candidate_id"": ""C3"", ""bbox_xyxy"": [352.115, 324.368, 411.627, 370.277]}, {""candidate_id"": ""C4"", ""bbox_xyxy"": [406.888, 332.765, 417.29, 342.769]}, {""candidate_id"": ""C5"", ""bbox_xyxy"": [423.954, 329.409, 448.26, 353.036]}, {""candidate_id"": ""C6"", ""bbox_xyxy"": [445.131, 324.385, 498.805, 370.549]}, {""candidate_id"": ""C7"", ""bbox_xyxy"": [517.154, 327.206, 740.437, 432.11]}, {""candidate_id"": ""C8"", ""bbox_xyxy"": [675.162, 336.419, 731.425, 361.094]}, {""candidate_id"": ""C9"", ""bbox_xyxy"": [830.361, 276.579, 863.496, 325.372]}]",data/object_detections/2026_03_03_17_51_02_6131dcf9/masks/FL/2026_03_03_17_51_02_6131dcf9_f000075_fl_car_002.png,urban,day,sun_glare
P0456,data/camera_splits/2026_03_03_17_51_02_6131dcf9/FL/fl_000108.jpg,data/camera_splits/2026_03_03_17_51_02_6131dcf9/RL/rl_000151.jpg,"[21.087, 355.435, 198.31, 421.261]","[{""candidate_id"": ""C1"", ""bbox_xyxy"": [0.017, 309.801, 38.094, 345.53]}, {""candidate_id"": ""C2"", ""bbox_xyxy"": [17.152, 304.402, 202.243, 392.668]}, {""candidate_id"": ""C3"", ""bbox_xyxy"": [231.02, 321.433, 276.334, 350.258]}, {""candidate_id"": ""C4"", ""bbox_xyxy"": [365.045, 327.925, 410.853, 364.155]}, {""candidate_id"": ""C5"", ""bbox_xyxy"": [422.064, 331.913, 456.778, 358.987]}, {""candidate_id"": ""C6"", ""bbox_xyxy"": [455.375, 326.52, 526.314, 384.738]}, {""candidate_id"": ""C7"", ""bbox_xyxy"": [617.013, 347.455, 735.648, 396.907]}, {""candidate_id"": ""C8"", ""bbox_xyxy"": [759.888, 272.225, 839.194, 383.033]}, {""candidate_id"": ""C9"", ""bbox_xyxy"": [877.563, 381.244, 959.959, 454.864]}]",data/object_detections/2026_03_03_17_51_02_6131dcf9/masks/FL/2026_03_03_17_51_02_6131dcf9_f000108_fl_car_002.png,urban,day,sun_glare
P0457,data/camera_splits/2026_03_03_17_51_02_6131dcf9/FL/fl_000126.jpg,data/camera_splits/2026_03_03_17_51_02_6131dcf9/RL/rl_000089.jpg,"[39.101, 334.951, 264.571, 444.219]","[{""candidate_id"": ""C1"", ""bbox_xyxy"": [0.585, 292.944, 216.679, 396.253]}, {""candidate_id"": ""C2"", ""bbox_xyxy"": [208.265, 327.43, 243.478, 346.713]}, {""candidate_id"": ""C3"", ""bbox_xyxy"": [371.116, 330.068, 413.829, 362.398]}, {""candidate_id"": ""C4"", ""bbox_xyxy"": [433.13, 330.104, 465.519, 359.222]}, {""candidate_id"": ""C5"", ""bbox_xyxy"": [459.52, 330.803, 541.209, 385.999]}, {""candidate_id"": ""C6"", ""bbox_xyxy"": [614.6, 343.647, 641.16, 366.411]}, {""candidate_id"": ""C7"", ""bbox_xyxy"": [632.18, 327.601, 872.041, 438.881]}, {""candidate_id"": ""C8"", ""bbox_xyxy"": [796.29, 340.892, 898.917, 376.941]}]",data/object_detections/2026_03_03_17_51_02_6131dcf9/masks/FL/2026_03_03_17_51_02_6131dcf9_f000126_fl_car_004.png,urban,day,sun_glare
P0458,data/camera_splits/2026_03_03_17_51_02_6131dcf9/FL/fl_000135.jpg,data/camera_splits/2026_03_03_17_51_02_6131dcf9/RL/rl_000154.jpg,"[655.023, 350.021, 789.62, 422.432]","[{""candidate_id"": ""C1"", ""bbox_xyxy"": [20.169, 312.557, 86.724, 345.167]}, {""candidate_id"": ""C2"", ""bbox_xyxy"": [23.735, 308.846, 43.941, 344.482]}, {""candidate_id"": ""C3"", ""bbox_xyxy"": [137.25, 313.885, 171.607, 336.523]}, {""candidate_id"": ""C4"", ""bbox_xyxy"": [151.297, 314.824, 255.899, 372.555]}, {""candidate_id"": ""C5"", ""bbox_xyxy"": [254.998, 323.306, 291.875, 347.639]}, {""candidate_id"": ""C6"", ""bbox_xyxy"": [365.445, 327.907, 410.604, 363.202]}, {""candidate_id"": ""C7"", ""bbox_xyxy"": [420.41, 331.824, 454.116, 358.406]}, {""candidate_id"": ""C8"", ""bbox_xyxy"": [453.599, 325.753, 523.618, 383.641]}, {""candidate_id"": ""C9"", ""bbox_xyxy"": [588.469, 344.736, 683.104, 385.95]}, {""candidate_id"": ""C10"", ""bbox_xyxy"": [714.606, 279.572, 775.112, 374.621]}]",data/object_detections/2026_03_03_17_51_02_6131dcf9/masks/FL/2026_03_03_17_51_02_6131dcf9_f000135_fl_car_001.png,urban,day,sun_glare
P0459,data/camera_splits/2026_03_03_17_51_02_6131dcf9/FL/fl_000243.jpg,data/camera_splits/2026_03_03_17_51_02_6131dcf9/RL/rl_000273.jpg,"[576.642, 306.052, 727.123, 432.807]","[{""candidate_id"": ""C1"", ""bbox_xyxy"": [68.883, 320.721, 169.936, 377.802]}, {""candidate_id"": ""C2"", ""bbox_xyxy"": [87.536, 323.167, 264.142, 399.369]}, {""candidate_id"": ""C3"", ""bbox_xyxy"": [262.026, 314.779, 341.903, 375.522]}, {""candidate_id"": ""C4"", ""bbox_xyxy"": [341.626, 334.68, 353.172, 354.649]}, {""candidate_id"": ""C5"", ""bbox_xyxy"": [353.673, 334.611, 366.175, 344.144]}, {""candidate_id"": ""C6"", ""bbox_xyxy"": [358.335, 325.708, 417.653, 380.512]}, {""candidate_id"": ""C7"", ""bbox_xyxy"": [472.142, 331.786, 477.026, 344.846]}]",data/object_detections/2026_03_03_17_51_02_6131dcf9/masks/FL/2026_03_03_17_51_02_6131dcf9_f000243_fl_delivery_van_003.png,urban,day,sun_glare
P0460,data/camera_splits/2026_03_03_17_51_02_6131dcf9/FL/fl_000246.jpg,data/camera_splits/2026_03_03_17_51_02_6131dcf9/RL/rl_000270.jpg,"[600.066, 281.67, 856.623, 468.487]","[{""candidate_id"": ""C1"", ""bbox_xyxy"": [0.061, 304.663, 216.202, 412.262]}, {""candidate_id"": ""C2"", ""bbox_xyxy"": [196.88, 315.829, 228.922, 356.716]}, {""candidate_id"": ""C3"", ""bbox_xyxy"": [222.341, 298.972, 330.892, 374.9]}, {""candidate_id"": ""C4"", ""bbox_xyxy"": [330.826, 323.87, 350.689, 345.268]}, {""candidate_id"": ""C5"", ""bbox_xyxy"": [355.465, 315.601, 416.938, 372.442]}, {""candidate_id"": ""C6"", ""bbox_xyxy"": [474.74, 321.155, 479.795, 335.192]}]",data/object_detections/2026_03_03_17_51_02_6131dcf9/masks/FL/2026_03_03_17_51_02_6131dcf9_f000246_fl_delivery_van_001.png,urban,day,sun_glare
P0461,data/camera_splits/2026_03_03_17_51_02_6131dcf9/FL/fl_000281.jpg,data/camera_splits/2026_03_03_17_51_02_6131dcf9/RL/rl_000239.jpg,"[262.702, 350.018, 394.61, 429.906]","[{""candidate_id"": ""C1"", ""bbox_xyxy"": [103.1, 307.924, 140.588, 326.64]}, {""candidate_id"": ""C2"", ""bbox_xyxy"": [130.808, 282.412, 200.395, 325.59]}, {""candidate_id"": ""C3"", ""bbox_xyxy"": [137.924, 314.466, 187.25, 337.136]}, {""candidate_id"": ""C4"", ""bbox_xyxy"": [216.426, 315.857, 221.329, 329.302]}, {""candidate_id"": ""C5"", ""bbox_xyxy"": [227.726, 317.995, 233.226, 330.243]}, {""candidate_id"": ""C6"", ""bbox_xyxy"": [258.108, 317.954, 281.503, 331.145]}, {""candidate_id"": ""C7"", ""bbox_xyxy"": [273.981, 319.018, 316.22, 345.277]}, {""candidate_id"": ""C8"", ""bbox_xyxy"": [307.065, 320.191, 357.949, 353.208]}, {""candidate_id"": ""C9"", ""bbox_xyxy"": [367.36, 311.892, 450.16, 389.725]}, {""candidate_id"": ""C10"", ""bbox_xyxy"": [502.505, 331.311, 616.018, 400.872]}, {""candidate_id"": ""C11"", ""bbox_xyxy"": [553.108, 322.023, 563.126, 332.941]}]",data/object_detections/2026_03_03_17_51_02_6131dcf9/masks/FL/2026_03_03_17_51_02_6131dcf9_f000281_fl_car_001.png,urban,day,sun_glare
P0462,data/camera_splits/2026_03_03_17_51_02_6131dcf9/FL/fl_000373.jpg,data/camera_splits/2026_03_03_17_51_02_6131dcf9/RL/rl_000396.jpg,"[801.675, 352.824, 960.0, 424.945]","[{""candidate_id"": ""C1"", ""bbox_xyxy"": [0.0, 333.664, 43.607, 385.677]}, {""candidate_id"": ""C2"", ""bbox_xyxy"": [0.006, 308.589, 37.703, 374.252]}, {""candidate_id"": ""C3"", ""bbox_xyxy"": [48.476, 309.856, 142.493, 361.332]}, {""candidate_id"": ""C4"", ""bbox_xyxy"": [191.208, 320.582, 201.049, 341.995]}, {""candidate_id"": ""C5"", ""bbox_xyxy"": [224.184, 325.994, 263.886, 383.021]}, {""candidate_id"": ""C6"", ""bbox_xyxy"": [231.569, 345.493, 262.869, 383.027]}, {""candidate_id"": ""C7"", ""bbox_xyxy"": [237.479, 309.638, 267.174, 371.895]}, {""candidate_id"": ""C8"", ""bbox_xyxy"": [281.533, 327.451, 311.126, 346.492]}, {""candidate_id"": ""C9"", ""bbox_xyxy"": [310.591, 326.717, 341.793, 349.341]}, {""candidate_id"": ""C10"", ""bbox_xyxy"": [371.19, 323.938, 404.026, 355.163]}, {""candidate_id"": ""C11"", ""bbox_xyxy"": [405.639, 330.664, 423.951, 345.66]}, {""candidate_id"": ""C12"", ""bbox_xyxy"": [438.427, 328.489, 452.808, 342.382]}, {""candidate_id"": ""C13"", ""bbox_xyxy"": [763.908, 318.882, 960.0, 424.807]}]",data/object_detections/2026_03_03_17_51_02_6131dcf9/masks/FL/2026_03_03_17_51_02_6131dcf9_f000373_fl_delivery_van_004.png,urban,day,sun_glare
P0463,data/camera_splits/2026_03_03_17_51_02_6131dcf9/FL/fl_000381.jpg,data/camera_splits/2026_03_03_17_51_02_6131dcf9/RL/rl_000389.jpg,"[612.626, 353.749, 747.199, 431.215]","[{""candidate_id"": ""C1"", ""bbox_xyxy"": [76.735, 318.148, 91.312, 347.089]}, {""candidate_id"": ""C2"", ""bbox_xyxy"": [129.473, 315.352, 257.82, 388.153]}, {""candidate_id"": ""C3"", ""bbox_xyxy"": [258.785, 325.322, 283.356, 341.651]}, {""candidate_id"": ""C4"", ""bbox_xyxy"": [287.388, 322.297, 329.779, 350.653]}, {""candidate_id"": ""C5"", ""bbox_xyxy"": [368.619, 323.261, 401.065, 354.27]}, {""candidate_id"": ""C6"", ""bbox_xyxy"": [404.462, 330.72, 422.735, 345.636]}, {""candidate_id"": ""C7"", ""bbox_xyxy"": [447.134, 328.747, 464.655, 345.158]}]",data/object_detections/2026_03_03_17_51_02_6131dcf9/masks/FL/2026_03_03_17_51_02_6131dcf9_f000381_fl_car_001.png,urban,day,sun_glare
P0464,data/camera_splits/2026_03_03_17_51_02_6131dcf9/FL/fl_000382.jpg,data/camera_splits/2026_03_03_17_51_02_6131dcf9/RL/rl_000407.jpg,"[86.595, 330.313, 251.972, 397.864]","[{""candidate_id"": ""C1"", ""bbox_xyxy"": [89.009, 328.843, 131.768, 375.673]}, {""candidate_id"": ""C2"", ""bbox_xyxy"": [229.938, 321.824, 259.688, 347.825]}, {""candidate_id"": ""C3"", ""bbox_xyxy"": [283.354, 325.06, 326.949, 356.824]}, {""candidate_id"": ""C4"", ""bbox_xyxy"": [335.64, 329.285, 349.946, 339.834]}, {""candidate_id"": ""C5"", ""bbox_xyxy"": [351.083, 329.184, 358.488, 345.224]}, {""candidate_id"": ""C6"", ""bbox_xyxy"": [373.675, 325.602, 406.99, 357.7]}, {""candidate_id"": ""C7"", ""bbox_xyxy"": [408.315, 331.769, 426.552, 347.274]}, {""candidate_id"": ""C8"", ""bbox_xyxy"": [431.377, 329.528, 442.581, 340.529]}, {""candidate_id"": ""C9"", ""bbox_xyxy"": [516.233, 328.802, 591.4, 360.562]}]",data/object_detections/2026_03_03_17_51_02_6131dcf9/masks/FL/2026_03_03_17_51_02_6131dcf9_f000382_fl_car_003.png,urban,day,sun_glare
P0465,data/camera_splits/2026_03_03_17_51_02_6131dcf9/FL/fl_000476.jpg,data/camera_splits/2026_03_03_17_51_02_6131dcf9/RL/rl_000522.jpg,"[689.379, 339.322, 802.613, 399.999]","[{""candidate_id"": ""C1"", ""bbox_xyxy"": [0.024, 276.622, 72.535, 366.421]}, {""candidate_id"": ""C2"", ""bbox_xyxy"": [52.966, 289.439, 156.49, 357.971]}, {""candidate_id"": ""C3"", ""bbox_xyxy"": [141.537, 301.639, 211.275, 351.256]}, {""candidate_id"": ""C4"", ""bbox_xyxy"": [415.846, 331.528, 447.648, 356.802]}, {""candidate_id"": ""C5"", ""bbox_xyxy"": [539.835, 327.918, 552.636, 368.236]}, {""candidate_id"": ""C6"", ""bbox_xyxy"": [541.4, 327.579, 552.749, 368.194]}]",data/object_detections/2026_03_03_17_51_02_6131dcf9/masks/FL/2026_03_03_17_51_02_6131dcf9_f000476_fl_delivery_van_002.png,urban,day,sun_glare
P0466,data/camera_splits/2026_03_03_17_51_02_6131dcf9/FL/fl_000476.jpg,data/camera_splits/2026_03_03_17_51_02_6131dcf9/RL/rl_000526.jpg,"[642.039, 343.358, 691.817, 389.381]","[{""candidate_id"": ""C1"", ""bbox_xyxy"": [0.024, 282.038, 111.77, 363.961]}, {""candidate_id"": ""C2"", ""bbox_xyxy"": [99.723, 295.998, 177.014, 354.635]}, {""candidate_id"": ""C3"", ""bbox_xyxy"": [162.445, 306.004, 222.169, 349.665]}, {""candidate_id"": ""C4"", ""bbox_xyxy"": [352.08, 321.613, 397.163, 363.221]}, {""candidate_id"": ""C5"", ""bbox_xyxy"": [413.201, 332.304, 446.971, 359.192]}, {""candidate_id"": ""C6"", ""bbox_xyxy"": [522.818, 326.578, 535.953, 363.209]}]",data/object_detections/2026_03_03_17_51_02_6131dcf9/masks/FL/2026_03_03_17_51_02_6131dcf9_f000476_fl_delivery_van_005.png,urban,day,sun_glare
P0467,data/camera_splits/2026_03_03_17_51_02_6131dcf9/FL/fl_000479.jpg,data/camera_splits/2026_03_03_17_51_02_6131dcf9/RL/rl_000526.jpg,"[633.475, 345.572, 673.126, 387.586]","[{""candidate_id"": ""C1"", ""bbox_xyxy"": [0.024, 282.038, 111.77, 363.961]}, {""candidate_id"": ""C2"", ""bbox_xyxy"": [99.723, 295.998, 177.014, 354.635]}, {""candidate_id"": ""C3"", ""bbox_xyxy"": [162.445, 306.004, 222.169, 349.665]}, {""candidate_id"": ""C4"", ""bbox_xyxy"": [352.08, 321.613, 397.163, 363.221]}, {""candidate_id"": ""C5"", ""bbox_xyxy"": [413.201, 332.304, 446.971, 359.192]}, {""candidate_id"": ""C6"", ""bbox_xyxy"": [522.818, 326.578, 535.953, 363.209]}]",data/object_detections/2026_03_03_17_51_02_6131dcf9/masks/FL/2026_03_03_17_51_02_6131dcf9_f000479_fl_delivery_van_006.png,urban,day,sun_glare
P0468,data/camera_splits/2026_03_03_17_51_02_6131dcf9/FL/fl_000608.jpg,data/camera_splits/2026_03_03_17_51_02_6131dcf9/RL/rl_000639.jpg,"[684.767, 355.41, 824.261, 423.204]","[{""candidate_id"": ""C1"", ""bbox_xyxy"": [34.032, 299.891, 135.539, 350.974]}, {""candidate_id"": ""C2"", ""bbox_xyxy"": [52.465, 312.848, 190.681, 377.842]}, {""candidate_id"": ""C3"", ""bbox_xyxy"": [128.268, 300.218, 200.324, 346.058]}, {""candidate_id"": ""C4"", ""bbox_xyxy"": [190.493, 305.943, 231.382, 346.129]}, {""candidate_id"": ""C5"", ""bbox_xyxy"": [261.816, 292.584, 466.487, 414.572]}, {""candidate_id"": ""C6"", ""bbox_xyxy"": [268.39, 322.292, 275.347, 341.331]}, {""candidate_id"": ""C7"", ""bbox_xyxy"": [478.592, 327.323, 501.622, 372.354]}, {""candidate_id"": ""C8"", ""bbox_xyxy"": [480.712, 347.265, 500.576, 383.6]}, {""candidate_id"": ""C9"", ""bbox_xyxy"": [522.351, 330.257, 536.74, 365.645]}, {""candidate_id"": ""C10"", ""bbox_xyxy"": [731.515, 320.86, 959.883, 454.075]}]",data/object_detections/2026_03_03_17_51_02_6131dcf9/masks/FL/2026_03_03_17_51_02_6131dcf9_f000608_fl_car_002.png,urban,day,sun_glare
P0469,data/camera_splits/2026_03_03_17_51_02_6131dcf9/FL/fl_000835.jpg,data/camera_splits/2026_03_03_17_51_02_6131dcf9/RL/rl_000857.jpg,"[613.913, 356.441, 723.751, 414.378]","[{""candidate_id"": ""C1"", ""bbox_xyxy"": [22.142, 96.143, 92.001, 205.006]}, {""candidate_id"": ""C2"", ""bbox_xyxy"": [75.443, 314.301, 228.383, 382.242]}, {""candidate_id"": ""C3"", ""bbox_xyxy"": [133.848, 300.931, 209.827, 331.373]}, {""candidate_id"": ""C4"", ""bbox_xyxy"": [230.916, 320.502, 236.671, 332.29]}, {""candidate_id"": ""C5"", ""bbox_xyxy"": [367.552, 319.872, 435.491, 383.905]}, {""candidate_id"": ""C6"", ""bbox_xyxy"": [437.843, 316.196, 491.139, 409.142]}, {""candidate_id"": ""C7"", ""bbox_xyxy"": [439.165, 346.456, 479.808, 413.748]}, {""candidate_id"": ""C8"", ""bbox_xyxy"": [604.216, 331.739, 624.65, 384.954]}, {""candidate_id"": ""C9"", ""bbox_xyxy"": [653.577, 339.855, 960.0, 454.333]}]",data/object_detections/2026_03_03_17_51_02_6131dcf9/masks/FL/2026_03_03_17_51_02_6131dcf9_f000835_fl_car_001.png,urban,day,sun_glare
P0470,data/camera_splits/2026_03_03_17_51_02_6131dcf9/FL/fl_000875.jpg,data/camera_splits/2026_03_03_17_51_02_6131dcf9/RL/rl_000890.jpg,"[657.583, 345.388, 870.585, 426.054]","[{""candidate_id"": ""C1"", ""bbox_xyxy"": [0.0, 102.441, 48.924, 213.908]}, {""candidate_id"": ""C2"", ""bbox_xyxy"": [23.557, 303.738, 33.154, 338.728]}, {""candidate_id"": ""C3"", ""bbox_xyxy"": [81.008, 309.438, 232.988, 375.384]}, {""candidate_id"": ""C4"", ""bbox_xyxy"": [277.035, 319.927, 316.216, 345.049]}, {""candidate_id"": ""C5"", ""bbox_xyxy"": [396.439, 312.858, 422.637, 358.922]}, {""candidate_id"": ""C6"", ""bbox_xyxy"": [397.465, 332.539, 420.025, 370.035]}, {""candidate_id"": ""C7"", ""bbox_xyxy"": [499.16, 318.853, 626.645, 396.233]}, {""candidate_id"": ""C8"", ""bbox_xyxy"": [800.156, 331.083, 858.233, 366.197]}, {""candidate_id"": ""C9"", ""bbox_xyxy"": [819.808, 308.006, 842.919, 362.845]}, {""candidate_id"": ""C10"", ""bbox_xyxy"": [881.812, 321.456, 930.84, 379.549]}, {""candidate_id"": ""C11"", ""bbox_xyxy"": [888.942, 312.2, 919.115, 368.027]}]",data/object_detections/2026_03_03_17_51_02_6131dcf9/masks/FL/2026_03_03_17_51_02_6131dcf9_f000875_fl_car_003.png,urban,day,sun_glare
P0471,data/camera_splits/2026_03_03_17_51_02_6131dcf9/FL/fl_001422.jpg,data/camera_splits/2026_03_03_17_51_02_6131dcf9/RL/rl_001462.jpg,"[588.612, 348.601, 751.818, 441.981]","[{""candidate_id"": ""C1"", ""bbox_xyxy"": [67.095, 305.358, 102.122, 326.164]}, {""candidate_id"": ""C2"", ""bbox_xyxy"": [112.67, 312.763, 186.514, 356.885]}, {""candidate_id"": ""C3"", ""bbox_xyxy"": [135.972, 312.402, 296.808, 391.301]}, {""candidate_id"": ""C4"", ""bbox_xyxy"": [294.95, 333.013, 356.509, 412.968]}, {""candidate_id"": ""C5"", ""bbox_xyxy"": [296.313, 297.54, 358.18, 408.024]}, {""candidate_id"": ""C6"", ""bbox_xyxy"": [381.103, 317.113, 434.574, 366.85]}, {""candidate_id"": ""C7"", ""bbox_xyxy"": [478.946, 320.496, 607.936, 418.753]}]",data/object_detections/2026_03_03_17_51_02_6131dcf9/masks/FL/2026_03_03_17_51_02_6131dcf9_f001422_fl_car_002.png,urban,day,sun_glare
P0472,data/camera_splits/2026_03_03_17_51_02_6131dcf9/FL/fl_001425.jpg,data/camera_splits/2026_03_03_17_51_02_6131dcf9/RL/rl_001445.jpg,"[742.755, 359.785, 893.799, 444.81]","[{""candidate_id"": ""C1"", ""bbox_xyxy"": [0.015, 254.243, 48.281, 312.338]}, {""candidate_id"": ""C2"", ""bbox_xyxy"": [32.441, 298.553, 53.901, 339.006]}, {""candidate_id"": ""C3"", ""bbox_xyxy"": [37.493, 307.87, 177.651, 373.974]}, {""candidate_id"": ""C4"", ""bbox_xyxy"": [223.769, 324.394, 241.126, 343.31]}, {""candidate_id"": ""C5"", ""bbox_xyxy"": [226.841, 322.651, 328.463, 415.296]}, {""candidate_id"": ""C6"", ""bbox_xyxy"": [227.296, 322.425, 328.643, 415.559]}, {""candidate_id"": ""C7"", ""bbox_xyxy"": [228.175, 277.235, 329.436, 414.341]}, {""candidate_id"": ""C8"", ""bbox_xyxy"": [228.281, 347.151, 294.696, 415.187]}, {""candidate_id"": ""C9"", ""bbox_xyxy"": [326.159, 325.483, 341.571, 336.941]}, {""candidate_id"": ""C10"", ""bbox_xyxy"": [360.052, 313.984, 436.436, 384.726]}, {""candidate_id"": ""C11"", ""bbox_xyxy"": [498.875, 322.751, 675.618, 428.615]}]",data/object_detections/2026_03_03_17_51_02_6131dcf9/masks/FL/2026_03_03_17_51_02_6131dcf9_f001425_fl_car_002.png,urban,day,sun_glare
P0473,data/camera_splits/2026_03_03_17_51_02_6131dcf9/FL/fl_001425.jpg,data/camera_splits/2026_03_03_17_51_02_6131dcf9/RL/rl_001446.jpg,"[742.755, 359.785, 893.799, 444.81]","[{""candidate_id"": ""C1"", ""bbox_xyxy"": [44.151, 299.832, 65.073, 341.105]}, {""candidate_id"": ""C2"", ""bbox_xyxy"": [81.995, 310.532, 199.258, 368.773]}, {""candidate_id"": ""C3"", ""bbox_xyxy"": [232.062, 317.098, 329.877, 415.356]}, {""candidate_id"": ""C4"", ""bbox_xyxy"": [232.307, 319.425, 330.029, 415.57]}, {""candidate_id"": ""C5"", ""bbox_xyxy"": [233.004, 278.939, 330.817, 414.534]}, {""candidate_id"": ""C6"", ""bbox_xyxy"": [238.495, 305.901, 251.121, 324.996]}, {""candidate_id"": ""C7"", ""bbox_xyxy"": [349.471, 308.377, 373.623, 332.538]}, {""candidate_id"": ""C8"", ""bbox_xyxy"": [360.947, 314.436, 436.002, 383.471]}, {""candidate_id"": ""C9"", ""bbox_xyxy"": [497.741, 323.072, 671.227, 428.827]}]",data/object_detections/2026_03_03_17_51_02_6131dcf9/masks/FL/2026_03_03_17_51_02_6131dcf9_f001425_fl_car_002.png,urban,day,sun_glare
P0474,data/camera_splits/2026_03_03_17_51_02_6131dcf9/FL/fl_001538.jpg,data/camera_splits/2026_03_03_17_51_02_6131dcf9/RL/rl_001559.jpg,"[620.123, 327.61, 786.956, 443.336]","[{""candidate_id"": ""C1"", ""bbox_xyxy"": [55.936, 313.253, 146.62, 351.777]}, {""candidate_id"": ""C2"", ""bbox_xyxy"": [165.986, 306.921, 287.477, 379.996]}, {""candidate_id"": ""C3"", ""bbox_xyxy"": [176.593, 324.731, 190.491, 335.267]}, {""candidate_id"": ""C4"", ""bbox_xyxy"": [287.588, 324.512, 327.294, 360.897]}, {""candidate_id"": ""C5"", ""bbox_xyxy"": [344.508, 329.399, 370.293, 347.504]}, {""candidate_id"": ""C6"", ""bbox_xyxy"": [387.568, 330.789, 406.658, 346.955]}, {""candidate_id"": ""C7"", ""bbox_xyxy"": [448.031, 330.881, 461.581, 337.991]}]",data/object_detections/2026_03_03_17_51_02_6131dcf9/masks/FL/2026_03_03_17_51_02_6131dcf9_f001538_fl_delivery_van_003.png,urban,day,sun_glare
P0475,data/camera_splits/2026_03_03_17_51_02_6131dcf9/FL/fl_001758.jpg,data/camera_splits/2026_03_03_17_51_02_6131dcf9/RL/rl_001818.jpg,"[401.454, 343.202, 497.774, 418.74]","[{""candidate_id"": ""C1"", ""bbox_xyxy"": [112.44, 321.226, 125.073, 351.88]}, {""candidate_id"": ""C2"", ""bbox_xyxy"": [153.536, 326.517, 166.874, 360.731]}, {""candidate_id"": ""C3"", ""bbox_xyxy"": [273.036, 331.741, 277.82, 344.894]}, {""candidate_id"": ""C4"", ""bbox_xyxy"": [281.229, 331.512, 286.177, 344.243]}, {""candidate_id"": ""C5"", ""bbox_xyxy"": [409.54, 332.916, 441.399, 359.95]}, {""candidate_id"": ""C6"", ""bbox_xyxy"": [450.568, 331.715, 519.893, 384.681]}, {""candidate_id"": ""C7"", ""bbox_xyxy"": [514.829, 325.311, 731.71, 430.466]}, {""candidate_id"": ""C8"", ""bbox_xyxy"": [779.951, 321.965, 960.0, 452.644]}]",data/object_detections/2026_03_03_17_51_02_6131dcf9/masks/FL/2026_03_03_17_51_02_6131dcf9_f001758_fl_car_001.png,urban,day,sun_glare
P0476,data/camera_splits/2026_03_03_17_51_02_6131dcf9/FL/fl_003185.jpg,data/camera_splits/2026_03_03_17_51_02_6131dcf9/RL/rl_003201.jpg,"[217.112, 351.057, 368.657, 424.42]","[{""candidate_id"": ""C1"", ""bbox_xyxy"": [85.07, 317.299, 225.044, 391.277]}, {""candidate_id"": ""C2"", ""bbox_xyxy"": [267.044, 327.843, 298.696, 351.377]}, {""candidate_id"": ""C3"", ""bbox_xyxy"": [331.703, 330.767, 355.123, 348.266]}, {""candidate_id"": ""C4"", ""bbox_xyxy"": [706.616, 320.406, 919.889, 396.682]}]",data/object_detections/2026_03_03_17_51_02_6131dcf9/masks/FL/2026_03_03_17_51_02_6131dcf9_f003185_fl_car_002.png,urban,day,sun_glare
P0477,data/camera_splits/2026_03_03_17_51_02_6131dcf9/FL/fl_003495.jpg,data/camera_splits/2026_03_03_17_51_02_6131dcf9/RL/rl_003528.jpg,"[532.073, 368.956, 577.868, 406.323]","[{""candidate_id"": ""C1"", ""bbox_xyxy"": [70.601, 299.725, 255.714, 408.631]}, {""candidate_id"": ""C2"", ""bbox_xyxy"": [252.4, 316.309, 310.171, 362.328]}, {""candidate_id"": ""C3"", ""bbox_xyxy"": [346.831, 312.981, 421.177, 374.261]}]",data/object_detections/2026_03_03_17_51_02_6131dcf9/masks/FL/2026_03_03_17_51_02_6131dcf9_f003495_fl_car_001.png,urban,day,sun_glare
P0478,data/camera_splits/2026_03_03_17_51_02_6131dcf9/FL/fl_003495.jpg,data/camera_splits/2026_03_03_17_51_02_6131dcf9/RL/rl_003528.jpg,"[599.936, 361.257, 754.941, 462.285]","[{""candidate_id"": ""C1"", ""bbox_xyxy"": [70.601, 299.725, 255.714, 408.631]}, {""candidate_id"": ""C2"", ""bbox_xyxy"": [252.4, 316.309, 310.171, 362.328]}, {""candidate_id"": ""C3"", ""bbox_xyxy"": [346.831, 312.981, 421.177, 374.261]}]",data/object_detections/2026_03_03_17_51_02_6131dcf9/masks/FL/2026_03_03_17_51_02_6131dcf9_f003495_fl_car_002.png,urban,day,sun_glare
P0479,data/camera_splits/2026_03_03_17_51_02_6131dcf9/FL/fl_004467.jpg,data/camera_splits/2026_03_03_17_51_02_6131dcf9/RL/rl_004531.jpg,"[357.839, 337.607, 435.823, 410.463]","[{""candidate_id"": ""C1"", ""bbox_xyxy"": [88.634, 309.084, 202.618, 369.028]}, {""candidate_id"": ""C2"", ""bbox_xyxy"": [236.646, 321.322, 320.852, 373.776]}, {""candidate_id"": ""C3"", ""bbox_xyxy"": [312.18, 329.507, 329.625, 347.616]}, {""candidate_id"": ""C4"", ""bbox_xyxy"": [374.043, 328.349, 394.976, 343.67]}, {""candidate_id"": ""C5"", ""bbox_xyxy"": [406.189, 322.159, 445.969, 361.688]}]",data/object_detections/2026_03_03_17_51_02_6131dcf9/masks/FL/2026_03_03_17_51_02_6131dcf9_f004467_fl_car_004.png,urban,day,sun_glare
P0480,data/camera_splits/2026_03_03_17_51_02_6131dcf9/FL/fl_004467.jpg,data/camera_splits/2026_03_03_17_51_02_6131dcf9/RL/rl_004531.jpg,"[581.378, 350.296, 641.889, 385.598]","[{""candidate_id"": ""C1"", ""bbox_xyxy"": [88.634, 309.084, 202.618, 369.028]}, {""candidate_id"": ""C2"", ""bbox_xyxy"": [236.646, 321.322, 320.852, 373.776]}, {""candidate_id"": ""C3"", ""bbox_xyxy"": [312.18, 329.507, 329.625, 347.616]}, {""candidate_id"": ""C4"", ""bbox_xyxy"": [374.043, 328.349, 394.976, 343.67]}, {""candidate_id"": ""C5"", ""bbox_xyxy"": [406.189, 322.159, 445.969, 361.688]}]",data/object_detections/2026_03_03_17_51_02_6131dcf9/masks/FL/2026_03_03_17_51_02_6131dcf9_f004467_fl_car_005.png,urban,day,sun_glare
P0481,data/camera_splits/2026_03_03_17_51_02_6131dcf9/FL/fl_004475.jpg,data/camera_splits/2026_03_03_17_51_02_6131dcf9/RL/rl_004538.jpg,"[328.549, 319.386, 446.987, 427.539]","[{""candidate_id"": ""C1"", ""bbox_xyxy"": [33.7, 272.502, 269.695, 410.389]}, {""candidate_id"": ""C2"", ""bbox_xyxy"": [303.771, 321.796, 345.752, 351.76]}, {""candidate_id"": ""C3"", ""bbox_xyxy"": [368.491, 324.634, 387.371, 339.384]}, {""candidate_id"": ""C4"", ""bbox_xyxy"": [399.685, 320.323, 429.688, 350.879]}]",data/object_detections/2026_03_03_17_51_02_6131dcf9/masks/FL/2026_03_03_17_51_02_6131dcf9_f004475_fl_car_004.png,urban,day,sun_glare
P0482,data/camera_splits/2026_03_03_17_51_02_6131dcf9/FL/fl_004482.jpg,data/camera_splits/2026_03_03_17_51_02_6131dcf9/RL/rl_004529.jpg,"[654.194, 349.018, 741.587, 399.564]","[{""candidate_id"": ""C1"", ""bbox_xyxy"": [47.145, 311.229, 185.604, 380.519]}, {""candidate_id"": ""C2"", ""bbox_xyxy"": [201.02, 323.856, 311.157, 388.61]}, {""candidate_id"": ""C3"", ""bbox_xyxy"": [305.902, 333.796, 335.0, 353.68]}, {""candidate_id"": ""C4"", ""bbox_xyxy"": [378.875, 333.025, 400.976, 348.911]}, {""candidate_id"": ""C5"", ""bbox_xyxy"": [411.057, 325.978, 453.907, 369.284]}]",data/object_detections/2026_03_03_17_51_02_6131dcf9/masks/FL/2026_03_03_17_51_02_6131dcf9_f004482_fl_car_002.png,urban,day,sun_glare
P0483,data/camera_splits/2026_03_03_17_51_02_6131dcf9/FL/fl_004483.jpg,data/camera_splits/2026_03_03_17_51_02_6131dcf9/RL/rl_004528.jpg,"[569.983, 352.085, 700.486, 430.029]","[{""candidate_id"": ""C1"", ""bbox_xyxy"": [12.223, 300.539, 169.474, 378.343]}, {""candidate_id"": ""C2"", ""bbox_xyxy"": [164.686, 314.763, 301.462, 390.062]}, {""candidate_id"": ""C3"", ""bbox_xyxy"": [302.802, 327.89, 337.303, 348.124]}, {""candidate_id"": ""C4"", ""bbox_xyxy"": [381.54, 327.508, 402.771, 343.178]}, {""candidate_id"": ""C5"", ""bbox_xyxy"": [413.627, 319.652, 458.487, 364.741]}]",data/object_detections/2026_03_03_17_51_02_6131dcf9/masks/FL/2026_03_03_17_51_02_6131dcf9_f004483_fl_car_001.png,urban,day,sun_glare
P0484,data/camera_splits/2026_03_03_17_51_02_6131dcf9/FL/fl_004483.jpg,data/camera_splits/2026_03_03_17_51_02_6131dcf9/RL/rl_004528.jpg,"[206.55, 293.685, 409.943, 462.775]","[{""candidate_id"": ""C1"", ""bbox_xyxy"": [12.223, 300.539, 169.474, 378.343]}, {""candidate_id"": ""C2"", ""bbox_xyxy"": [164.686, 314.763, 301.462, 390.062]}, {""candidate_id"": ""C3"", ""bbox_xyxy"": [302.802, 327.89, 337.303, 348.124]}, {""candidate_id"": ""C4"", ""bbox_xyxy"": [381.54, 327.508, 402.771, 343.178]}, {""candidate_id"": ""C5"", ""bbox_xyxy"": [413.627, 319.652, 458.487, 364.741]}]",data/object_detections/2026_03_03_17_51_02_6131dcf9/masks/FL/2026_03_03_17_51_02_6131dcf9_f004483_fl_car_002.png,urban,day,sun_glare
P0485,data/camera_splits/2026_03_03_17_51_02_6131dcf9/FL/fl_004521.jpg,data/camera_splits/2026_03_03_17_51_02_6131dcf9/RL/rl_004538.jpg,"[557.438, 342.132, 648.167, 406.884]","[{""candidate_id"": ""C1"", ""bbox_xyxy"": [33.7, 272.502, 269.695, 410.389]}, {""candidate_id"": ""C2"", ""bbox_xyxy"": [303.771, 321.796, 345.752, 351.76]}, {""candidate_id"": ""C3"", ""bbox_xyxy"": [368.491, 324.634, 387.371, 339.384]}, {""candidate_id"": ""C4"", ""bbox_xyxy"": [399.685, 320.323, 429.688, 350.879]}]",data/object_detections/2026_03_03_17_51_02_6131dcf9/masks/FL/2026_03_03_17_51_02_6131dcf9_f004521_fl_car_002.png,urban,day,sun_glare
P0486,data/camera_splits/2026_03_03_17_51_02_6131dcf9/FL/fl_004539.jpg,data/camera_splits/2026_03_03_17_51_02_6131dcf9/RL/rl_004608.jpg,"[688.219, 357.884, 876.641, 422.284]","[{""candidate_id"": ""C1"", ""bbox_xyxy"": [142.382, 319.737, 256.791, 358.657]}, {""candidate_id"": ""C2"", ""bbox_xyxy"": [258.235, 322.955, 325.489, 365.741]}, {""candidate_id"": ""C3"", ""bbox_xyxy"": [348.278, 327.657, 362.807, 339.625]}, {""candidate_id"": ""C4"", ""bbox_xyxy"": [367.264, 328.813, 383.443, 344.446]}]",data/object_detections/2026_03_03_17_51_02_6131dcf9/masks/FL/2026_03_03_17_51_02_6131dcf9_f004539_fl_car_003.png,urban,day,sun_glare
P0487,data/camera_splits/2026_03_03_17_58_47_9ab5bd5e/FL/fl_000263.jpg,data/camera_splits/2026_03_03_17_58_47_9ab5bd5e/RL/rl_000336.jpg,"[574.464, 350.391, 625.765, 393.695]","[{""candidate_id"": ""C1"", ""bbox_xyxy"": [284.925, 321.329, 320.588, 346.891]}, {""candidate_id"": ""C2"", ""bbox_xyxy"": [327.531, 327.139, 359.595, 349.474]}, {""candidate_id"": ""C3"", ""bbox_xyxy"": [380.599, 327.419, 394.337, 338.571]}]",data/object_detections/2026_03_03_17_58_47_9ab5bd5e/masks/FL/2026_03_03_17_58_47_9ab5bd5e_f000263_fl_truck_003.png,suburban,day,sun_glare
P0488,data/camera_splits/2026_03_03_17_58_47_9ab5bd5e/FL/fl_000454.jpg,data/camera_splits/2026_03_03_17_58_47_9ab5bd5e/RL/rl_000496.jpg,"[528.744, 352.648, 615.498, 406.505]","[{""candidate_id"": ""C1"", ""bbox_xyxy"": [141.439, 302.521, 292.135, 396.953]}, {""candidate_id"": ""C2"", ""bbox_xyxy"": [298.594, 327.02, 344.767, 356.522]}, {""candidate_id"": ""C3"", ""bbox_xyxy"": [361.335, 332.388, 369.082, 338.818]}, {""candidate_id"": ""C4"", ""bbox_xyxy"": [376.644, 329.738, 397.304, 346.719]}]",data/object_detections/2026_03_03_17_58_47_9ab5bd5e/masks/FL/2026_03_03_17_58_47_9ab5bd5e_f000454_fl_car_001.png,suburban,day,sun_glare
P0489,data/camera_splits/2026_03_03_17_58_47_9ab5bd5e/FL/fl_000561.jpg,data/camera_splits/2026_03_03_17_58_47_9ab5bd5e/RL/rl_000587.jpg,"[384.758, 348.227, 448.568, 384.177]","[{""candidate_id"": ""C1"", ""bbox_xyxy"": [190.015, 299.049, 349.619, 390.954]}, {""candidate_id"": ""C2"", ""bbox_xyxy"": [423.104, 322.59, 473.178, 355.797]}, {""candidate_id"": ""C3"", ""bbox_xyxy"": [495.845, 331.698, 520.792, 348.396]}, {""candidate_id"": ""C4"", ""bbox_xyxy"": [547.465, 333.195, 564.836, 346.096]}]",data/object_detections/2026_03_03_17_58_47_9ab5bd5e/masks/FL/2026_03_03_17_58_47_9ab5bd5e_f000561_fl_car_001.png,suburban,day,sun_glare
P0490,data/camera_splits/2026_03_03_17_58_47_9ab5bd5e/FL/fl_000705.jpg,data/camera_splits/2026_03_03_17_58_47_9ab5bd5e/RL/rl_000748.jpg,"[319.244, 338.808, 388.645, 388.092]","[{""candidate_id"": ""C1"", ""bbox_xyxy"": [314.929, 324.123, 347.994, 356.874]}, {""candidate_id"": ""C2"", ""bbox_xyxy"": [372.391, 336.828, 396.507, 350.928]}, {""candidate_id"": ""C3"", ""bbox_xyxy"": [496.357, 314.405, 626.744, 379.424]}]",data/object_detections/2026_03_03_17_58_47_9ab5bd5e/masks/FL/2026_03_03_17_58_47_9ab5bd5e_f000705_fl_car_001.png,suburban,day,sun_glare
P0491,data/camera_splits/2026_03_03_17_58_47_9ab5bd5e/FL/fl_000715.jpg,data/camera_splits/2026_03_03_17_58_47_9ab5bd5e/RL/rl_000738.jpg,"[541.295, 347.831, 598.615, 400.66]","[{""candidate_id"": ""C1"", ""bbox_xyxy"": [237.971, 309.344, 314.528, 377.091]}, {""candidate_id"": ""C2"", ""bbox_xyxy"": [375.214, 336.348, 396.115, 349.811]}, {""candidate_id"": ""C3"", ""bbox_xyxy"": [567.812, 293.402, 902.149, 429.059]}]",data/object_detections/2026_03_03_17_58_47_9ab5bd5e/masks/FL/2026_03_03_17_58_47_9ab5bd5e_f000715_fl_car_005.png,suburban,day,sun_glare
P0492,data/camera_splits/2026_03_03_17_58_47_9ab5bd5e/FL/fl_000716.jpg,data/camera_splits/2026_03_03_17_58_47_9ab5bd5e/RL/rl_000744.jpg,"[546.868, 345.385, 611.037, 403.639]","[{""candidate_id"": ""C1"", ""bbox_xyxy"": [298.839, 319.753, 341.179, 360.266]}, {""candidate_id"": ""C2"", ""bbox_xyxy"": [372.048, 336.261, 395.402, 349.905]}, {""candidate_id"": ""C3"", ""bbox_xyxy"": [514.364, 307.981, 684.163, 387.731]}]",data/object_detections/2026_03_03_17_58_47_9ab5bd5e/masks/FL/2026_03_03_17_58_47_9ab5bd5e_f000716_fl_car_005.png,suburban,day,sun_glare
P0493,data/camera_splits/2026_03_03_17_58_47_9ab5bd5e/FL/fl_000719.jpg,data/camera_splits/2026_03_03_17_58_47_9ab5bd5e/RL/rl_000748.jpg,"[0.041, 273.987, 248.757, 461.964]","[{""candidate_id"": ""C1"", ""bbox_xyxy"": [314.929, 324.123, 347.994, 356.874]}, {""candidate_id"": ""C2"", ""bbox_xyxy"": [372.391, 336.828, 396.507, 350.928]}, {""candidate_id"": ""C3"", ""bbox_xyxy"": [496.357, 314.405, 626.744, 379.424]}]",data/object_detections/2026_03_03_17_58_47_9ab5bd5e/masks/FL/2026_03_03_17_58_47_9ab5bd5e_f000719_fl_car_001.png,suburban,day,sun_glare
P0494,data/camera_splits/2026_03_03_17_58_47_9ab5bd5e/FL/fl_000738.jpg,data/camera_splits/2026_03_03_17_58_47_9ab5bd5e/RL/rl_000771.jpg,"[529.065, 357.508, 596.631, 406.651]","[{""candidate_id"": ""C1"", ""bbox_xyxy"": [3.118, 301.395, 16.961, 323.814]}, {""candidate_id"": ""C2"", ""bbox_xyxy"": [267.175, 325.449, 329.646, 370.132]}, {""candidate_id"": ""C3"", ""bbox_xyxy"": [351.57, 335.58, 369.043, 352.167]}, {""candidate_id"": ""C4"", ""bbox_xyxy"": [374.915, 336.762, 398.511, 353.672]}, {""candidate_id"": ""C5"", ""bbox_xyxy"": [455.742, 328.488, 519.347, 363.1]}, {""candidate_id"": ""C6"", ""bbox_xyxy"": [574.883, 288.078, 606.562, 375.33]}]",data/object_detections/2026_03_03_17_58_47_9ab5bd5e/masks/FL/2026_03_03_17_58_47_9ab5bd5e_f000738_fl_car_003.png,suburban,day,sun_glare
P0495,data/camera_splits/2026_03_03_17_58_47_9ab5bd5e/FL/fl_000808.jpg,data/camera_splits/2026_03_03_17_58_47_9ab5bd5e/RL/rl_000831.jpg,"[0.0, 298.638, 192.108, 476.784]","[{""candidate_id"": ""C1"", ""bbox_xyxy"": [373.543, 331.937, 383.227, 342.905]}, {""candidate_id"": ""C2"", ""bbox_xyxy"": [379.964, 326.909, 408.574, 351.734]}, {""candidate_id"": ""C3"", ""bbox_xyxy"": [424.99, 329.968, 444.841, 342.403]}, {""candidate_id"": ""C4"", ""bbox_xyxy"": [578.472, 300.313, 875.278, 413.956]}, {""candidate_id"": ""C5"", ""bbox_xyxy"": [856.696, 332.621, 960.0, 457.089]}]",data/object_detections/2026_03_03_17_58_47_9ab5bd5e/masks/FL/2026_03_03_17_58_47_9ab5bd5e_f000808_fl_car_004.png,suburban,day,sun_glare
P0496,data/camera_splits/2026_03_03_17_58_47_9ab5bd5e/FL/fl_000819.jpg,data/camera_splits/2026_03_03_17_58_47_9ab5bd5e/RL/rl_000862.jpg,"[558.182, 369.28, 656.372, 431.119]","[{""candidate_id"": ""C1"", ""bbox_xyxy"": [33.118, 316.857, 186.044, 382.046]}, {""candidate_id"": ""C2"", ""bbox_xyxy"": [297.372, 323.461, 343.799, 356.268]}, {""candidate_id"": ""C3"", ""bbox_xyxy"": [375.009, 324.519, 401.942, 345.71]}]",data/object_detections/2026_03_03_17_58_47_9ab5bd5e/masks/FL/2026_03_03_17_58_47_9ab5bd5e_f000819_fl_car_001.png,suburban,day,sun_glare
P0497,data/camera_splits/2026_03_03_17_58_47_9ab5bd5e/FL/fl_000833.jpg,data/camera_splits/2026_03_03_17_58_47_9ab5bd5e/RL/rl_000872.jpg,"[706.344, 355.15, 876.894, 429.216]","[{""candidate_id"": ""C1"", ""bbox_xyxy"": [0.0, 291.503, 170.275, 415.111]}, {""candidate_id"": ""C2"", ""bbox_xyxy"": [220.587, 325.351, 273.789, 356.099]}, {""candidate_id"": ""C3"", ""bbox_xyxy"": [328.1, 328.763, 357.507, 350.112]}, {""candidate_id"": ""C4"", ""bbox_xyxy"": [375.713, 327.506, 400.925, 348.442]}, {""candidate_id"": ""C5"", ""bbox_xyxy"": [423.283, 328.827, 464.319, 345.935]}]",data/object_detections/2026_03_03_17_58_47_9ab5bd5e/masks/FL/2026_03_03_17_58_47_9ab5bd5e_f000833_fl_car_001.png,suburban,day,sun_glare
P0498,data/camera_splits/2026_03_03_17_58_47_9ab5bd5e/FL/fl_000850.jpg,data/camera_splits/2026_03_03_17_58_47_9ab5bd5e/RL/rl_000883.jpg,"[710.16, 363.306, 859.93, 435.787]","[{""candidate_id"": ""C1"", ""bbox_xyxy"": [54.776, 320.774, 203.206, 380.059]}, {""candidate_id"": ""C2"", ""bbox_xyxy"": [210.65, 323.82, 267.726, 357.772]}, {""candidate_id"": ""C3"", ""bbox_xyxy"": [295.513, 326.04, 338.278, 356.4]}, {""candidate_id"": ""C4"", ""bbox_xyxy"": [348.058, 329.755, 368.523, 344.842]}, {""candidate_id"": ""C5"", ""bbox_xyxy"": [380.077, 327.654, 403.563, 347.543]}, {""candidate_id"": ""C6"", ""bbox_xyxy"": [418.077, 329.841, 438.835, 342.723]}]",data/object_detections/2026_03_03_17_58_47_9ab5bd5e/masks/FL/2026_03_03_17_58_47_9ab5bd5e_f000850_fl_car_002.png,suburban,day,sun_glare
P0499,data/camera_splits/2026_03_03_17_58_47_9ab5bd5e/FL/fl_000858.jpg,data/camera_splits/2026_03_03_17_58_47_9ab5bd5e/RL/rl_000883.jpg,"[668.01, 364.307, 794.677, 425.065]","[{""candidate_id"": ""C1"", ""bbox_xyxy"": [54.776, 320.774, 203.206, 380.059]}, {""candidate_id"": ""C2"", ""bbox_xyxy"": [210.65, 323.82, 267.726, 357.772]}, {""candidate_id"": ""C3"", ""bbox_xyxy"": [295.513, 326.04, 338.278, 356.4]}, {""candidate_id"": ""C4"", ""bbox_xyxy"": [348.058, 329.755, 368.523, 344.842]}, {""candidate_id"": ""C5"", ""bbox_xyxy"": [380.077, 327.654, 403.563, 347.543]}, {""candidate_id"": ""C6"", ""bbox_xyxy"": [418.077, 329.841, 438.835, 342.723]}]",data/object_detections/2026_03_03_17_58_47_9ab5bd5e/masks/FL/2026_03_03_17_58_47_9ab5bd5e_f000858_fl_car_001.png,suburban,day,sun_glare
P0500,data/camera_splits/2026_03_03_17_58_47_9ab5bd5e/FL/fl_000861.jpg,data/camera_splits/2026_03_03_17_58_47_9ab5bd5e/RL/rl_000883.jpg,"[577.28, 359.14, 679.834, 426.868]","[{""candidate_id"": ""C1"", ""bbox_xyxy"": [54.776, 320.774, 203.206, 380.059]}, {""candidate_id"": ""C2"", ""bbox_xyxy"": [210.65, 323.82, 267.726, 357.772]}, {""candidate_id"": ""C3"", ""bbox_xyxy"": [295.513, 326.04, 338.278, 356.4]}, {""candidate_id"": ""C4"", ""bbox_xyxy"": [348.058, 329.755, 368.523, 344.842]}, {""candidate_id"": ""C5"", ""bbox_xyxy"": [380.077, 327.654, 403.563, 347.543]}, {""candidate_id"": ""C6"", ""bbox_xyxy"": [418.077, 329.841, 438.835, 342.723]}]",data/object_detections/2026_03_03_17_58_47_9ab5bd5e/masks/FL/2026_03_03_17_58_47_9ab5bd5e_f000861_fl_car_001.png,suburban,day,sun_glare
